24/12/30 17:00:34 WARN Utils: Your hostname, bidut-HP-Laptop-14s-fq1xxx resolves to a loopback address: 127.0.1.1; using 192.168.29.182 instead (on interface wlo1)
24/12/30 17:00:34 WARN Utils: Set SPARK_LOCAL_IP if you need to bind to another address
24/12/30 17:00:34 INFO SparkContext: Running Spark version 3.5.4
24/12/30 17:00:34 INFO SparkContext: OS info Linux, 5.15.0-126-generic, amd64
24/12/30 17:00:34 INFO SparkContext: Java version 11.0.25
24/12/30 17:00:34 WARN NativeCodeLoader: Unable to load native-hadoop library for your platform... using builtin-java classes where applicable
24/12/30 17:00:34 INFO ResourceUtils: ==============================================================
24/12/30 17:00:34 INFO ResourceUtils: No custom resources configured for spark.driver.
24/12/30 17:00:34 INFO ResourceUtils: ==============================================================
24/12/30 17:00:34 INFO SparkContext: Submitted application: Hello Spark
24/12/30 17:00:34 INFO ResourceProfile: Default ResourceProfile created, executor resources: Map(cores -> name: cores, amount: 1, script: , vendor: , memory -> name: memory, amount: 1024, script: , vendor: , offHeap -> name: offHeap, amount: 0, script: , vendor: ), task resources: Map(cpus -> name: cpus, amount: 1.0)
24/12/30 17:00:34 INFO ResourceProfile: Limiting resource is cpu
24/12/30 17:00:34 INFO ResourceProfileManager: Added ResourceProfile id: 0
24/12/30 17:00:34 INFO SecurityManager: Changing view acls to: bidut
24/12/30 17:00:34 INFO SecurityManager: Changing modify acls to: bidut
24/12/30 17:00:34 INFO SecurityManager: Changing view acls groups to: 
24/12/30 17:00:34 INFO SecurityManager: Changing modify acls groups to: 
24/12/30 17:00:34 INFO SecurityManager: SecurityManager: authentication disabled; ui acls disabled; users with view permissions: bidut; groups with view permissions: EMPTY; users with modify permissions: bidut; groups with modify permissions: EMPTY
24/12/30 17:00:35 INFO Utils: Successfully started service 'sparkDriver' on port 40427.
24/12/30 17:00:35 INFO SparkEnv: Registering MapOutputTracker
24/12/30 17:00:35 INFO SparkEnv: Registering BlockManagerMaster
24/12/30 17:00:35 INFO BlockManagerMasterEndpoint: Using org.apache.spark.storage.DefaultTopologyMapper for getting topology information
24/12/30 17:00:35 INFO BlockManagerMasterEndpoint: BlockManagerMasterEndpoint up
24/12/30 17:00:35 INFO SparkEnv: Registering BlockManagerMasterHeartbeat
24/12/30 17:00:35 INFO DiskBlockManager: Created local directory at /tmp/blockmgr-b49f9d51-2151-4e9b-9448-bbb902a92ebc
24/12/30 17:00:35 INFO MemoryStore: MemoryStore started with capacity 434.4 MiB
24/12/30 17:00:35 INFO SparkEnv: Registering OutputCommitCoordinator
24/12/30 17:00:35 INFO log: Logging initialized @2173ms to org.sparkproject.jetty.util.log.Slf4jLog
24/12/30 17:00:35 INFO JettyUtils: Start Jetty 0.0.0.0:4040 for SparkUI
24/12/30 17:00:35 INFO Server: jetty-9.4.56.v20240826; built: 2024-08-26T17:15:05.868Z; git: ec6782ff5ead824dabdcf47fa98f90a4aedff401; jvm 11.0.25+9-post-Ubuntu-1ubuntu120.04
24/12/30 17:00:35 INFO Server: Started @2309ms
24/12/30 17:00:35 WARN Utils: Service 'SparkUI' could not bind on port 4040. Attempting port 4041.
24/12/30 17:00:35 INFO AbstractConnector: Started ServerConnector@4751010a{HTTP/1.1, (http/1.1)}{0.0.0.0:4041}
24/12/30 17:00:35 INFO Utils: Successfully started service 'SparkUI' on port 4041.
24/12/30 17:00:35 INFO ContextHandler: Started o.s.j.s.ServletContextHandler@16654898{/,null,AVAILABLE,@Spark}
24/12/30 17:00:35 INFO Executor: Starting executor ID driver on host 192.168.29.182
24/12/30 17:00:35 INFO Executor: OS info Linux, 5.15.0-126-generic, amd64
24/12/30 17:00:35 INFO Executor: Java version 11.0.25
24/12/30 17:00:35 INFO Executor: Starting executor with user classpath (userClassPathFirst = false): ''
24/12/30 17:00:35 INFO Executor: Created or updated repl class loader org.apache.spark.util.MutableURLClassLoader@2602162d for default.
24/12/30 17:00:35 INFO Utils: Successfully started service 'org.apache.spark.network.netty.NettyBlockTransferService' on port 36623.
24/12/30 17:00:35 INFO NettyBlockTransferService: Server created on 192.168.29.182:36623
24/12/30 17:00:35 INFO BlockManager: Using org.apache.spark.storage.RandomBlockReplicationPolicy for block replication policy
24/12/30 17:00:35 INFO BlockManagerMaster: Registering BlockManager BlockManagerId(driver, 192.168.29.182, 36623, None)
24/12/30 17:00:35 INFO BlockManagerMasterEndpoint: Registering block manager 192.168.29.182:36623 with 434.4 MiB RAM, BlockManagerId(driver, 192.168.29.182, 36623, None)
24/12/30 17:00:35 INFO BlockManagerMaster: Registered BlockManager BlockManagerId(driver, 192.168.29.182, 36623, None)
24/12/30 17:00:35 INFO BlockManager: Initialized BlockManager: BlockManagerId(driver, 192.168.29.182, 36623, None)
24/12/30 17:00:35 INFO ContextHandler: Stopped o.s.j.s.ServletContextHandler@16654898{/,null,STOPPED,@Spark}
24/12/30 17:00:35 INFO ContextHandler: Started o.s.j.s.ServletContextHandler@364d351b{/jobs,null,AVAILABLE,@Spark}
24/12/30 17:00:35 INFO ContextHandler: Started o.s.j.s.ServletContextHandler@20a95545{/jobs/json,null,AVAILABLE,@Spark}
24/12/30 17:00:35 INFO ContextHandler: Started o.s.j.s.ServletContextHandler@4ebc7343{/jobs/job,null,AVAILABLE,@Spark}
24/12/30 17:00:35 INFO ContextHandler: Started o.s.j.s.ServletContextHandler@41542ff7{/jobs/job/json,null,AVAILABLE,@Spark}
24/12/30 17:00:35 INFO ContextHandler: Started o.s.j.s.ServletContextHandler@6049682d{/stages,null,AVAILABLE,@Spark}
24/12/30 17:00:35 INFO ContextHandler: Started o.s.j.s.ServletContextHandler@42fa55c2{/stages/json,null,AVAILABLE,@Spark}
24/12/30 17:00:35 INFO ContextHandler: Started o.s.j.s.ServletContextHandler@3bdabf7b{/stages/stage,null,AVAILABLE,@Spark}
24/12/30 17:00:35 INFO ContextHandler: Started o.s.j.s.ServletContextHandler@bba07b4{/stages/stage/json,null,AVAILABLE,@Spark}
24/12/30 17:00:35 INFO ContextHandler: Started o.s.j.s.ServletContextHandler@5c67beb8{/stages/pool,null,AVAILABLE,@Spark}
24/12/30 17:00:35 INFO ContextHandler: Started o.s.j.s.ServletContextHandler@5a143a57{/stages/pool/json,null,AVAILABLE,@Spark}
24/12/30 17:00:35 INFO ContextHandler: Started o.s.j.s.ServletContextHandler@4ecd7123{/storage,null,AVAILABLE,@Spark}
24/12/30 17:00:35 INFO ContextHandler: Started o.s.j.s.ServletContextHandler@742a54c2{/storage/json,null,AVAILABLE,@Spark}
24/12/30 17:00:35 INFO ContextHandler: Started o.s.j.s.ServletContextHandler@aee94f6{/storage/rdd,null,AVAILABLE,@Spark}
24/12/30 17:00:35 INFO ContextHandler: Started o.s.j.s.ServletContextHandler@1b6bebc9{/storage/rdd/json,null,AVAILABLE,@Spark}
24/12/30 17:00:35 INFO ContextHandler: Started o.s.j.s.ServletContextHandler@376335c5{/environment,null,AVAILABLE,@Spark}
24/12/30 17:00:35 INFO ContextHandler: Started o.s.j.s.ServletContextHandler@47c0df5e{/environment/json,null,AVAILABLE,@Spark}
24/12/30 17:00:35 INFO ContextHandler: Started o.s.j.s.ServletContextHandler@2157664{/executors,null,AVAILABLE,@Spark}
24/12/30 17:00:35 INFO ContextHandler: Started o.s.j.s.ServletContextHandler@4a1cd020{/executors/json,null,AVAILABLE,@Spark}
24/12/30 17:00:35 INFO ContextHandler: Started o.s.j.s.ServletContextHandler@7ae5efbd{/executors/threadDump,null,AVAILABLE,@Spark}
24/12/30 17:00:35 INFO ContextHandler: Started o.s.j.s.ServletContextHandler@63a7cef2{/executors/threadDump/json,null,AVAILABLE,@Spark}
24/12/30 17:00:35 INFO ContextHandler: Started o.s.j.s.ServletContextHandler@35ac91d7{/executors/heapHistogram,null,AVAILABLE,@Spark}
24/12/30 17:00:35 INFO ContextHandler: Started o.s.j.s.ServletContextHandler@139bcbe6{/executors/heapHistogram/json,null,AVAILABLE,@Spark}
24/12/30 17:00:35 INFO ContextHandler: Started o.s.j.s.ServletContextHandler@2a723560{/static,null,AVAILABLE,@Spark}
24/12/30 17:00:35 INFO ContextHandler: Started o.s.j.s.ServletContextHandler@46506897{/,null,AVAILABLE,@Spark}
24/12/30 17:00:35 INFO ContextHandler: Started o.s.j.s.ServletContextHandler@11071249{/api,null,AVAILABLE,@Spark}
24/12/30 17:00:35 INFO ContextHandler: Started o.s.j.s.ServletContextHandler@152c7e59{/jobs/job/kill,null,AVAILABLE,@Spark}
24/12/30 17:00:35 INFO ContextHandler: Started o.s.j.s.ServletContextHandler@450fe261{/stages/stage/kill,null,AVAILABLE,@Spark}
24/12/30 17:00:35 INFO ContextHandler: Started o.s.j.s.ServletContextHandler@1c48131c{/metrics/json,null,AVAILABLE,@Spark}
24/12/30 17:00:35 INFO Hello Spark: Starting HelloSpark
24/12/30 17:00:36 INFO SharedState: Setting hive.metastore.warehouse.dir ('null') to the value of spark.sql.warehouse.dir.
24/12/30 17:00:36 INFO SharedState: Warehouse path is 'file:/home/bidut/Desktop/dev/pyspark_learn/Course01Learn/HelloSpark/spark-warehouse'.
24/12/30 17:00:36 INFO ContextHandler: Started o.s.j.s.ServletContextHandler@52ea64f9{/SQL,null,AVAILABLE,@Spark}
24/12/30 17:00:36 INFO ContextHandler: Started o.s.j.s.ServletContextHandler@589b3121{/SQL/json,null,AVAILABLE,@Spark}
24/12/30 17:00:36 INFO ContextHandler: Started o.s.j.s.ServletContextHandler@6cad13a{/SQL/execution,null,AVAILABLE,@Spark}
24/12/30 17:00:36 INFO ContextHandler: Started o.s.j.s.ServletContextHandler@6b88491e{/SQL/execution/json,null,AVAILABLE,@Spark}
24/12/30 17:00:36 INFO ContextHandler: Started o.s.j.s.ServletContextHandler@40b30c82{/static/sql,null,AVAILABLE,@Spark}
24/12/30 17:00:38 INFO CodeGenerator: Code generated in 138.203894 ms
24/12/30 17:00:38 INFO SparkContext: Starting job: showString at NativeMethodAccessorImpl.java:0
24/12/30 17:00:38 INFO DAGScheduler: Got job 0 (showString at NativeMethodAccessorImpl.java:0) with 1 output partitions
24/12/30 17:00:38 INFO DAGScheduler: Final stage: ResultStage 0 (showString at NativeMethodAccessorImpl.java:0)
24/12/30 17:00:38 INFO DAGScheduler: Parents of final stage: List()
24/12/30 17:00:38 INFO DAGScheduler: Missing parents: List()
24/12/30 17:00:38 INFO DAGScheduler: Submitting ResultStage 0 (MapPartitionsRDD[6] at showString at NativeMethodAccessorImpl.java:0), which has no missing parents
24/12/30 17:00:38 INFO MemoryStore: Block broadcast_0 stored as values in memory (estimated size 12.3 KiB, free 434.4 MiB)
24/12/30 17:00:38 INFO MemoryStore: Block broadcast_0_piece0 stored as bytes in memory (estimated size 6.5 KiB, free 434.4 MiB)
24/12/30 17:00:38 INFO BlockManagerInfo: Added broadcast_0_piece0 in memory on 192.168.29.182:36623 (size: 6.5 KiB, free: 434.4 MiB)
24/12/30 17:00:38 INFO SparkContext: Created broadcast 0 from broadcast at DAGScheduler.scala:1585
24/12/30 17:00:38 INFO DAGScheduler: Submitting 1 missing tasks from ResultStage 0 (MapPartitionsRDD[6] at showString at NativeMethodAccessorImpl.java:0) (first 15 tasks are for partitions Vector(0))
24/12/30 17:00:38 INFO TaskSchedulerImpl: Adding task set 0.0 with 1 tasks resource profile 0
24/12/30 17:00:38 INFO TaskSetManager: Starting task 0.0 in stage 0.0 (TID 0) (192.168.29.182, executor driver, partition 0, PROCESS_LOCAL, 9014 bytes) 
24/12/30 17:00:38 INFO Executor: Running task 0.0 in stage 0.0 (TID 0)
24/12/30 17:00:39 INFO CodeGenerator: Code generated in 9.877531 ms
24/12/30 17:00:39 INFO PythonRunner: Times: total = 640, boot = 587, init = 52, finish = 1
24/12/30 17:00:39 INFO Executor: Finished task 0.0 in stage 0.0 (TID 0). 1912 bytes result sent to driver
24/12/30 17:00:39 INFO TaskSetManager: Finished task 0.0 in stage 0.0 (TID 0) in 816 ms on 192.168.29.182 (executor driver) (1/1)
24/12/30 17:00:39 INFO TaskSchedulerImpl: Removed TaskSet 0.0, whose tasks have all completed, from pool 
24/12/30 17:00:39 INFO PythonAccumulatorV2: Connected to AccumulatorServer at host: 127.0.0.1 port: 54845
24/12/30 17:00:39 INFO DAGScheduler: ResultStage 0 (showString at NativeMethodAccessorImpl.java:0) finished in 1.037 s
24/12/30 17:00:39 INFO DAGScheduler: Job 0 is finished. Cancelling potential speculative or zombie tasks for this job
24/12/30 17:00:39 INFO TaskSchedulerImpl: Killing all running tasks in stage 0: Stage finished
24/12/30 17:00:39 INFO DAGScheduler: Job 0 finished: showString at NativeMethodAccessorImpl.java:0, took 1.086438 s
24/12/30 17:00:39 INFO SparkContext: Starting job: showString at NativeMethodAccessorImpl.java:0
24/12/30 17:00:39 INFO DAGScheduler: Got job 1 (showString at NativeMethodAccessorImpl.java:0) with 2 output partitions
24/12/30 17:00:39 INFO DAGScheduler: Final stage: ResultStage 1 (showString at NativeMethodAccessorImpl.java:0)
24/12/30 17:00:39 INFO DAGScheduler: Parents of final stage: List()
24/12/30 17:00:39 INFO DAGScheduler: Missing parents: List()
24/12/30 17:00:39 INFO DAGScheduler: Submitting ResultStage 1 (MapPartitionsRDD[6] at showString at NativeMethodAccessorImpl.java:0), which has no missing parents
24/12/30 17:00:39 INFO MemoryStore: Block broadcast_1 stored as values in memory (estimated size 12.3 KiB, free 434.4 MiB)
24/12/30 17:00:39 INFO MemoryStore: Block broadcast_1_piece0 stored as bytes in memory (estimated size 6.5 KiB, free 434.4 MiB)
24/12/30 17:00:39 INFO BlockManagerInfo: Added broadcast_1_piece0 in memory on 192.168.29.182:36623 (size: 6.5 KiB, free: 434.4 MiB)
24/12/30 17:00:39 INFO SparkContext: Created broadcast 1 from broadcast at DAGScheduler.scala:1585
24/12/30 17:00:39 INFO DAGScheduler: Submitting 2 missing tasks from ResultStage 1 (MapPartitionsRDD[6] at showString at NativeMethodAccessorImpl.java:0) (first 15 tasks are for partitions Vector(1, 2))
24/12/30 17:00:39 INFO TaskSchedulerImpl: Adding task set 1.0 with 2 tasks resource profile 0
24/12/30 17:00:39 INFO TaskSetManager: Starting task 0.0 in stage 1.0 (TID 1) (192.168.29.182, executor driver, partition 1, PROCESS_LOCAL, 9014 bytes) 
24/12/30 17:00:39 INFO TaskSetManager: Starting task 1.0 in stage 1.0 (TID 2) (192.168.29.182, executor driver, partition 2, PROCESS_LOCAL, 9014 bytes) 
24/12/30 17:00:39 INFO Executor: Running task 0.0 in stage 1.0 (TID 1)
24/12/30 17:00:39 INFO Executor: Running task 1.0 in stage 1.0 (TID 2)
24/12/30 17:00:39 INFO PythonRunner: Times: total = 45, boot = -106, init = 151, finish = 0
24/12/30 17:00:39 INFO Executor: Finished task 1.0 in stage 1.0 (TID 2). 1912 bytes result sent to driver
24/12/30 17:00:39 INFO TaskSetManager: Finished task 1.0 in stage 1.0 (TID 2) in 73 ms on 192.168.29.182 (executor driver) (1/2)
24/12/30 17:00:39 INFO PythonRunner: Times: total = 56, boot = 6, init = 50, finish = 0
24/12/30 17:00:39 INFO Executor: Finished task 0.0 in stage 1.0 (TID 1). 1912 bytes result sent to driver
24/12/30 17:00:39 INFO TaskSetManager: Finished task 0.0 in stage 1.0 (TID 1) in 86 ms on 192.168.29.182 (executor driver) (2/2)
24/12/30 17:00:39 INFO TaskSchedulerImpl: Removed TaskSet 1.0, whose tasks have all completed, from pool 
24/12/30 17:00:39 INFO DAGScheduler: ResultStage 1 (showString at NativeMethodAccessorImpl.java:0) finished in 0.101 s
24/12/30 17:00:39 INFO DAGScheduler: Job 1 is finished. Cancelling potential speculative or zombie tasks for this job
24/12/30 17:00:39 INFO TaskSchedulerImpl: Killing all running tasks in stage 1: Stage finished
24/12/30 17:00:39 INFO DAGScheduler: Job 1 finished: showString at NativeMethodAccessorImpl.java:0, took 0.109957 s
24/12/30 17:00:39 INFO BlockManagerInfo: Removed broadcast_0_piece0 on 192.168.29.182:36623 in memory (size: 6.5 KiB, free: 434.4 MiB)
24/12/30 17:00:40 INFO BlockManagerInfo: Removed broadcast_1_piece0 on 192.168.29.182:36623 in memory (size: 6.5 KiB, free: 434.4 MiB)
24/12/30 17:00:40 INFO CodeGenerator: Code generated in 18.282807 ms
24/12/30 17:00:40 INFO Hello Spark: Finished HelloSpark
24/12/30 17:00:40 INFO SparkContext: SparkContext is stopping with exitCode 0.
24/12/30 17:00:40 INFO AbstractConnector: Stopped Spark@4751010a{HTTP/1.1, (http/1.1)}{0.0.0.0:4041}
24/12/30 17:00:40 INFO SparkUI: Stopped Spark web UI at http://192.168.29.182:4041
24/12/30 17:00:40 INFO MapOutputTrackerMasterEndpoint: MapOutputTrackerMasterEndpoint stopped!
24/12/30 17:00:40 INFO MemoryStore: MemoryStore cleared
24/12/30 17:00:40 INFO BlockManager: BlockManager stopped
24/12/30 17:00:40 INFO BlockManagerMaster: BlockManagerMaster stopped
24/12/30 17:00:40 INFO OutputCommitCoordinator$OutputCommitCoordinatorEndpoint: OutputCommitCoordinator stopped!
24/12/30 17:00:40 INFO SparkContext: Successfully stopped SparkContext
24/12/30 17:00:40 INFO ShutdownHookManager: Shutdown hook called
24/12/30 17:00:40 INFO ShutdownHookManager: Deleting directory /tmp/spark-0b663f55-5ad0-4de5-8063-62873164d988
24/12/30 17:00:40 INFO ShutdownHookManager: Deleting directory /tmp/spark-48c7bd7a-7458-47e2-b42d-9b4b10766338
24/12/30 17:00:40 INFO ShutdownHookManager: Deleting directory /tmp/spark-48c7bd7a-7458-47e2-b42d-9b4b10766338/pyspark-f55e14cd-a2d7-4c09-98eb-ac521fc7730e
24/12/30 17:21:22 WARN Utils: Your hostname, bidut-HP-Laptop-14s-fq1xxx resolves to a loopback address: 127.0.1.1; using 192.168.29.182 instead (on interface wlo1)
24/12/30 17:21:22 WARN Utils: Set SPARK_LOCAL_IP if you need to bind to another address
24/12/30 17:21:23 INFO SparkContext: Running Spark version 3.5.4
24/12/30 17:21:23 INFO SparkContext: OS info Linux, 5.15.0-126-generic, amd64
24/12/30 17:21:23 INFO SparkContext: Java version 11.0.25
24/12/30 17:21:23 WARN NativeCodeLoader: Unable to load native-hadoop library for your platform... using builtin-java classes where applicable
24/12/30 17:21:23 INFO ResourceUtils: ==============================================================
24/12/30 17:21:23 INFO ResourceUtils: No custom resources configured for spark.driver.
24/12/30 17:21:23 INFO ResourceUtils: ==============================================================
24/12/30 17:21:23 INFO SparkContext: Submitted application: Hello Spark
24/12/30 17:21:23 INFO ResourceProfile: Default ResourceProfile created, executor resources: Map(cores -> name: cores, amount: 1, script: , vendor: , memory -> name: memory, amount: 1024, script: , vendor: , offHeap -> name: offHeap, amount: 0, script: , vendor: ), task resources: Map(cpus -> name: cpus, amount: 1.0)
24/12/30 17:21:23 INFO ResourceProfile: Limiting resource is cpu
24/12/30 17:21:23 INFO ResourceProfileManager: Added ResourceProfile id: 0
24/12/30 17:21:23 INFO SecurityManager: Changing view acls to: bidut
24/12/30 17:21:23 INFO SecurityManager: Changing modify acls to: bidut
24/12/30 17:21:23 INFO SecurityManager: Changing view acls groups to: 
24/12/30 17:21:23 INFO SecurityManager: Changing modify acls groups to: 
24/12/30 17:21:23 INFO SecurityManager: SecurityManager: authentication disabled; ui acls disabled; users with view permissions: bidut; groups with view permissions: EMPTY; users with modify permissions: bidut; groups with modify permissions: EMPTY
24/12/30 17:21:23 INFO Utils: Successfully started service 'sparkDriver' on port 36947.
24/12/30 17:21:23 INFO SparkEnv: Registering MapOutputTracker
24/12/30 17:21:23 INFO SparkEnv: Registering BlockManagerMaster
24/12/30 17:21:23 INFO BlockManagerMasterEndpoint: Using org.apache.spark.storage.DefaultTopologyMapper for getting topology information
24/12/30 17:21:23 INFO BlockManagerMasterEndpoint: BlockManagerMasterEndpoint up
24/12/30 17:21:23 INFO SparkEnv: Registering BlockManagerMasterHeartbeat
24/12/30 17:21:23 INFO DiskBlockManager: Created local directory at /tmp/blockmgr-d992c9ae-4ca7-455e-bf3f-6f908eca2e1f
24/12/30 17:21:23 INFO MemoryStore: MemoryStore started with capacity 434.4 MiB
24/12/30 17:21:23 INFO SparkEnv: Registering OutputCommitCoordinator
24/12/30 17:21:23 INFO log: Logging initialized @2482ms to org.sparkproject.jetty.util.log.Slf4jLog
24/12/30 17:21:23 INFO JettyUtils: Start Jetty 0.0.0.0:4040 for SparkUI
24/12/30 17:21:23 INFO Server: jetty-9.4.56.v20240826; built: 2024-08-26T17:15:05.868Z; git: ec6782ff5ead824dabdcf47fa98f90a4aedff401; jvm 11.0.25+9-post-Ubuntu-1ubuntu120.04
24/12/30 17:21:23 INFO Server: Started @2614ms
24/12/30 17:21:23 WARN Utils: Service 'SparkUI' could not bind on port 4040. Attempting port 4041.
24/12/30 17:21:23 INFO AbstractConnector: Started ServerConnector@54dd082d{HTTP/1.1, (http/1.1)}{0.0.0.0:4041}
24/12/30 17:21:23 INFO Utils: Successfully started service 'SparkUI' on port 4041.
24/12/30 17:21:23 INFO ContextHandler: Started o.s.j.s.ServletContextHandler@37f6d3bc{/,null,AVAILABLE,@Spark}
24/12/30 17:21:24 INFO Executor: Starting executor ID driver on host 192.168.29.182
24/12/30 17:21:24 INFO Executor: OS info Linux, 5.15.0-126-generic, amd64
24/12/30 17:21:24 INFO Executor: Java version 11.0.25
24/12/30 17:21:24 INFO Executor: Starting executor with user classpath (userClassPathFirst = false): ''
24/12/30 17:21:24 INFO Executor: Created or updated repl class loader org.apache.spark.util.MutableURLClassLoader@184cfa39 for default.
24/12/30 17:21:24 INFO Utils: Successfully started service 'org.apache.spark.network.netty.NettyBlockTransferService' on port 32793.
24/12/30 17:21:24 INFO NettyBlockTransferService: Server created on 192.168.29.182:32793
24/12/30 17:21:24 INFO BlockManager: Using org.apache.spark.storage.RandomBlockReplicationPolicy for block replication policy
24/12/30 17:21:24 INFO BlockManagerMaster: Registering BlockManager BlockManagerId(driver, 192.168.29.182, 32793, None)
24/12/30 17:21:24 INFO BlockManagerMasterEndpoint: Registering block manager 192.168.29.182:32793 with 434.4 MiB RAM, BlockManagerId(driver, 192.168.29.182, 32793, None)
24/12/30 17:21:24 INFO BlockManagerMaster: Registered BlockManager BlockManagerId(driver, 192.168.29.182, 32793, None)
24/12/30 17:21:24 INFO BlockManager: Initialized BlockManager: BlockManagerId(driver, 192.168.29.182, 32793, None)
24/12/30 17:21:24 INFO ContextHandler: Stopped o.s.j.s.ServletContextHandler@37f6d3bc{/,null,STOPPED,@Spark}
24/12/30 17:21:24 INFO ContextHandler: Started o.s.j.s.ServletContextHandler@5832f3ca{/jobs,null,AVAILABLE,@Spark}
24/12/30 17:21:24 INFO ContextHandler: Started o.s.j.s.ServletContextHandler@6d3f4606{/jobs/json,null,AVAILABLE,@Spark}
24/12/30 17:21:24 INFO ContextHandler: Started o.s.j.s.ServletContextHandler@4d2661dc{/jobs/job,null,AVAILABLE,@Spark}
24/12/30 17:21:24 INFO ContextHandler: Started o.s.j.s.ServletContextHandler@1a40d37b{/jobs/job/json,null,AVAILABLE,@Spark}
24/12/30 17:21:24 INFO ContextHandler: Started o.s.j.s.ServletContextHandler@4e9d05d7{/stages,null,AVAILABLE,@Spark}
24/12/30 17:21:24 INFO ContextHandler: Started o.s.j.s.ServletContextHandler@3674abc7{/stages/json,null,AVAILABLE,@Spark}
24/12/30 17:21:24 INFO ContextHandler: Started o.s.j.s.ServletContextHandler@51ec7dfd{/stages/stage,null,AVAILABLE,@Spark}
24/12/30 17:21:24 INFO ContextHandler: Started o.s.j.s.ServletContextHandler@f0d3d6e{/stages/stage/json,null,AVAILABLE,@Spark}
24/12/30 17:21:24 INFO ContextHandler: Started o.s.j.s.ServletContextHandler@13079fa9{/stages/pool,null,AVAILABLE,@Spark}
24/12/30 17:21:24 INFO ContextHandler: Started o.s.j.s.ServletContextHandler@470c62e5{/stages/pool/json,null,AVAILABLE,@Spark}
24/12/30 17:21:24 INFO ContextHandler: Started o.s.j.s.ServletContextHandler@79113170{/storage,null,AVAILABLE,@Spark}
24/12/30 17:21:24 INFO ContextHandler: Started o.s.j.s.ServletContextHandler@1a8afe29{/storage/json,null,AVAILABLE,@Spark}
24/12/30 17:21:24 INFO ContextHandler: Started o.s.j.s.ServletContextHandler@1ce40f58{/storage/rdd,null,AVAILABLE,@Spark}
24/12/30 17:21:24 INFO ContextHandler: Started o.s.j.s.ServletContextHandler@42b60f53{/storage/rdd/json,null,AVAILABLE,@Spark}
24/12/30 17:21:24 INFO ContextHandler: Started o.s.j.s.ServletContextHandler@63cf720e{/environment,null,AVAILABLE,@Spark}
24/12/30 17:21:24 INFO ContextHandler: Started o.s.j.s.ServletContextHandler@18e11277{/environment/json,null,AVAILABLE,@Spark}
24/12/30 17:21:24 INFO ContextHandler: Started o.s.j.s.ServletContextHandler@363e6f54{/executors,null,AVAILABLE,@Spark}
24/12/30 17:21:24 INFO ContextHandler: Started o.s.j.s.ServletContextHandler@36b45968{/executors/json,null,AVAILABLE,@Spark}
24/12/30 17:21:24 INFO ContextHandler: Started o.s.j.s.ServletContextHandler@1417848f{/executors/threadDump,null,AVAILABLE,@Spark}
24/12/30 17:21:24 INFO ContextHandler: Started o.s.j.s.ServletContextHandler@1293f0a1{/executors/threadDump/json,null,AVAILABLE,@Spark}
24/12/30 17:21:24 INFO ContextHandler: Started o.s.j.s.ServletContextHandler@5bd6a96a{/executors/heapHistogram,null,AVAILABLE,@Spark}
24/12/30 17:21:24 INFO ContextHandler: Started o.s.j.s.ServletContextHandler@14477993{/executors/heapHistogram/json,null,AVAILABLE,@Spark}
24/12/30 17:21:24 INFO ContextHandler: Started o.s.j.s.ServletContextHandler@62a2f89a{/static,null,AVAILABLE,@Spark}
24/12/30 17:21:24 INFO ContextHandler: Started o.s.j.s.ServletContextHandler@6cf6a0fe{/,null,AVAILABLE,@Spark}
24/12/30 17:21:24 INFO ContextHandler: Started o.s.j.s.ServletContextHandler@1a0640d5{/api,null,AVAILABLE,@Spark}
24/12/30 17:21:24 INFO ContextHandler: Started o.s.j.s.ServletContextHandler@4cb118d7{/jobs/job/kill,null,AVAILABLE,@Spark}
24/12/30 17:21:24 INFO ContextHandler: Started o.s.j.s.ServletContextHandler@5b39347c{/stages/stage/kill,null,AVAILABLE,@Spark}
24/12/30 17:21:24 INFO ContextHandler: Started o.s.j.s.ServletContextHandler@590f60e5{/metrics/json,null,AVAILABLE,@Spark}
24/12/30 17:21:24 INFO Hello Spark: Starting HelloSpark
24/12/30 17:21:24 INFO SharedState: Setting hive.metastore.warehouse.dir ('null') to the value of spark.sql.warehouse.dir.
24/12/30 17:21:24 INFO SharedState: Warehouse path is 'file:/home/bidut/Desktop/dev/pyspark_learn/Course01Learn/HelloSpark/spark-warehouse'.
24/12/30 17:21:24 INFO ContextHandler: Started o.s.j.s.ServletContextHandler@655cb67a{/SQL,null,AVAILABLE,@Spark}
24/12/30 17:21:24 INFO ContextHandler: Started o.s.j.s.ServletContextHandler@7c2a9d6d{/SQL/json,null,AVAILABLE,@Spark}
24/12/30 17:21:24 INFO ContextHandler: Started o.s.j.s.ServletContextHandler@5194f45f{/SQL/execution,null,AVAILABLE,@Spark}
24/12/30 17:21:24 INFO ContextHandler: Started o.s.j.s.ServletContextHandler@25727a3d{/SQL/execution/json,null,AVAILABLE,@Spark}
24/12/30 17:21:24 INFO ContextHandler: Started o.s.j.s.ServletContextHandler@4557cbc3{/static/sql,null,AVAILABLE,@Spark}
24/12/30 17:21:25 INFO InMemoryFileIndex: It took 49 ms to list leaf files for 1 paths.
24/12/30 17:21:25 INFO InMemoryFileIndex: It took 2 ms to list leaf files for 1 paths.
24/12/30 17:21:27 INFO FileSourceStrategy: Pushed Filters: 
24/12/30 17:21:27 INFO FileSourceStrategy: Post-Scan Filters: (length(trim(value#0, None)) > 0)
24/12/30 17:21:27 INFO CodeGenerator: Code generated in 132.313444 ms
24/12/30 17:21:27 INFO MemoryStore: Block broadcast_0 stored as values in memory (estimated size 199.4 KiB, free 434.2 MiB)
24/12/30 17:21:27 INFO MemoryStore: Block broadcast_0_piece0 stored as bytes in memory (estimated size 34.2 KiB, free 434.2 MiB)
24/12/30 17:21:27 INFO BlockManagerInfo: Added broadcast_0_piece0 in memory on 192.168.29.182:32793 (size: 34.2 KiB, free: 434.4 MiB)
24/12/30 17:21:27 INFO SparkContext: Created broadcast 0 from csv at NativeMethodAccessorImpl.java:0
24/12/30 17:21:27 INFO FileSourceScanExec: Planning scan with bin packing, max size: 4194304 bytes, open cost is considered as scanning 4194304 bytes.
24/12/30 17:21:28 INFO SparkContext: Starting job: csv at NativeMethodAccessorImpl.java:0
24/12/30 17:21:28 INFO DAGScheduler: Got job 0 (csv at NativeMethodAccessorImpl.java:0) with 1 output partitions
24/12/30 17:21:28 INFO DAGScheduler: Final stage: ResultStage 0 (csv at NativeMethodAccessorImpl.java:0)
24/12/30 17:21:28 INFO DAGScheduler: Parents of final stage: List()
24/12/30 17:21:28 INFO DAGScheduler: Missing parents: List()
24/12/30 17:21:28 INFO DAGScheduler: Submitting ResultStage 0 (MapPartitionsRDD[3] at csv at NativeMethodAccessorImpl.java:0), which has no missing parents
24/12/30 17:21:28 INFO MemoryStore: Block broadcast_1 stored as values in memory (estimated size 13.5 KiB, free 434.2 MiB)
24/12/30 17:21:28 INFO MemoryStore: Block broadcast_1_piece0 stored as bytes in memory (estimated size 6.4 KiB, free 434.2 MiB)
24/12/30 17:21:28 INFO BlockManagerInfo: Added broadcast_1_piece0 in memory on 192.168.29.182:32793 (size: 6.4 KiB, free: 434.4 MiB)
24/12/30 17:21:28 INFO SparkContext: Created broadcast 1 from broadcast at DAGScheduler.scala:1585
24/12/30 17:21:28 INFO DAGScheduler: Submitting 1 missing tasks from ResultStage 0 (MapPartitionsRDD[3] at csv at NativeMethodAccessorImpl.java:0) (first 15 tasks are for partitions Vector(0))
24/12/30 17:21:28 INFO TaskSchedulerImpl: Adding task set 0.0 with 1 tasks resource profile 0
24/12/30 17:21:28 INFO TaskSetManager: Starting task 0.0 in stage 0.0 (TID 0) (192.168.29.182, executor driver, partition 0, PROCESS_LOCAL, 9647 bytes) 
24/12/30 17:21:28 INFO Executor: Running task 0.0 in stage 0.0 (TID 0)
24/12/30 17:21:28 INFO CodeGenerator: Code generated in 14.883109 ms
24/12/30 17:21:28 INFO FileScanRDD: Reading File path: file:///home/bidut/Desktop/dev/pyspark_learn/Course01Learn/HelloSpark/data/sample.csv, range: 0-2214, partition values: [empty row]
24/12/30 17:21:28 INFO CodeGenerator: Code generated in 9.321629 ms
24/12/30 17:21:28 INFO Executor: Finished task 0.0 in stage 0.0 (TID 0). 1933 bytes result sent to driver
24/12/30 17:21:28 INFO TaskSetManager: Finished task 0.0 in stage 0.0 (TID 0) in 208 ms on 192.168.29.182 (executor driver) (1/1)
24/12/30 17:21:28 INFO TaskSchedulerImpl: Removed TaskSet 0.0, whose tasks have all completed, from pool 
24/12/30 17:21:28 INFO DAGScheduler: ResultStage 0 (csv at NativeMethodAccessorImpl.java:0) finished in 0.339 s
24/12/30 17:21:28 INFO DAGScheduler: Job 0 is finished. Cancelling potential speculative or zombie tasks for this job
24/12/30 17:21:28 INFO TaskSchedulerImpl: Killing all running tasks in stage 0: Stage finished
24/12/30 17:21:28 INFO DAGScheduler: Job 0 finished: csv at NativeMethodAccessorImpl.java:0, took 0.382065 s
24/12/30 17:21:28 INFO CodeGenerator: Code generated in 8.178707 ms
24/12/30 17:21:28 INFO FileSourceStrategy: Pushed Filters: 
24/12/30 17:21:28 INFO FileSourceStrategy: Post-Scan Filters: 
24/12/30 17:21:28 INFO MemoryStore: Block broadcast_2 stored as values in memory (estimated size 199.4 KiB, free 434.0 MiB)
24/12/30 17:21:28 INFO MemoryStore: Block broadcast_2_piece0 stored as bytes in memory (estimated size 34.2 KiB, free 433.9 MiB)
24/12/30 17:21:28 INFO BlockManagerInfo: Added broadcast_2_piece0 in memory on 192.168.29.182:32793 (size: 34.2 KiB, free: 434.3 MiB)
24/12/30 17:21:28 INFO SparkContext: Created broadcast 2 from csv at NativeMethodAccessorImpl.java:0
24/12/30 17:21:28 INFO FileSourceScanExec: Planning scan with bin packing, max size: 4194304 bytes, open cost is considered as scanning 4194304 bytes.
24/12/30 17:21:28 INFO SparkContext: Starting job: csv at NativeMethodAccessorImpl.java:0
24/12/30 17:21:28 INFO DAGScheduler: Got job 1 (csv at NativeMethodAccessorImpl.java:0) with 1 output partitions
24/12/30 17:21:28 INFO DAGScheduler: Final stage: ResultStage 1 (csv at NativeMethodAccessorImpl.java:0)
24/12/30 17:21:28 INFO DAGScheduler: Parents of final stage: List()
24/12/30 17:21:28 INFO DAGScheduler: Missing parents: List()
24/12/30 17:21:28 INFO DAGScheduler: Submitting ResultStage 1 (MapPartitionsRDD[9] at csv at NativeMethodAccessorImpl.java:0), which has no missing parents
24/12/30 17:21:28 INFO MemoryStore: Block broadcast_3 stored as values in memory (estimated size 27.6 KiB, free 433.9 MiB)
24/12/30 17:21:28 INFO MemoryStore: Block broadcast_3_piece0 stored as bytes in memory (estimated size 13.1 KiB, free 433.9 MiB)
24/12/30 17:21:28 INFO BlockManagerInfo: Added broadcast_3_piece0 in memory on 192.168.29.182:32793 (size: 13.1 KiB, free: 434.3 MiB)
24/12/30 17:21:28 INFO SparkContext: Created broadcast 3 from broadcast at DAGScheduler.scala:1585
24/12/30 17:21:28 INFO DAGScheduler: Submitting 1 missing tasks from ResultStage 1 (MapPartitionsRDD[9] at csv at NativeMethodAccessorImpl.java:0) (first 15 tasks are for partitions Vector(0))
24/12/30 17:21:28 INFO TaskSchedulerImpl: Adding task set 1.0 with 1 tasks resource profile 0
24/12/30 17:21:28 INFO TaskSetManager: Starting task 0.0 in stage 1.0 (TID 1) (192.168.29.182, executor driver, partition 0, PROCESS_LOCAL, 9647 bytes) 
24/12/30 17:21:28 INFO Executor: Running task 0.0 in stage 1.0 (TID 1)
24/12/30 17:21:28 INFO CodeGenerator: Code generated in 6.535785 ms
24/12/30 17:21:28 INFO FileScanRDD: Reading File path: file:///home/bidut/Desktop/dev/pyspark_learn/Course01Learn/HelloSpark/data/sample.csv, range: 0-2214, partition values: [empty row]
24/12/30 17:21:28 INFO BlockManagerInfo: Removed broadcast_1_piece0 on 192.168.29.182:32793 in memory (size: 6.4 KiB, free: 434.3 MiB)
24/12/30 17:21:28 INFO BlockManagerInfo: Removed broadcast_0_piece0 on 192.168.29.182:32793 in memory (size: 34.2 KiB, free: 434.4 MiB)
24/12/30 17:21:28 INFO Executor: Finished task 0.0 in stage 1.0 (TID 1). 1835 bytes result sent to driver
24/12/30 17:21:28 INFO TaskSetManager: Finished task 0.0 in stage 1.0 (TID 1) in 254 ms on 192.168.29.182 (executor driver) (1/1)
24/12/30 17:21:28 INFO TaskSchedulerImpl: Removed TaskSet 1.0, whose tasks have all completed, from pool 
24/12/30 17:21:28 INFO DAGScheduler: ResultStage 1 (csv at NativeMethodAccessorImpl.java:0) finished in 0.298 s
24/12/30 17:21:28 INFO DAGScheduler: Job 1 is finished. Cancelling potential speculative or zombie tasks for this job
24/12/30 17:21:28 INFO TaskSchedulerImpl: Killing all running tasks in stage 1: Stage finished
24/12/30 17:21:28 INFO DAGScheduler: Job 1 finished: csv at NativeMethodAccessorImpl.java:0, took 0.310178 s
24/12/30 17:21:29 INFO FileSourceStrategy: Pushed Filters: 
24/12/30 17:21:29 INFO FileSourceStrategy: Post-Scan Filters: 
24/12/30 17:21:29 WARN SparkStringUtils: Truncated the string representation of a plan since it was too large. This behavior can be adjusted by setting 'spark.sql.debug.maxToStringFields'.
24/12/30 17:21:29 INFO CodeGenerator: Code generated in 39.851114 ms
24/12/30 17:21:29 INFO MemoryStore: Block broadcast_4 stored as values in memory (estimated size 199.3 KiB, free 433.9 MiB)
24/12/30 17:21:29 INFO MemoryStore: Block broadcast_4_piece0 stored as bytes in memory (estimated size 34.2 KiB, free 433.9 MiB)
24/12/30 17:21:29 INFO BlockManagerInfo: Added broadcast_4_piece0 in memory on 192.168.29.182:32793 (size: 34.2 KiB, free: 434.3 MiB)
24/12/30 17:21:29 INFO SparkContext: Created broadcast 4 from showString at NativeMethodAccessorImpl.java:0
24/12/30 17:21:29 INFO FileSourceScanExec: Planning scan with bin packing, max size: 4194304 bytes, open cost is considered as scanning 4194304 bytes.
24/12/30 17:21:29 INFO SparkContext: Starting job: showString at NativeMethodAccessorImpl.java:0
24/12/30 17:21:29 INFO DAGScheduler: Got job 2 (showString at NativeMethodAccessorImpl.java:0) with 1 output partitions
24/12/30 17:21:29 INFO DAGScheduler: Final stage: ResultStage 2 (showString at NativeMethodAccessorImpl.java:0)
24/12/30 17:21:29 INFO DAGScheduler: Parents of final stage: List()
24/12/30 17:21:29 INFO DAGScheduler: Missing parents: List()
24/12/30 17:21:29 INFO DAGScheduler: Submitting ResultStage 2 (MapPartitionsRDD[13] at showString at NativeMethodAccessorImpl.java:0), which has no missing parents
24/12/30 17:21:29 INFO MemoryStore: Block broadcast_5 stored as values in memory (estimated size 28.5 KiB, free 433.9 MiB)
24/12/30 17:21:29 INFO MemoryStore: Block broadcast_5_piece0 stored as bytes in memory (estimated size 10.4 KiB, free 433.9 MiB)
24/12/30 17:21:29 INFO BlockManagerInfo: Added broadcast_5_piece0 in memory on 192.168.29.182:32793 (size: 10.4 KiB, free: 434.3 MiB)
24/12/30 17:21:29 INFO SparkContext: Created broadcast 5 from broadcast at DAGScheduler.scala:1585
24/12/30 17:21:29 INFO DAGScheduler: Submitting 1 missing tasks from ResultStage 2 (MapPartitionsRDD[13] at showString at NativeMethodAccessorImpl.java:0) (first 15 tasks are for partitions Vector(0))
24/12/30 17:21:29 INFO TaskSchedulerImpl: Adding task set 2.0 with 1 tasks resource profile 0
24/12/30 17:21:29 INFO TaskSetManager: Starting task 0.0 in stage 2.0 (TID 2) (192.168.29.182, executor driver, partition 0, PROCESS_LOCAL, 9647 bytes) 
24/12/30 17:21:29 INFO Executor: Running task 0.0 in stage 2.0 (TID 2)
24/12/30 17:21:29 INFO CodeGenerator: Code generated in 25.492592 ms
24/12/30 17:21:29 INFO FileScanRDD: Reading File path: file:///home/bidut/Desktop/dev/pyspark_learn/Course01Learn/HelloSpark/data/sample.csv, range: 0-2214, partition values: [empty row]
24/12/30 17:21:29 INFO CodeGenerator: Code generated in 24.561519 ms
24/12/30 17:21:29 INFO Executor: Finished task 0.0 in stage 2.0 (TID 2). 3312 bytes result sent to driver
24/12/30 17:21:29 INFO TaskSetManager: Finished task 0.0 in stage 2.0 (TID 2) in 116 ms on 192.168.29.182 (executor driver) (1/1)
24/12/30 17:21:29 INFO TaskSchedulerImpl: Removed TaskSet 2.0, whose tasks have all completed, from pool 
24/12/30 17:21:29 INFO DAGScheduler: ResultStage 2 (showString at NativeMethodAccessorImpl.java:0) finished in 0.131 s
24/12/30 17:21:29 INFO DAGScheduler: Job 2 is finished. Cancelling potential speculative or zombie tasks for this job
24/12/30 17:21:29 INFO TaskSchedulerImpl: Killing all running tasks in stage 2: Stage finished
24/12/30 17:21:29 INFO DAGScheduler: Job 2 finished: showString at NativeMethodAccessorImpl.java:0, took 0.139862 s
24/12/30 17:21:29 INFO CodeGenerator: Code generated in 21.870884 ms
24/12/30 17:21:29 INFO Hello Spark: Finished HelloSpark
24/12/30 17:21:29 INFO SparkContext: Invoking stop() from shutdown hook
24/12/30 17:21:29 INFO SparkContext: SparkContext is stopping with exitCode 0.
24/12/30 17:21:29 INFO AbstractConnector: Stopped Spark@54dd082d{HTTP/1.1, (http/1.1)}{0.0.0.0:4041}
24/12/30 17:21:29 INFO SparkUI: Stopped Spark web UI at http://192.168.29.182:4041
24/12/30 17:21:29 INFO MapOutputTrackerMasterEndpoint: MapOutputTrackerMasterEndpoint stopped!
24/12/30 17:21:29 INFO MemoryStore: MemoryStore cleared
24/12/30 17:21:29 INFO BlockManager: BlockManager stopped
24/12/30 17:21:29 INFO BlockManagerMaster: BlockManagerMaster stopped
24/12/30 17:21:29 INFO OutputCommitCoordinator$OutputCommitCoordinatorEndpoint: OutputCommitCoordinator stopped!
24/12/30 17:21:29 INFO SparkContext: Successfully stopped SparkContext
24/12/30 17:21:29 INFO ShutdownHookManager: Shutdown hook called
24/12/30 17:21:29 INFO ShutdownHookManager: Deleting directory /tmp/spark-6a043d5f-cae8-4a53-8452-e05e952c3888
24/12/30 17:21:29 INFO ShutdownHookManager: Deleting directory /tmp/spark-0e5d3b57-5008-4b1f-9692-dbc2cb63195a
24/12/30 17:21:29 INFO ShutdownHookManager: Deleting directory /tmp/spark-0e5d3b57-5008-4b1f-9692-dbc2cb63195a/pyspark-c1c0ab02-9eca-4dc2-93ba-3e3e90fcbaff
24/12/30 18:03:14 WARN Utils: Your hostname, bidut-HP-Laptop-14s-fq1xxx resolves to a loopback address: 127.0.1.1; using 192.168.29.182 instead (on interface wlo1)
24/12/30 18:03:14 WARN Utils: Set SPARK_LOCAL_IP if you need to bind to another address
24/12/30 18:03:15 INFO SparkContext: Running Spark version 3.5.4
24/12/30 18:03:15 INFO SparkContext: OS info Linux, 5.15.0-126-generic, amd64
24/12/30 18:03:15 INFO SparkContext: Java version 11.0.25
24/12/30 18:03:15 WARN NativeCodeLoader: Unable to load native-hadoop library for your platform... using builtin-java classes where applicable
24/12/30 18:03:15 INFO ResourceUtils: ==============================================================
24/12/30 18:03:15 INFO ResourceUtils: No custom resources configured for spark.driver.
24/12/30 18:03:15 INFO ResourceUtils: ==============================================================
24/12/30 18:03:15 INFO SparkContext: Submitted application: Hello Spark
24/12/30 18:03:15 INFO ResourceProfile: Default ResourceProfile created, executor resources: Map(cores -> name: cores, amount: 1, script: , vendor: , memory -> name: memory, amount: 1024, script: , vendor: , offHeap -> name: offHeap, amount: 0, script: , vendor: ), task resources: Map(cpus -> name: cpus, amount: 1.0)
24/12/30 18:03:15 INFO ResourceProfile: Limiting resource is cpu
24/12/30 18:03:15 INFO ResourceProfileManager: Added ResourceProfile id: 0
24/12/30 18:03:15 INFO SecurityManager: Changing view acls to: bidut
24/12/30 18:03:15 INFO SecurityManager: Changing modify acls to: bidut
24/12/30 18:03:15 INFO SecurityManager: Changing view acls groups to: 
24/12/30 18:03:15 INFO SecurityManager: Changing modify acls groups to: 
24/12/30 18:03:15 INFO SecurityManager: SecurityManager: authentication disabled; ui acls disabled; users with view permissions: bidut; groups with view permissions: EMPTY; users with modify permissions: bidut; groups with modify permissions: EMPTY
24/12/30 18:03:15 INFO Utils: Successfully started service 'sparkDriver' on port 43739.
24/12/30 18:03:15 INFO SparkEnv: Registering MapOutputTracker
24/12/30 18:03:15 INFO SparkEnv: Registering BlockManagerMaster
24/12/30 18:03:15 INFO BlockManagerMasterEndpoint: Using org.apache.spark.storage.DefaultTopologyMapper for getting topology information
24/12/30 18:03:15 INFO BlockManagerMasterEndpoint: BlockManagerMasterEndpoint up
24/12/30 18:03:15 INFO SparkEnv: Registering BlockManagerMasterHeartbeat
24/12/30 18:03:15 INFO DiskBlockManager: Created local directory at /tmp/blockmgr-d4f23603-5023-4f7e-aaca-da0a35314213
24/12/30 18:03:15 INFO MemoryStore: MemoryStore started with capacity 434.4 MiB
24/12/30 18:03:15 INFO SparkEnv: Registering OutputCommitCoordinator
24/12/30 18:03:15 INFO log: Logging initialized @3072ms to org.sparkproject.jetty.util.log.Slf4jLog
24/12/30 18:03:15 INFO JettyUtils: Start Jetty 0.0.0.0:4040 for SparkUI
24/12/30 18:03:15 INFO Server: jetty-9.4.56.v20240826; built: 2024-08-26T17:15:05.868Z; git: ec6782ff5ead824dabdcf47fa98f90a4aedff401; jvm 11.0.25+9-post-Ubuntu-1ubuntu120.04
24/12/30 18:03:15 INFO Server: Started @3228ms
24/12/30 18:03:16 WARN Utils: Service 'SparkUI' could not bind on port 4040. Attempting port 4041.
24/12/30 18:03:16 INFO AbstractConnector: Started ServerConnector@673ab417{HTTP/1.1, (http/1.1)}{0.0.0.0:4041}
24/12/30 18:03:16 INFO Utils: Successfully started service 'SparkUI' on port 4041.
24/12/30 18:03:16 INFO ContextHandler: Started o.s.j.s.ServletContextHandler@5a9660f6{/,null,AVAILABLE,@Spark}
24/12/30 18:03:16 INFO Executor: Starting executor ID driver on host 192.168.29.182
24/12/30 18:03:16 INFO Executor: OS info Linux, 5.15.0-126-generic, amd64
24/12/30 18:03:16 INFO Executor: Java version 11.0.25
24/12/30 18:03:16 INFO Executor: Starting executor with user classpath (userClassPathFirst = false): ''
24/12/30 18:03:16 INFO Executor: Created or updated repl class loader org.apache.spark.util.MutableURLClassLoader@24f1e34f for default.
24/12/30 18:03:16 INFO Utils: Successfully started service 'org.apache.spark.network.netty.NettyBlockTransferService' on port 43709.
24/12/30 18:03:16 INFO NettyBlockTransferService: Server created on 192.168.29.182:43709
24/12/30 18:03:16 INFO BlockManager: Using org.apache.spark.storage.RandomBlockReplicationPolicy for block replication policy
24/12/30 18:03:16 INFO BlockManagerMaster: Registering BlockManager BlockManagerId(driver, 192.168.29.182, 43709, None)
24/12/30 18:03:16 INFO BlockManagerMasterEndpoint: Registering block manager 192.168.29.182:43709 with 434.4 MiB RAM, BlockManagerId(driver, 192.168.29.182, 43709, None)
24/12/30 18:03:16 INFO BlockManagerMaster: Registered BlockManager BlockManagerId(driver, 192.168.29.182, 43709, None)
24/12/30 18:03:16 INFO BlockManager: Initialized BlockManager: BlockManagerId(driver, 192.168.29.182, 43709, None)
24/12/30 18:03:16 INFO ContextHandler: Stopped o.s.j.s.ServletContextHandler@5a9660f6{/,null,STOPPED,@Spark}
24/12/30 18:03:16 INFO ContextHandler: Started o.s.j.s.ServletContextHandler@29d00458{/jobs,null,AVAILABLE,@Spark}
24/12/30 18:03:16 INFO ContextHandler: Started o.s.j.s.ServletContextHandler@6ffc66df{/jobs/json,null,AVAILABLE,@Spark}
24/12/30 18:03:16 INFO ContextHandler: Started o.s.j.s.ServletContextHandler@2f935da9{/jobs/job,null,AVAILABLE,@Spark}
24/12/30 18:03:16 INFO ContextHandler: Started o.s.j.s.ServletContextHandler@5f3159d1{/jobs/job/json,null,AVAILABLE,@Spark}
24/12/30 18:03:16 INFO ContextHandler: Started o.s.j.s.ServletContextHandler@61c88794{/stages,null,AVAILABLE,@Spark}
24/12/30 18:03:16 INFO ContextHandler: Started o.s.j.s.ServletContextHandler@607a5223{/stages/json,null,AVAILABLE,@Spark}
24/12/30 18:03:16 INFO ContextHandler: Started o.s.j.s.ServletContextHandler@217132d4{/stages/stage,null,AVAILABLE,@Spark}
24/12/30 18:03:16 INFO ContextHandler: Started o.s.j.s.ServletContextHandler@5ee4d59f{/stages/stage/json,null,AVAILABLE,@Spark}
24/12/30 18:03:16 INFO ContextHandler: Started o.s.j.s.ServletContextHandler@18390581{/stages/pool,null,AVAILABLE,@Spark}
24/12/30 18:03:16 INFO ContextHandler: Started o.s.j.s.ServletContextHandler@78eb30c3{/stages/pool/json,null,AVAILABLE,@Spark}
24/12/30 18:03:16 INFO ContextHandler: Started o.s.j.s.ServletContextHandler@2bedc650{/storage,null,AVAILABLE,@Spark}
24/12/30 18:03:16 INFO ContextHandler: Started o.s.j.s.ServletContextHandler@508b6d91{/storage/json,null,AVAILABLE,@Spark}
24/12/30 18:03:16 INFO ContextHandler: Started o.s.j.s.ServletContextHandler@28094f94{/storage/rdd,null,AVAILABLE,@Spark}
24/12/30 18:03:16 INFO ContextHandler: Started o.s.j.s.ServletContextHandler@6bd80713{/storage/rdd/json,null,AVAILABLE,@Spark}
24/12/30 18:03:16 INFO ContextHandler: Started o.s.j.s.ServletContextHandler@7a7692f4{/environment,null,AVAILABLE,@Spark}
24/12/30 18:03:16 INFO ContextHandler: Started o.s.j.s.ServletContextHandler@11828b0f{/environment/json,null,AVAILABLE,@Spark}
24/12/30 18:03:16 INFO ContextHandler: Started o.s.j.s.ServletContextHandler@4f00f4cc{/executors,null,AVAILABLE,@Spark}
24/12/30 18:03:16 INFO ContextHandler: Started o.s.j.s.ServletContextHandler@3ffd277d{/executors/json,null,AVAILABLE,@Spark}
24/12/30 18:03:16 INFO ContextHandler: Started o.s.j.s.ServletContextHandler@f7dd348{/executors/threadDump,null,AVAILABLE,@Spark}
24/12/30 18:03:16 INFO ContextHandler: Started o.s.j.s.ServletContextHandler@73ab1246{/executors/threadDump/json,null,AVAILABLE,@Spark}
24/12/30 18:03:16 INFO ContextHandler: Started o.s.j.s.ServletContextHandler@4aa95886{/executors/heapHistogram,null,AVAILABLE,@Spark}
24/12/30 18:03:16 INFO ContextHandler: Started o.s.j.s.ServletContextHandler@1c079a81{/executors/heapHistogram/json,null,AVAILABLE,@Spark}
24/12/30 18:03:16 INFO ContextHandler: Started o.s.j.s.ServletContextHandler@4e5e1a78{/static,null,AVAILABLE,@Spark}
24/12/30 18:03:16 INFO ContextHandler: Started o.s.j.s.ServletContextHandler@15d7caae{/,null,AVAILABLE,@Spark}
24/12/30 18:03:16 INFO ContextHandler: Started o.s.j.s.ServletContextHandler@2c3c55fc{/api,null,AVAILABLE,@Spark}
24/12/30 18:03:16 INFO ContextHandler: Started o.s.j.s.ServletContextHandler@241dddef{/jobs/job/kill,null,AVAILABLE,@Spark}
24/12/30 18:03:16 INFO ContextHandler: Started o.s.j.s.ServletContextHandler@b4151cc{/stages/stage/kill,null,AVAILABLE,@Spark}
24/12/30 18:03:16 INFO ContextHandler: Started o.s.j.s.ServletContextHandler@50aee95c{/metrics/json,null,AVAILABLE,@Spark}
24/12/30 18:03:16 INFO Hello Spark: Starting HelloSpark
24/12/30 18:03:16 INFO SharedState: Setting hive.metastore.warehouse.dir ('null') to the value of spark.sql.warehouse.dir.
24/12/30 18:03:16 INFO SharedState: Warehouse path is 'file:/home/bidut/Desktop/dev/pyspark_learn/Course01Learn/HelloSpark/spark-warehouse'.
24/12/30 18:03:16 INFO ContextHandler: Started o.s.j.s.ServletContextHandler@110a033b{/SQL,null,AVAILABLE,@Spark}
24/12/30 18:03:16 INFO ContextHandler: Started o.s.j.s.ServletContextHandler@7090f3f6{/SQL/json,null,AVAILABLE,@Spark}
24/12/30 18:03:16 INFO ContextHandler: Started o.s.j.s.ServletContextHandler@52965f5{/SQL/execution,null,AVAILABLE,@Spark}
24/12/30 18:03:16 INFO ContextHandler: Started o.s.j.s.ServletContextHandler@75c50e4b{/SQL/execution/json,null,AVAILABLE,@Spark}
24/12/30 18:03:16 INFO ContextHandler: Started o.s.j.s.ServletContextHandler@6811bc03{/static/sql,null,AVAILABLE,@Spark}
24/12/30 18:03:17 INFO InMemoryFileIndex: It took 38 ms to list leaf files for 1 paths.
24/12/30 18:03:17 INFO InMemoryFileIndex: It took 2 ms to list leaf files for 1 paths.
24/12/30 18:03:19 INFO FileSourceStrategy: Pushed Filters: 
24/12/30 18:03:19 INFO FileSourceStrategy: Post-Scan Filters: (length(trim(value#0, None)) > 0)
24/12/30 18:03:20 INFO CodeGenerator: Code generated in 142.918636 ms
24/12/30 18:03:20 INFO MemoryStore: Block broadcast_0 stored as values in memory (estimated size 199.4 KiB, free 434.2 MiB)
24/12/30 18:03:20 INFO MemoryStore: Block broadcast_0_piece0 stored as bytes in memory (estimated size 34.2 KiB, free 434.2 MiB)
24/12/30 18:03:20 INFO BlockManagerInfo: Added broadcast_0_piece0 in memory on 192.168.29.182:43709 (size: 34.2 KiB, free: 434.4 MiB)
24/12/30 18:03:20 INFO SparkContext: Created broadcast 0 from csv at NativeMethodAccessorImpl.java:0
24/12/30 18:03:20 INFO FileSourceScanExec: Planning scan with bin packing, max size: 4194304 bytes, open cost is considered as scanning 4194304 bytes.
24/12/30 18:03:20 INFO SparkContext: Starting job: csv at NativeMethodAccessorImpl.java:0
24/12/30 18:03:20 INFO DAGScheduler: Got job 0 (csv at NativeMethodAccessorImpl.java:0) with 1 output partitions
24/12/30 18:03:20 INFO DAGScheduler: Final stage: ResultStage 0 (csv at NativeMethodAccessorImpl.java:0)
24/12/30 18:03:20 INFO DAGScheduler: Parents of final stage: List()
24/12/30 18:03:20 INFO DAGScheduler: Missing parents: List()
24/12/30 18:03:20 INFO DAGScheduler: Submitting ResultStage 0 (MapPartitionsRDD[3] at csv at NativeMethodAccessorImpl.java:0), which has no missing parents
24/12/30 18:03:20 INFO MemoryStore: Block broadcast_1 stored as values in memory (estimated size 13.5 KiB, free 434.2 MiB)
24/12/30 18:03:20 INFO MemoryStore: Block broadcast_1_piece0 stored as bytes in memory (estimated size 6.4 KiB, free 434.2 MiB)
24/12/30 18:03:20 INFO BlockManagerInfo: Added broadcast_1_piece0 in memory on 192.168.29.182:43709 (size: 6.4 KiB, free: 434.4 MiB)
24/12/30 18:03:20 INFO SparkContext: Created broadcast 1 from broadcast at DAGScheduler.scala:1585
24/12/30 18:03:20 INFO DAGScheduler: Submitting 1 missing tasks from ResultStage 0 (MapPartitionsRDD[3] at csv at NativeMethodAccessorImpl.java:0) (first 15 tasks are for partitions Vector(0))
24/12/30 18:03:20 INFO TaskSchedulerImpl: Adding task set 0.0 with 1 tasks resource profile 0
24/12/30 18:03:20 INFO TaskSetManager: Starting task 0.0 in stage 0.0 (TID 0) (192.168.29.182, executor driver, partition 0, PROCESS_LOCAL, 9647 bytes) 
24/12/30 18:03:20 INFO Executor: Running task 0.0 in stage 0.0 (TID 0)
24/12/30 18:03:20 INFO CodeGenerator: Code generated in 12.457736 ms
24/12/30 18:03:20 INFO FileScanRDD: Reading File path: file:///home/bidut/Desktop/dev/pyspark_learn/Course01Learn/HelloSpark/data/sample.csv, range: 0-2214, partition values: [empty row]
24/12/30 18:03:20 INFO CodeGenerator: Code generated in 10.418106 ms
24/12/30 18:03:20 INFO Executor: Finished task 0.0 in stage 0.0 (TID 0). 1933 bytes result sent to driver
24/12/30 18:03:20 INFO TaskSetManager: Finished task 0.0 in stage 0.0 (TID 0) in 218 ms on 192.168.29.182 (executor driver) (1/1)
24/12/30 18:03:20 INFO TaskSchedulerImpl: Removed TaskSet 0.0, whose tasks have all completed, from pool 
24/12/30 18:03:20 INFO DAGScheduler: ResultStage 0 (csv at NativeMethodAccessorImpl.java:0) finished in 0.356 s
24/12/30 18:03:20 INFO DAGScheduler: Job 0 is finished. Cancelling potential speculative or zombie tasks for this job
24/12/30 18:03:20 INFO TaskSchedulerImpl: Killing all running tasks in stage 0: Stage finished
24/12/30 18:03:20 INFO DAGScheduler: Job 0 finished: csv at NativeMethodAccessorImpl.java:0, took 0.395332 s
24/12/30 18:03:20 INFO CodeGenerator: Code generated in 7.925715 ms
24/12/30 18:03:20 INFO FileSourceStrategy: Pushed Filters: 
24/12/30 18:03:20 INFO FileSourceStrategy: Post-Scan Filters: 
24/12/30 18:03:20 INFO MemoryStore: Block broadcast_2 stored as values in memory (estimated size 199.4 KiB, free 434.0 MiB)
24/12/30 18:03:21 INFO MemoryStore: Block broadcast_2_piece0 stored as bytes in memory (estimated size 34.2 KiB, free 433.9 MiB)
24/12/30 18:03:21 INFO BlockManagerInfo: Added broadcast_2_piece0 in memory on 192.168.29.182:43709 (size: 34.2 KiB, free: 434.3 MiB)
24/12/30 18:03:21 INFO SparkContext: Created broadcast 2 from csv at NativeMethodAccessorImpl.java:0
24/12/30 18:03:21 INFO FileSourceScanExec: Planning scan with bin packing, max size: 4194304 bytes, open cost is considered as scanning 4194304 bytes.
24/12/30 18:03:21 INFO SparkContext: Starting job: csv at NativeMethodAccessorImpl.java:0
24/12/30 18:03:21 INFO DAGScheduler: Got job 1 (csv at NativeMethodAccessorImpl.java:0) with 1 output partitions
24/12/30 18:03:21 INFO DAGScheduler: Final stage: ResultStage 1 (csv at NativeMethodAccessorImpl.java:0)
24/12/30 18:03:21 INFO DAGScheduler: Parents of final stage: List()
24/12/30 18:03:21 INFO DAGScheduler: Missing parents: List()
24/12/30 18:03:21 INFO DAGScheduler: Submitting ResultStage 1 (MapPartitionsRDD[9] at csv at NativeMethodAccessorImpl.java:0), which has no missing parents
24/12/30 18:03:21 INFO BlockManagerInfo: Removed broadcast_1_piece0 on 192.168.29.182:43709 in memory (size: 6.4 KiB, free: 434.3 MiB)
24/12/30 18:03:21 INFO BlockManagerInfo: Removed broadcast_0_piece0 on 192.168.29.182:43709 in memory (size: 34.2 KiB, free: 434.4 MiB)
24/12/30 18:03:21 INFO MemoryStore: Block broadcast_3 stored as values in memory (estimated size 27.6 KiB, free 434.1 MiB)
24/12/30 18:03:21 INFO MemoryStore: Block broadcast_3_piece0 stored as bytes in memory (estimated size 13.1 KiB, free 434.1 MiB)
24/12/30 18:03:21 INFO BlockManagerInfo: Added broadcast_3_piece0 in memory on 192.168.29.182:43709 (size: 13.1 KiB, free: 434.4 MiB)
24/12/30 18:03:21 INFO SparkContext: Created broadcast 3 from broadcast at DAGScheduler.scala:1585
24/12/30 18:03:21 INFO DAGScheduler: Submitting 1 missing tasks from ResultStage 1 (MapPartitionsRDD[9] at csv at NativeMethodAccessorImpl.java:0) (first 15 tasks are for partitions Vector(0))
24/12/30 18:03:21 INFO TaskSchedulerImpl: Adding task set 1.0 with 1 tasks resource profile 0
24/12/30 18:03:21 INFO TaskSetManager: Starting task 0.0 in stage 1.0 (TID 1) (192.168.29.182, executor driver, partition 0, PROCESS_LOCAL, 9647 bytes) 
24/12/30 18:03:21 INFO Executor: Running task 0.0 in stage 1.0 (TID 1)
24/12/30 18:03:21 INFO CodeGenerator: Code generated in 8.368828 ms
24/12/30 18:03:21 INFO FileScanRDD: Reading File path: file:///home/bidut/Desktop/dev/pyspark_learn/Course01Learn/HelloSpark/data/sample.csv, range: 0-2214, partition values: [empty row]
24/12/30 18:03:21 INFO Executor: Finished task 0.0 in stage 1.0 (TID 1). 1792 bytes result sent to driver
24/12/30 18:03:21 INFO TaskSetManager: Finished task 0.0 in stage 1.0 (TID 1) in 258 ms on 192.168.29.182 (executor driver) (1/1)
24/12/30 18:03:21 INFO TaskSchedulerImpl: Removed TaskSet 1.0, whose tasks have all completed, from pool 
24/12/30 18:03:21 INFO DAGScheduler: ResultStage 1 (csv at NativeMethodAccessorImpl.java:0) finished in 0.303 s
24/12/30 18:03:21 INFO DAGScheduler: Job 1 is finished. Cancelling potential speculative or zombie tasks for this job
24/12/30 18:03:21 INFO TaskSchedulerImpl: Killing all running tasks in stage 1: Stage finished
24/12/30 18:03:21 INFO DAGScheduler: Job 1 finished: csv at NativeMethodAccessorImpl.java:0, took 0.313095 s
24/12/30 18:03:21 INFO FileSourceStrategy: Pushed Filters: IsNotNull(Age),LessThan(Age,40)
24/12/30 18:03:21 INFO FileSourceStrategy: Post-Scan Filters: isnotnull(Age#18),(Age#18 < 40)
24/12/30 18:03:21 INFO CodeGenerator: Code generated in 56.036607 ms
24/12/30 18:03:21 INFO MemoryStore: Block broadcast_4 stored as values in memory (estimated size 199.3 KiB, free 433.9 MiB)
24/12/30 18:03:21 INFO MemoryStore: Block broadcast_4_piece0 stored as bytes in memory (estimated size 34.2 KiB, free 433.9 MiB)
24/12/30 18:03:21 INFO BlockManagerInfo: Added broadcast_4_piece0 in memory on 192.168.29.182:43709 (size: 34.2 KiB, free: 434.3 MiB)
24/12/30 18:03:21 INFO SparkContext: Created broadcast 4 from showString at NativeMethodAccessorImpl.java:0
24/12/30 18:03:21 INFO FileSourceScanExec: Planning scan with bin packing, max size: 4194304 bytes, open cost is considered as scanning 4194304 bytes.
24/12/30 18:03:21 INFO DAGScheduler: Registering RDD 13 (showString at NativeMethodAccessorImpl.java:0) as input to shuffle 0
24/12/30 18:03:21 INFO DAGScheduler: Got map stage job 2 (showString at NativeMethodAccessorImpl.java:0) with 1 output partitions
24/12/30 18:03:21 INFO DAGScheduler: Final stage: ShuffleMapStage 2 (showString at NativeMethodAccessorImpl.java:0)
24/12/30 18:03:21 INFO DAGScheduler: Parents of final stage: List()
24/12/30 18:03:21 INFO DAGScheduler: Missing parents: List()
24/12/30 18:03:21 INFO DAGScheduler: Submitting ShuffleMapStage 2 (MapPartitionsRDD[13] at showString at NativeMethodAccessorImpl.java:0), which has no missing parents
24/12/30 18:03:21 INFO MemoryStore: Block broadcast_5 stored as values in memory (estimated size 41.8 KiB, free 433.9 MiB)
24/12/30 18:03:21 INFO MemoryStore: Block broadcast_5_piece0 stored as bytes in memory (estimated size 19.7 KiB, free 433.8 MiB)
24/12/30 18:03:21 INFO BlockManagerInfo: Added broadcast_5_piece0 in memory on 192.168.29.182:43709 (size: 19.7 KiB, free: 434.3 MiB)
24/12/30 18:03:21 INFO SparkContext: Created broadcast 5 from broadcast at DAGScheduler.scala:1585
24/12/30 18:03:21 INFO DAGScheduler: Submitting 1 missing tasks from ShuffleMapStage 2 (MapPartitionsRDD[13] at showString at NativeMethodAccessorImpl.java:0) (first 15 tasks are for partitions Vector(0))
24/12/30 18:03:21 INFO TaskSchedulerImpl: Adding task set 2.0 with 1 tasks resource profile 0
24/12/30 18:03:21 INFO TaskSetManager: Starting task 0.0 in stage 2.0 (TID 2) (192.168.29.182, executor driver, partition 0, PROCESS_LOCAL, 9636 bytes) 
24/12/30 18:03:21 INFO Executor: Running task 0.0 in stage 2.0 (TID 2)
24/12/30 18:03:21 INFO CodeGenerator: Code generated in 29.303669 ms
24/12/30 18:03:21 INFO CodeGenerator: Code generated in 8.859091 ms
24/12/30 18:03:21 INFO CodeGenerator: Code generated in 5.318737 ms
24/12/30 18:03:22 INFO CodeGenerator: Code generated in 6.089984 ms
24/12/30 18:03:22 INFO FileScanRDD: Reading File path: file:///home/bidut/Desktop/dev/pyspark_learn/Course01Learn/HelloSpark/data/sample.csv, range: 0-2214, partition values: [empty row]
24/12/30 18:03:22 INFO CodeGenerator: Code generated in 8.29594 ms
24/12/30 18:03:22 INFO CodeGenerator: Code generated in 4.823905 ms
24/12/30 18:03:22 INFO Executor: Finished task 0.0 in stage 2.0 (TID 2). 2823 bytes result sent to driver
24/12/30 18:03:22 INFO TaskSetManager: Finished task 0.0 in stage 2.0 (TID 2) in 213 ms on 192.168.29.182 (executor driver) (1/1)
24/12/30 18:03:22 INFO TaskSchedulerImpl: Removed TaskSet 2.0, whose tasks have all completed, from pool 
24/12/30 18:03:22 INFO DAGScheduler: ShuffleMapStage 2 (showString at NativeMethodAccessorImpl.java:0) finished in 0.236 s
24/12/30 18:03:22 INFO DAGScheduler: looking for newly runnable stages
24/12/30 18:03:22 INFO DAGScheduler: running: Set()
24/12/30 18:03:22 INFO DAGScheduler: waiting: Set()
24/12/30 18:03:22 INFO DAGScheduler: failed: Set()
24/12/30 18:03:22 INFO BlockManagerInfo: Removed broadcast_5_piece0 on 192.168.29.182:43709 in memory (size: 19.7 KiB, free: 434.3 MiB)
24/12/30 18:03:22 INFO BlockManagerInfo: Removed broadcast_3_piece0 on 192.168.29.182:43709 in memory (size: 13.1 KiB, free: 434.3 MiB)
24/12/30 18:03:22 INFO BlockManagerInfo: Removed broadcast_2_piece0 on 192.168.29.182:43709 in memory (size: 34.2 KiB, free: 434.4 MiB)
24/12/30 18:03:22 INFO ShufflePartitionsUtil: For shuffle(0), advisory target size: 67108864, actual target size 1048576, minimum partition size: 1048576
24/12/30 18:03:22 INFO HashAggregateExec: spark.sql.codegen.aggregate.map.twolevel.enabled is set to true, but current version of codegened fast hashmap does not support this aggregate.
24/12/30 18:03:22 INFO CodeGenerator: Code generated in 12.607161 ms
24/12/30 18:03:22 INFO SparkContext: Starting job: showString at NativeMethodAccessorImpl.java:0
24/12/30 18:03:22 INFO DAGScheduler: Got job 3 (showString at NativeMethodAccessorImpl.java:0) with 1 output partitions
24/12/30 18:03:22 INFO DAGScheduler: Final stage: ResultStage 4 (showString at NativeMethodAccessorImpl.java:0)
24/12/30 18:03:22 INFO DAGScheduler: Parents of final stage: List(ShuffleMapStage 3)
24/12/30 18:03:22 INFO DAGScheduler: Missing parents: List()
24/12/30 18:03:22 INFO DAGScheduler: Submitting ResultStage 4 (MapPartitionsRDD[16] at showString at NativeMethodAccessorImpl.java:0), which has no missing parents
24/12/30 18:03:22 INFO MemoryStore: Block broadcast_6 stored as values in memory (estimated size 44.1 KiB, free 434.1 MiB)
24/12/30 18:03:22 INFO MemoryStore: Block broadcast_6_piece0 stored as bytes in memory (estimated size 21.0 KiB, free 434.1 MiB)
24/12/30 18:03:22 INFO BlockManagerInfo: Added broadcast_6_piece0 in memory on 192.168.29.182:43709 (size: 21.0 KiB, free: 434.3 MiB)
24/12/30 18:03:22 INFO SparkContext: Created broadcast 6 from broadcast at DAGScheduler.scala:1585
24/12/30 18:03:22 INFO DAGScheduler: Submitting 1 missing tasks from ResultStage 4 (MapPartitionsRDD[16] at showString at NativeMethodAccessorImpl.java:0) (first 15 tasks are for partitions Vector(0))
24/12/30 18:03:22 INFO TaskSchedulerImpl: Adding task set 4.0 with 1 tasks resource profile 0
24/12/30 18:03:22 INFO TaskSetManager: Starting task 0.0 in stage 4.0 (TID 3) (192.168.29.182, executor driver, partition 0, NODE_LOCAL, 8999 bytes) 
24/12/30 18:03:22 INFO Executor: Running task 0.0 in stage 4.0 (TID 3)
24/12/30 18:03:22 INFO ShuffleBlockFetcherIterator: Getting 1 (232.0 B) non-empty blocks including 1 (232.0 B) local and 0 (0.0 B) host-local and 0 (0.0 B) push-merged-local and 0 (0.0 B) remote blocks
24/12/30 18:03:22 INFO ShuffleBlockFetcherIterator: Started 0 remote fetches in 9 ms
24/12/30 18:03:22 INFO CodeGenerator: Code generated in 13.449632 ms
24/12/30 18:03:22 INFO Executor: Finished task 0.0 in stage 4.0 (TID 3). 5257 bytes result sent to driver
24/12/30 18:03:22 INFO TaskSetManager: Finished task 0.0 in stage 4.0 (TID 3) in 84 ms on 192.168.29.182 (executor driver) (1/1)
24/12/30 18:03:22 INFO TaskSchedulerImpl: Removed TaskSet 4.0, whose tasks have all completed, from pool 
24/12/30 18:03:22 INFO DAGScheduler: ResultStage 4 (showString at NativeMethodAccessorImpl.java:0) finished in 0.097 s
24/12/30 18:03:22 INFO DAGScheduler: Job 3 is finished. Cancelling potential speculative or zombie tasks for this job
24/12/30 18:03:22 INFO TaskSchedulerImpl: Killing all running tasks in stage 4: Stage finished
24/12/30 18:03:22 INFO DAGScheduler: Job 3 finished: showString at NativeMethodAccessorImpl.java:0, took 0.112889 s
24/12/30 18:03:22 INFO CodeGenerator: Code generated in 12.316697 ms
24/12/30 18:03:22 INFO Hello Spark: Finished HelloSpark
24/12/30 18:03:22 INFO SparkContext: Invoking stop() from shutdown hook
24/12/30 18:03:22 INFO SparkContext: SparkContext is stopping with exitCode 0.
24/12/30 18:03:22 INFO AbstractConnector: Stopped Spark@673ab417{HTTP/1.1, (http/1.1)}{0.0.0.0:4041}
24/12/30 18:03:22 INFO SparkUI: Stopped Spark web UI at http://192.168.29.182:4041
24/12/30 18:03:22 INFO MapOutputTrackerMasterEndpoint: MapOutputTrackerMasterEndpoint stopped!
24/12/30 18:03:22 INFO MemoryStore: MemoryStore cleared
24/12/30 18:03:22 INFO BlockManager: BlockManager stopped
24/12/30 18:03:22 INFO BlockManagerMaster: BlockManagerMaster stopped
24/12/30 18:03:22 INFO OutputCommitCoordinator$OutputCommitCoordinatorEndpoint: OutputCommitCoordinator stopped!
24/12/30 18:03:22 INFO SparkContext: Successfully stopped SparkContext
24/12/30 18:03:22 INFO ShutdownHookManager: Shutdown hook called
24/12/30 18:03:22 INFO ShutdownHookManager: Deleting directory /tmp/spark-b99d72a7-f357-4d7e-a635-1952d5d45dc6/pyspark-29054bb4-bdee-4315-ae73-1badd7884aa1
24/12/30 18:03:22 INFO ShutdownHookManager: Deleting directory /tmp/spark-b99d72a7-f357-4d7e-a635-1952d5d45dc6
24/12/30 18:03:22 INFO ShutdownHookManager: Deleting directory /tmp/spark-d5302900-035d-4157-ab1f-da1f53f66a23
24/12/31 10:06:21 WARN Utils: Your hostname, bidut-HP-Laptop-14s-fq1xxx resolves to a loopback address: 127.0.1.1; using 192.168.29.182 instead (on interface wlo1)
24/12/31 10:06:21 WARN Utils: Set SPARK_LOCAL_IP if you need to bind to another address
24/12/31 10:06:21 INFO SparkContext: Running Spark version 3.5.4
24/12/31 10:06:21 INFO SparkContext: OS info Linux, 5.15.0-126-generic, amd64
24/12/31 10:06:21 INFO SparkContext: Java version 11.0.25
24/12/31 10:06:21 WARN NativeCodeLoader: Unable to load native-hadoop library for your platform... using builtin-java classes where applicable
24/12/31 10:06:21 INFO ResourceUtils: ==============================================================
24/12/31 10:06:21 INFO ResourceUtils: No custom resources configured for spark.driver.
24/12/31 10:06:21 INFO ResourceUtils: ==============================================================
24/12/31 10:06:21 INFO SparkContext: Submitted application: Hello Spark
24/12/31 10:06:22 INFO ResourceProfile: Default ResourceProfile created, executor resources: Map(cores -> name: cores, amount: 1, script: , vendor: , memory -> name: memory, amount: 1024, script: , vendor: , offHeap -> name: offHeap, amount: 0, script: , vendor: ), task resources: Map(cpus -> name: cpus, amount: 1.0)
24/12/31 10:06:22 INFO ResourceProfile: Limiting resource is cpu
24/12/31 10:06:22 INFO ResourceProfileManager: Added ResourceProfile id: 0
24/12/31 10:06:22 INFO SecurityManager: Changing view acls to: bidut
24/12/31 10:06:22 INFO SecurityManager: Changing modify acls to: bidut
24/12/31 10:06:22 INFO SecurityManager: Changing view acls groups to: 
24/12/31 10:06:22 INFO SecurityManager: Changing modify acls groups to: 
24/12/31 10:06:22 INFO SecurityManager: SecurityManager: authentication disabled; ui acls disabled; users with view permissions: bidut; groups with view permissions: EMPTY; users with modify permissions: bidut; groups with modify permissions: EMPTY
24/12/31 10:06:22 INFO Utils: Successfully started service 'sparkDriver' on port 44835.
24/12/31 10:06:22 INFO SparkEnv: Registering MapOutputTracker
24/12/31 10:06:22 INFO SparkEnv: Registering BlockManagerMaster
24/12/31 10:06:22 INFO BlockManagerMasterEndpoint: Using org.apache.spark.storage.DefaultTopologyMapper for getting topology information
24/12/31 10:06:22 INFO BlockManagerMasterEndpoint: BlockManagerMasterEndpoint up
24/12/31 10:06:22 INFO SparkEnv: Registering BlockManagerMasterHeartbeat
24/12/31 10:06:22 INFO DiskBlockManager: Created local directory at /tmp/blockmgr-b9f267f6-86e8-4bbd-a479-c93cc20513af
24/12/31 10:06:22 INFO MemoryStore: MemoryStore started with capacity 434.4 MiB
24/12/31 10:06:22 INFO SparkEnv: Registering OutputCommitCoordinator
24/12/31 10:06:22 INFO log: Logging initialized @2799ms to org.sparkproject.jetty.util.log.Slf4jLog
24/12/31 10:06:22 INFO JettyUtils: Start Jetty 0.0.0.0:4040 for SparkUI
24/12/31 10:06:22 INFO Server: jetty-9.4.56.v20240826; built: 2024-08-26T17:15:05.868Z; git: ec6782ff5ead824dabdcf47fa98f90a4aedff401; jvm 11.0.25+9-post-Ubuntu-1ubuntu120.04
24/12/31 10:06:22 INFO Server: Started @2968ms
24/12/31 10:06:22 WARN Utils: Service 'SparkUI' could not bind on port 4040. Attempting port 4041.
24/12/31 10:06:22 INFO AbstractConnector: Started ServerConnector@62379d87{HTTP/1.1, (http/1.1)}{0.0.0.0:4041}
24/12/31 10:06:22 INFO Utils: Successfully started service 'SparkUI' on port 4041.
24/12/31 10:06:22 INFO ContextHandler: Started o.s.j.s.ServletContextHandler@3146b51d{/,null,AVAILABLE,@Spark}
24/12/31 10:06:22 INFO Executor: Starting executor ID driver on host 192.168.29.182
24/12/31 10:06:22 INFO Executor: OS info Linux, 5.15.0-126-generic, amd64
24/12/31 10:06:22 INFO Executor: Java version 11.0.25
24/12/31 10:06:22 INFO Executor: Starting executor with user classpath (userClassPathFirst = false): ''
24/12/31 10:06:22 INFO Executor: Created or updated repl class loader org.apache.spark.util.MutableURLClassLoader@47821bc1 for default.
24/12/31 10:06:22 INFO Utils: Successfully started service 'org.apache.spark.network.netty.NettyBlockTransferService' on port 35993.
24/12/31 10:06:22 INFO NettyBlockTransferService: Server created on 192.168.29.182:35993
24/12/31 10:06:22 INFO BlockManager: Using org.apache.spark.storage.RandomBlockReplicationPolicy for block replication policy
24/12/31 10:06:22 INFO BlockManagerMaster: Registering BlockManager BlockManagerId(driver, 192.168.29.182, 35993, None)
24/12/31 10:06:22 INFO BlockManagerMasterEndpoint: Registering block manager 192.168.29.182:35993 with 434.4 MiB RAM, BlockManagerId(driver, 192.168.29.182, 35993, None)
24/12/31 10:06:22 INFO BlockManagerMaster: Registered BlockManager BlockManagerId(driver, 192.168.29.182, 35993, None)
24/12/31 10:06:22 INFO BlockManager: Initialized BlockManager: BlockManagerId(driver, 192.168.29.182, 35993, None)
24/12/31 10:06:23 INFO ContextHandler: Stopped o.s.j.s.ServletContextHandler@3146b51d{/,null,STOPPED,@Spark}
24/12/31 10:06:23 INFO ContextHandler: Started o.s.j.s.ServletContextHandler@fe6e7df{/jobs,null,AVAILABLE,@Spark}
24/12/31 10:06:23 INFO ContextHandler: Started o.s.j.s.ServletContextHandler@3ae81cf4{/jobs/json,null,AVAILABLE,@Spark}
24/12/31 10:06:23 INFO ContextHandler: Started o.s.j.s.ServletContextHandler@64626529{/jobs/job,null,AVAILABLE,@Spark}
24/12/31 10:06:23 INFO ContextHandler: Started o.s.j.s.ServletContextHandler@5a23d875{/jobs/job/json,null,AVAILABLE,@Spark}
24/12/31 10:06:23 INFO ContextHandler: Started o.s.j.s.ServletContextHandler@d05dd1c{/stages,null,AVAILABLE,@Spark}
24/12/31 10:06:23 INFO ContextHandler: Started o.s.j.s.ServletContextHandler@42235f52{/stages/json,null,AVAILABLE,@Spark}
24/12/31 10:06:23 INFO ContextHandler: Started o.s.j.s.ServletContextHandler@636cb68e{/stages/stage,null,AVAILABLE,@Spark}
24/12/31 10:06:23 INFO ContextHandler: Started o.s.j.s.ServletContextHandler@33e79137{/stages/stage/json,null,AVAILABLE,@Spark}
24/12/31 10:06:23 INFO ContextHandler: Started o.s.j.s.ServletContextHandler@19c12fc{/stages/pool,null,AVAILABLE,@Spark}
24/12/31 10:06:23 INFO ContextHandler: Started o.s.j.s.ServletContextHandler@b607416{/stages/pool/json,null,AVAILABLE,@Spark}
24/12/31 10:06:23 INFO ContextHandler: Started o.s.j.s.ServletContextHandler@7d3dc3de{/storage,null,AVAILABLE,@Spark}
24/12/31 10:06:23 INFO ContextHandler: Started o.s.j.s.ServletContextHandler@78e5a855{/storage/json,null,AVAILABLE,@Spark}
24/12/31 10:06:23 INFO ContextHandler: Started o.s.j.s.ServletContextHandler@4e6dd82c{/storage/rdd,null,AVAILABLE,@Spark}
24/12/31 10:06:23 INFO ContextHandler: Started o.s.j.s.ServletContextHandler@6bbf76d{/storage/rdd/json,null,AVAILABLE,@Spark}
24/12/31 10:06:23 INFO ContextHandler: Started o.s.j.s.ServletContextHandler@15c2207e{/environment,null,AVAILABLE,@Spark}
24/12/31 10:06:23 INFO ContextHandler: Started o.s.j.s.ServletContextHandler@5599f5bf{/environment/json,null,AVAILABLE,@Spark}
24/12/31 10:06:23 INFO ContextHandler: Started o.s.j.s.ServletContextHandler@15c41aeb{/executors,null,AVAILABLE,@Spark}
24/12/31 10:06:23 INFO ContextHandler: Started o.s.j.s.ServletContextHandler@fb7fbd{/executors/json,null,AVAILABLE,@Spark}
24/12/31 10:06:23 INFO ContextHandler: Started o.s.j.s.ServletContextHandler@2c8e467a{/executors/threadDump,null,AVAILABLE,@Spark}
24/12/31 10:06:23 INFO ContextHandler: Started o.s.j.s.ServletContextHandler@471cd361{/executors/threadDump/json,null,AVAILABLE,@Spark}
24/12/31 10:06:23 INFO ContextHandler: Started o.s.j.s.ServletContextHandler@40295875{/executors/heapHistogram,null,AVAILABLE,@Spark}
24/12/31 10:06:23 INFO ContextHandler: Started o.s.j.s.ServletContextHandler@7756109e{/executors/heapHistogram/json,null,AVAILABLE,@Spark}
24/12/31 10:06:23 INFO ContextHandler: Started o.s.j.s.ServletContextHandler@3033bb1b{/static,null,AVAILABLE,@Spark}
24/12/31 10:06:23 INFO ContextHandler: Started o.s.j.s.ServletContextHandler@22a273f2{/,null,AVAILABLE,@Spark}
24/12/31 10:06:23 INFO ContextHandler: Started o.s.j.s.ServletContextHandler@5c23684{/api,null,AVAILABLE,@Spark}
24/12/31 10:06:23 INFO ContextHandler: Started o.s.j.s.ServletContextHandler@6606b735{/jobs/job/kill,null,AVAILABLE,@Spark}
24/12/31 10:06:23 INFO ContextHandler: Started o.s.j.s.ServletContextHandler@5c47512{/stages/stage/kill,null,AVAILABLE,@Spark}
24/12/31 10:06:23 INFO ContextHandler: Started o.s.j.s.ServletContextHandler@13a88182{/metrics/json,null,AVAILABLE,@Spark}
24/12/31 10:06:23 INFO Hello Spark: Starting HelloSpark
24/12/31 10:06:23 INFO SharedState: Setting hive.metastore.warehouse.dir ('null') to the value of spark.sql.warehouse.dir.
24/12/31 10:06:23 INFO SharedState: Warehouse path is 'file:/home/bidut/Desktop/dev/pyspark_learn/Course01Learn/HelloSpark/spark-warehouse'.
24/12/31 10:06:23 INFO ContextHandler: Started o.s.j.s.ServletContextHandler@1cd28573{/SQL,null,AVAILABLE,@Spark}
24/12/31 10:06:23 INFO ContextHandler: Started o.s.j.s.ServletContextHandler@616e3e03{/SQL/json,null,AVAILABLE,@Spark}
24/12/31 10:06:23 INFO ContextHandler: Started o.s.j.s.ServletContextHandler@349b8e55{/SQL/execution,null,AVAILABLE,@Spark}
24/12/31 10:06:23 INFO ContextHandler: Started o.s.j.s.ServletContextHandler@642de540{/SQL/execution/json,null,AVAILABLE,@Spark}
24/12/31 10:06:23 INFO ContextHandler: Started o.s.j.s.ServletContextHandler@2f35d24e{/static/sql,null,AVAILABLE,@Spark}
24/12/31 10:06:24 INFO InMemoryFileIndex: It took 41 ms to list leaf files for 1 paths.
24/12/31 10:06:24 INFO InMemoryFileIndex: It took 2 ms to list leaf files for 1 paths.
24/12/31 10:06:26 INFO FileSourceStrategy: Pushed Filters: 
24/12/31 10:06:26 INFO FileSourceStrategy: Post-Scan Filters: (length(trim(value#0, None)) > 0)
24/12/31 10:06:27 INFO CodeGenerator: Code generated in 155.744158 ms
24/12/31 10:06:27 INFO MemoryStore: Block broadcast_0 stored as values in memory (estimated size 199.4 KiB, free 434.2 MiB)
24/12/31 10:06:27 INFO MemoryStore: Block broadcast_0_piece0 stored as bytes in memory (estimated size 34.2 KiB, free 434.2 MiB)
24/12/31 10:06:27 INFO BlockManagerInfo: Added broadcast_0_piece0 in memory on 192.168.29.182:35993 (size: 34.2 KiB, free: 434.4 MiB)
24/12/31 10:06:27 INFO SparkContext: Created broadcast 0 from csv at NativeMethodAccessorImpl.java:0
24/12/31 10:06:27 INFO FileSourceScanExec: Planning scan with bin packing, max size: 4194304 bytes, open cost is considered as scanning 4194304 bytes.
24/12/31 10:06:27 INFO SparkContext: Starting job: csv at NativeMethodAccessorImpl.java:0
24/12/31 10:06:27 INFO DAGScheduler: Got job 0 (csv at NativeMethodAccessorImpl.java:0) with 1 output partitions
24/12/31 10:06:27 INFO DAGScheduler: Final stage: ResultStage 0 (csv at NativeMethodAccessorImpl.java:0)
24/12/31 10:06:27 INFO DAGScheduler: Parents of final stage: List()
24/12/31 10:06:27 INFO DAGScheduler: Missing parents: List()
24/12/31 10:06:27 INFO DAGScheduler: Submitting ResultStage 0 (MapPartitionsRDD[3] at csv at NativeMethodAccessorImpl.java:0), which has no missing parents
24/12/31 10:06:27 INFO MemoryStore: Block broadcast_1 stored as values in memory (estimated size 13.5 KiB, free 434.2 MiB)
24/12/31 10:06:27 INFO MemoryStore: Block broadcast_1_piece0 stored as bytes in memory (estimated size 6.4 KiB, free 434.2 MiB)
24/12/31 10:06:27 INFO BlockManagerInfo: Added broadcast_1_piece0 in memory on 192.168.29.182:35993 (size: 6.4 KiB, free: 434.4 MiB)
24/12/31 10:06:27 INFO SparkContext: Created broadcast 1 from broadcast at DAGScheduler.scala:1585
24/12/31 10:06:27 INFO DAGScheduler: Submitting 1 missing tasks from ResultStage 0 (MapPartitionsRDD[3] at csv at NativeMethodAccessorImpl.java:0) (first 15 tasks are for partitions Vector(0))
24/12/31 10:06:27 INFO TaskSchedulerImpl: Adding task set 0.0 with 1 tasks resource profile 0
24/12/31 10:06:27 INFO TaskSetManager: Starting task 0.0 in stage 0.0 (TID 0) (192.168.29.182, executor driver, partition 0, PROCESS_LOCAL, 9647 bytes) 
24/12/31 10:06:27 INFO Executor: Running task 0.0 in stage 0.0 (TID 0)
24/12/31 10:06:27 INFO CodeGenerator: Code generated in 10.911476 ms
24/12/31 10:06:27 INFO FileScanRDD: Reading File path: file:///home/bidut/Desktop/dev/pyspark_learn/Course01Learn/HelloSpark/data/sample.csv, range: 0-2214, partition values: [empty row]
24/12/31 10:06:27 INFO CodeGenerator: Code generated in 9.954892 ms
24/12/31 10:06:27 INFO Executor: Finished task 0.0 in stage 0.0 (TID 0). 1933 bytes result sent to driver
24/12/31 10:06:27 INFO TaskSetManager: Finished task 0.0 in stage 0.0 (TID 0) in 209 ms on 192.168.29.182 (executor driver) (1/1)
24/12/31 10:06:27 INFO TaskSchedulerImpl: Removed TaskSet 0.0, whose tasks have all completed, from pool 
24/12/31 10:06:27 INFO DAGScheduler: ResultStage 0 (csv at NativeMethodAccessorImpl.java:0) finished in 0.340 s
24/12/31 10:06:27 INFO DAGScheduler: Job 0 is finished. Cancelling potential speculative or zombie tasks for this job
24/12/31 10:06:27 INFO TaskSchedulerImpl: Killing all running tasks in stage 0: Stage finished
24/12/31 10:06:27 INFO DAGScheduler: Job 0 finished: csv at NativeMethodAccessorImpl.java:0, took 0.395258 s
24/12/31 10:06:27 INFO CodeGenerator: Code generated in 7.377042 ms
24/12/31 10:06:27 INFO FileSourceStrategy: Pushed Filters: 
24/12/31 10:06:27 INFO FileSourceStrategy: Post-Scan Filters: 
24/12/31 10:06:27 INFO MemoryStore: Block broadcast_2 stored as values in memory (estimated size 199.4 KiB, free 434.0 MiB)
24/12/31 10:06:27 INFO MemoryStore: Block broadcast_2_piece0 stored as bytes in memory (estimated size 34.2 KiB, free 433.9 MiB)
24/12/31 10:06:27 INFO BlockManagerInfo: Added broadcast_2_piece0 in memory on 192.168.29.182:35993 (size: 34.2 KiB, free: 434.3 MiB)
24/12/31 10:06:27 INFO SparkContext: Created broadcast 2 from csv at NativeMethodAccessorImpl.java:0
24/12/31 10:06:27 INFO FileSourceScanExec: Planning scan with bin packing, max size: 4194304 bytes, open cost is considered as scanning 4194304 bytes.
24/12/31 10:06:27 INFO SparkContext: Starting job: csv at NativeMethodAccessorImpl.java:0
24/12/31 10:06:27 INFO DAGScheduler: Got job 1 (csv at NativeMethodAccessorImpl.java:0) with 1 output partitions
24/12/31 10:06:27 INFO DAGScheduler: Final stage: ResultStage 1 (csv at NativeMethodAccessorImpl.java:0)
24/12/31 10:06:27 INFO DAGScheduler: Parents of final stage: List()
24/12/31 10:06:27 INFO DAGScheduler: Missing parents: List()
24/12/31 10:06:27 INFO DAGScheduler: Submitting ResultStage 1 (MapPartitionsRDD[9] at csv at NativeMethodAccessorImpl.java:0), which has no missing parents
24/12/31 10:06:27 INFO MemoryStore: Block broadcast_3 stored as values in memory (estimated size 27.6 KiB, free 433.9 MiB)
24/12/31 10:06:27 INFO MemoryStore: Block broadcast_3_piece0 stored as bytes in memory (estimated size 13.1 KiB, free 433.9 MiB)
24/12/31 10:06:27 INFO BlockManagerInfo: Added broadcast_3_piece0 in memory on 192.168.29.182:35993 (size: 13.1 KiB, free: 434.3 MiB)
24/12/31 10:06:27 INFO SparkContext: Created broadcast 3 from broadcast at DAGScheduler.scala:1585
24/12/31 10:06:27 INFO DAGScheduler: Submitting 1 missing tasks from ResultStage 1 (MapPartitionsRDD[9] at csv at NativeMethodAccessorImpl.java:0) (first 15 tasks are for partitions Vector(0))
24/12/31 10:06:27 INFO TaskSchedulerImpl: Adding task set 1.0 with 1 tasks resource profile 0
24/12/31 10:06:27 INFO TaskSetManager: Starting task 0.0 in stage 1.0 (TID 1) (192.168.29.182, executor driver, partition 0, PROCESS_LOCAL, 9647 bytes) 
24/12/31 10:06:27 INFO Executor: Running task 0.0 in stage 1.0 (TID 1)
24/12/31 10:06:28 INFO CodeGenerator: Code generated in 6.613685 ms
24/12/31 10:06:28 INFO FileScanRDD: Reading File path: file:///home/bidut/Desktop/dev/pyspark_learn/Course01Learn/HelloSpark/data/sample.csv, range: 0-2214, partition values: [empty row]
24/12/31 10:06:28 INFO BlockManagerInfo: Removed broadcast_0_piece0 on 192.168.29.182:35993 in memory (size: 34.2 KiB, free: 434.3 MiB)
24/12/31 10:06:28 INFO BlockManagerInfo: Removed broadcast_1_piece0 on 192.168.29.182:35993 in memory (size: 6.4 KiB, free: 434.4 MiB)
24/12/31 10:06:28 INFO Executor: Finished task 0.0 in stage 1.0 (TID 1). 1835 bytes result sent to driver
24/12/31 10:06:28 INFO TaskSetManager: Finished task 0.0 in stage 1.0 (TID 1) in 261 ms on 192.168.29.182 (executor driver) (1/1)
24/12/31 10:06:28 INFO TaskSchedulerImpl: Removed TaskSet 1.0, whose tasks have all completed, from pool 
24/12/31 10:06:28 INFO DAGScheduler: ResultStage 1 (csv at NativeMethodAccessorImpl.java:0) finished in 0.310 s
24/12/31 10:06:28 INFO DAGScheduler: Job 1 is finished. Cancelling potential speculative or zombie tasks for this job
24/12/31 10:06:28 INFO TaskSchedulerImpl: Killing all running tasks in stage 1: Stage finished
24/12/31 10:06:28 INFO DAGScheduler: Job 1 finished: csv at NativeMethodAccessorImpl.java:0, took 0.322084 s
24/12/31 10:06:28 INFO FileSourceStrategy: Pushed Filters: IsNotNull(Age),LessThan(Age,40)
24/12/31 10:06:28 INFO FileSourceStrategy: Post-Scan Filters: isnotnull(Age#18),(Age#18 < 40)
24/12/31 10:06:28 INFO CodeGenerator: Code generated in 62.461634 ms
24/12/31 10:06:28 INFO MemoryStore: Block broadcast_4 stored as values in memory (estimated size 199.3 KiB, free 433.9 MiB)
24/12/31 10:06:28 INFO MemoryStore: Block broadcast_4_piece0 stored as bytes in memory (estimated size 34.2 KiB, free 433.9 MiB)
24/12/31 10:06:28 INFO BlockManagerInfo: Added broadcast_4_piece0 in memory on 192.168.29.182:35993 (size: 34.2 KiB, free: 434.3 MiB)
24/12/31 10:06:28 INFO SparkContext: Created broadcast 4 from showString at NativeMethodAccessorImpl.java:0
24/12/31 10:06:28 INFO FileSourceScanExec: Planning scan with bin packing, max size: 4194304 bytes, open cost is considered as scanning 4194304 bytes.
24/12/31 10:06:28 INFO DAGScheduler: Registering RDD 13 (showString at NativeMethodAccessorImpl.java:0) as input to shuffle 0
24/12/31 10:06:28 INFO DAGScheduler: Got map stage job 2 (showString at NativeMethodAccessorImpl.java:0) with 1 output partitions
24/12/31 10:06:28 INFO DAGScheduler: Final stage: ShuffleMapStage 2 (showString at NativeMethodAccessorImpl.java:0)
24/12/31 10:06:28 INFO DAGScheduler: Parents of final stage: List()
24/12/31 10:06:28 INFO DAGScheduler: Missing parents: List()
24/12/31 10:06:28 INFO DAGScheduler: Submitting ShuffleMapStage 2 (MapPartitionsRDD[13] at showString at NativeMethodAccessorImpl.java:0), which has no missing parents
24/12/31 10:06:28 INFO MemoryStore: Block broadcast_5 stored as values in memory (estimated size 41.8 KiB, free 433.9 MiB)
24/12/31 10:06:28 INFO MemoryStore: Block broadcast_5_piece0 stored as bytes in memory (estimated size 19.7 KiB, free 433.8 MiB)
24/12/31 10:06:28 INFO BlockManagerInfo: Added broadcast_5_piece0 in memory on 192.168.29.182:35993 (size: 19.7 KiB, free: 434.3 MiB)
24/12/31 10:06:28 INFO SparkContext: Created broadcast 5 from broadcast at DAGScheduler.scala:1585
24/12/31 10:06:28 INFO DAGScheduler: Submitting 1 missing tasks from ShuffleMapStage 2 (MapPartitionsRDD[13] at showString at NativeMethodAccessorImpl.java:0) (first 15 tasks are for partitions Vector(0))
24/12/31 10:06:28 INFO TaskSchedulerImpl: Adding task set 2.0 with 1 tasks resource profile 0
24/12/31 10:06:28 INFO TaskSetManager: Starting task 0.0 in stage 2.0 (TID 2) (192.168.29.182, executor driver, partition 0, PROCESS_LOCAL, 9636 bytes) 
24/12/31 10:06:28 INFO Executor: Running task 0.0 in stage 2.0 (TID 2)
24/12/31 10:06:28 INFO CodeGenerator: Code generated in 24.728133 ms
24/12/31 10:06:28 INFO CodeGenerator: Code generated in 9.048593 ms
24/12/31 10:06:28 INFO CodeGenerator: Code generated in 4.637616 ms
24/12/31 10:06:28 INFO CodeGenerator: Code generated in 5.606524 ms
24/12/31 10:06:28 INFO FileScanRDD: Reading File path: file:///home/bidut/Desktop/dev/pyspark_learn/Course01Learn/HelloSpark/data/sample.csv, range: 0-2214, partition values: [empty row]
24/12/31 10:06:28 INFO CodeGenerator: Code generated in 5.998377 ms
24/12/31 10:06:28 INFO CodeGenerator: Code generated in 4.403543 ms
24/12/31 10:06:29 INFO Executor: Finished task 0.0 in stage 2.0 (TID 2). 2823 bytes result sent to driver
24/12/31 10:06:29 INFO TaskSetManager: Finished task 0.0 in stage 2.0 (TID 2) in 192 ms on 192.168.29.182 (executor driver) (1/1)
24/12/31 10:06:29 INFO TaskSchedulerImpl: Removed TaskSet 2.0, whose tasks have all completed, from pool 
24/12/31 10:06:29 INFO DAGScheduler: ShuffleMapStage 2 (showString at NativeMethodAccessorImpl.java:0) finished in 0.217 s
24/12/31 10:06:29 INFO DAGScheduler: looking for newly runnable stages
24/12/31 10:06:29 INFO DAGScheduler: running: Set()
24/12/31 10:06:29 INFO DAGScheduler: waiting: Set()
24/12/31 10:06:29 INFO DAGScheduler: failed: Set()
24/12/31 10:06:29 INFO ShufflePartitionsUtil: For shuffle(0), advisory target size: 67108864, actual target size 1048576, minimum partition size: 1048576
24/12/31 10:06:29 INFO HashAggregateExec: spark.sql.codegen.aggregate.map.twolevel.enabled is set to true, but current version of codegened fast hashmap does not support this aggregate.
24/12/31 10:06:29 INFO CodeGenerator: Code generated in 14.054217 ms
24/12/31 10:06:29 INFO SparkContext: Starting job: showString at NativeMethodAccessorImpl.java:0
24/12/31 10:06:29 INFO DAGScheduler: Got job 3 (showString at NativeMethodAccessorImpl.java:0) with 1 output partitions
24/12/31 10:06:29 INFO DAGScheduler: Final stage: ResultStage 4 (showString at NativeMethodAccessorImpl.java:0)
24/12/31 10:06:29 INFO DAGScheduler: Parents of final stage: List(ShuffleMapStage 3)
24/12/31 10:06:29 INFO DAGScheduler: Missing parents: List()
24/12/31 10:06:29 INFO DAGScheduler: Submitting ResultStage 4 (MapPartitionsRDD[16] at showString at NativeMethodAccessorImpl.java:0), which has no missing parents
24/12/31 10:06:29 INFO MemoryStore: Block broadcast_6 stored as values in memory (estimated size 44.1 KiB, free 433.8 MiB)
24/12/31 10:06:29 INFO MemoryStore: Block broadcast_6_piece0 stored as bytes in memory (estimated size 21.0 KiB, free 433.8 MiB)
24/12/31 10:06:29 INFO BlockManagerInfo: Added broadcast_6_piece0 in memory on 192.168.29.182:35993 (size: 21.0 KiB, free: 434.3 MiB)
24/12/31 10:06:29 INFO SparkContext: Created broadcast 6 from broadcast at DAGScheduler.scala:1585
24/12/31 10:06:29 INFO DAGScheduler: Submitting 1 missing tasks from ResultStage 4 (MapPartitionsRDD[16] at showString at NativeMethodAccessorImpl.java:0) (first 15 tasks are for partitions Vector(0))
24/12/31 10:06:29 INFO TaskSchedulerImpl: Adding task set 4.0 with 1 tasks resource profile 0
24/12/31 10:06:29 INFO TaskSetManager: Starting task 0.0 in stage 4.0 (TID 3) (192.168.29.182, executor driver, partition 0, NODE_LOCAL, 8999 bytes) 
24/12/31 10:06:29 INFO Executor: Running task 0.0 in stage 4.0 (TID 3)
24/12/31 10:06:29 INFO ShuffleBlockFetcherIterator: Getting 1 (232.0 B) non-empty blocks including 1 (232.0 B) local and 0 (0.0 B) host-local and 0 (0.0 B) push-merged-local and 0 (0.0 B) remote blocks
24/12/31 10:06:29 INFO ShuffleBlockFetcherIterator: Started 0 remote fetches in 8 ms
24/12/31 10:06:29 INFO CodeGenerator: Code generated in 11.286548 ms
24/12/31 10:06:29 INFO Executor: Finished task 0.0 in stage 4.0 (TID 3). 5257 bytes result sent to driver
24/12/31 10:06:29 INFO TaskSetManager: Finished task 0.0 in stage 4.0 (TID 3) in 78 ms on 192.168.29.182 (executor driver) (1/1)
24/12/31 10:06:29 INFO TaskSchedulerImpl: Removed TaskSet 4.0, whose tasks have all completed, from pool 
24/12/31 10:06:29 INFO DAGScheduler: ResultStage 4 (showString at NativeMethodAccessorImpl.java:0) finished in 0.092 s
24/12/31 10:06:29 INFO DAGScheduler: Job 3 is finished. Cancelling potential speculative or zombie tasks for this job
24/12/31 10:06:29 INFO TaskSchedulerImpl: Killing all running tasks in stage 4: Stage finished
24/12/31 10:06:29 INFO DAGScheduler: Job 3 finished: showString at NativeMethodAccessorImpl.java:0, took 0.108670 s
24/12/31 10:06:29 INFO CodeGenerator: Code generated in 6.967436 ms
24/12/31 10:06:29 INFO Hello Spark: Finished HelloSpark
24/12/31 10:06:29 INFO SparkContext: Invoking stop() from shutdown hook
24/12/31 10:06:29 INFO SparkContext: SparkContext is stopping with exitCode 0.
24/12/31 10:06:29 INFO AbstractConnector: Stopped Spark@62379d87{HTTP/1.1, (http/1.1)}{0.0.0.0:4041}
24/12/31 10:06:29 INFO SparkUI: Stopped Spark web UI at http://192.168.29.182:4041
24/12/31 10:06:29 INFO MapOutputTrackerMasterEndpoint: MapOutputTrackerMasterEndpoint stopped!
24/12/31 10:06:29 INFO MemoryStore: MemoryStore cleared
24/12/31 10:06:29 INFO BlockManager: BlockManager stopped
24/12/31 10:06:29 INFO BlockManagerMaster: BlockManagerMaster stopped
24/12/31 10:06:29 INFO OutputCommitCoordinator$OutputCommitCoordinatorEndpoint: OutputCommitCoordinator stopped!
24/12/31 10:06:29 INFO SparkContext: Successfully stopped SparkContext
24/12/31 10:06:29 INFO ShutdownHookManager: Shutdown hook called
24/12/31 10:06:29 INFO ShutdownHookManager: Deleting directory /tmp/spark-ed6feaf6-c8e8-48f1-bd90-23683776f77c/pyspark-1550af0a-6c1f-4003-a1fd-9c32b8626c7d
24/12/31 10:06:29 INFO ShutdownHookManager: Deleting directory /tmp/spark-40132eed-47dc-4d2c-a903-8cf25f2666d6
24/12/31 10:06:29 INFO ShutdownHookManager: Deleting directory /tmp/spark-ed6feaf6-c8e8-48f1-bd90-23683776f77c
24/12/31 10:07:46 WARN Utils: Your hostname, bidut-HP-Laptop-14s-fq1xxx resolves to a loopback address: 127.0.1.1; using 192.168.29.182 instead (on interface wlo1)
24/12/31 10:07:46 WARN Utils: Set SPARK_LOCAL_IP if you need to bind to another address
24/12/31 10:07:46 INFO SparkContext: Running Spark version 3.5.4
24/12/31 10:07:46 INFO SparkContext: OS info Linux, 5.15.0-126-generic, amd64
24/12/31 10:07:46 INFO SparkContext: Java version 11.0.25
24/12/31 10:07:46 WARN NativeCodeLoader: Unable to load native-hadoop library for your platform... using builtin-java classes where applicable
24/12/31 10:07:46 INFO ResourceUtils: ==============================================================
24/12/31 10:07:46 INFO ResourceUtils: No custom resources configured for spark.driver.
24/12/31 10:07:46 INFO ResourceUtils: ==============================================================
24/12/31 10:07:46 INFO SparkContext: Submitted application: Hello Spark
24/12/31 10:07:46 INFO ResourceProfile: Default ResourceProfile created, executor resources: Map(cores -> name: cores, amount: 1, script: , vendor: , memory -> name: memory, amount: 1024, script: , vendor: , offHeap -> name: offHeap, amount: 0, script: , vendor: ), task resources: Map(cpus -> name: cpus, amount: 1.0)
24/12/31 10:07:46 INFO ResourceProfile: Limiting resource is cpu
24/12/31 10:07:46 INFO ResourceProfileManager: Added ResourceProfile id: 0
24/12/31 10:07:46 INFO SecurityManager: Changing view acls to: bidut
24/12/31 10:07:46 INFO SecurityManager: Changing modify acls to: bidut
24/12/31 10:07:46 INFO SecurityManager: Changing view acls groups to: 
24/12/31 10:07:46 INFO SecurityManager: Changing modify acls groups to: 
24/12/31 10:07:46 INFO SecurityManager: SecurityManager: authentication disabled; ui acls disabled; users with view permissions: bidut; groups with view permissions: EMPTY; users with modify permissions: bidut; groups with modify permissions: EMPTY
24/12/31 10:07:47 INFO Utils: Successfully started service 'sparkDriver' on port 44875.
24/12/31 10:07:47 INFO SparkEnv: Registering MapOutputTracker
24/12/31 10:07:47 INFO SparkEnv: Registering BlockManagerMaster
24/12/31 10:07:47 INFO BlockManagerMasterEndpoint: Using org.apache.spark.storage.DefaultTopologyMapper for getting topology information
24/12/31 10:07:47 INFO BlockManagerMasterEndpoint: BlockManagerMasterEndpoint up
24/12/31 10:07:47 INFO SparkEnv: Registering BlockManagerMasterHeartbeat
24/12/31 10:07:47 INFO DiskBlockManager: Created local directory at /tmp/blockmgr-3ef651b3-fcfc-4550-9782-93fe882b512d
24/12/31 10:07:47 INFO MemoryStore: MemoryStore started with capacity 434.4 MiB
24/12/31 10:07:47 INFO SparkEnv: Registering OutputCommitCoordinator
24/12/31 10:07:47 INFO log: Logging initialized @2642ms to org.sparkproject.jetty.util.log.Slf4jLog
24/12/31 10:07:47 INFO JettyUtils: Start Jetty 0.0.0.0:4040 for SparkUI
24/12/31 10:07:47 INFO Server: jetty-9.4.56.v20240826; built: 2024-08-26T17:15:05.868Z; git: ec6782ff5ead824dabdcf47fa98f90a4aedff401; jvm 11.0.25+9-post-Ubuntu-1ubuntu120.04
24/12/31 10:07:47 INFO Server: Started @2782ms
24/12/31 10:07:47 WARN Utils: Service 'SparkUI' could not bind on port 4040. Attempting port 4041.
24/12/31 10:07:47 INFO AbstractConnector: Started ServerConnector@131fb912{HTTP/1.1, (http/1.1)}{0.0.0.0:4041}
24/12/31 10:07:47 INFO Utils: Successfully started service 'SparkUI' on port 4041.
24/12/31 10:07:47 INFO ContextHandler: Started o.s.j.s.ServletContextHandler@6c4d0b17{/,null,AVAILABLE,@Spark}
24/12/31 10:07:47 INFO Executor: Starting executor ID driver on host 192.168.29.182
24/12/31 10:07:47 INFO Executor: OS info Linux, 5.15.0-126-generic, amd64
24/12/31 10:07:47 INFO Executor: Java version 11.0.25
24/12/31 10:07:47 INFO Executor: Starting executor with user classpath (userClassPathFirst = false): ''
24/12/31 10:07:47 INFO Executor: Created or updated repl class loader org.apache.spark.util.MutableURLClassLoader@43e2617 for default.
24/12/31 10:07:47 INFO Utils: Successfully started service 'org.apache.spark.network.netty.NettyBlockTransferService' on port 38799.
24/12/31 10:07:47 INFO NettyBlockTransferService: Server created on 192.168.29.182:38799
24/12/31 10:07:47 INFO BlockManager: Using org.apache.spark.storage.RandomBlockReplicationPolicy for block replication policy
24/12/31 10:07:47 INFO BlockManagerMaster: Registering BlockManager BlockManagerId(driver, 192.168.29.182, 38799, None)
24/12/31 10:07:47 INFO BlockManagerMasterEndpoint: Registering block manager 192.168.29.182:38799 with 434.4 MiB RAM, BlockManagerId(driver, 192.168.29.182, 38799, None)
24/12/31 10:07:47 INFO BlockManagerMaster: Registered BlockManager BlockManagerId(driver, 192.168.29.182, 38799, None)
24/12/31 10:07:47 INFO BlockManager: Initialized BlockManager: BlockManagerId(driver, 192.168.29.182, 38799, None)
24/12/31 10:07:47 INFO ContextHandler: Stopped o.s.j.s.ServletContextHandler@6c4d0b17{/,null,STOPPED,@Spark}
24/12/31 10:07:47 INFO ContextHandler: Started o.s.j.s.ServletContextHandler@6af69b4a{/jobs,null,AVAILABLE,@Spark}
24/12/31 10:07:47 INFO ContextHandler: Started o.s.j.s.ServletContextHandler@4787d1ea{/jobs/json,null,AVAILABLE,@Spark}
24/12/31 10:07:47 INFO ContextHandler: Started o.s.j.s.ServletContextHandler@185f143f{/jobs/job,null,AVAILABLE,@Spark}
24/12/31 10:07:47 INFO ContextHandler: Started o.s.j.s.ServletContextHandler@5115da3f{/jobs/job/json,null,AVAILABLE,@Spark}
24/12/31 10:07:47 INFO ContextHandler: Started o.s.j.s.ServletContextHandler@24bb76b2{/stages,null,AVAILABLE,@Spark}
24/12/31 10:07:47 INFO ContextHandler: Started o.s.j.s.ServletContextHandler@2d86fb3f{/stages/json,null,AVAILABLE,@Spark}
24/12/31 10:07:47 INFO ContextHandler: Started o.s.j.s.ServletContextHandler@6da270c9{/stages/stage,null,AVAILABLE,@Spark}
24/12/31 10:07:47 INFO ContextHandler: Started o.s.j.s.ServletContextHandler@5d310919{/stages/stage/json,null,AVAILABLE,@Spark}
24/12/31 10:07:47 INFO ContextHandler: Started o.s.j.s.ServletContextHandler@27e7669e{/stages/pool,null,AVAILABLE,@Spark}
24/12/31 10:07:47 INFO ContextHandler: Started o.s.j.s.ServletContextHandler@2a080d68{/stages/pool/json,null,AVAILABLE,@Spark}
24/12/31 10:07:47 INFO ContextHandler: Started o.s.j.s.ServletContextHandler@4c258c9{/storage,null,AVAILABLE,@Spark}
24/12/31 10:07:47 INFO ContextHandler: Started o.s.j.s.ServletContextHandler@34e711e7{/storage/json,null,AVAILABLE,@Spark}
24/12/31 10:07:47 INFO ContextHandler: Started o.s.j.s.ServletContextHandler@52fe6e61{/storage/rdd,null,AVAILABLE,@Spark}
24/12/31 10:07:47 INFO ContextHandler: Started o.s.j.s.ServletContextHandler@717b2800{/storage/rdd/json,null,AVAILABLE,@Spark}
24/12/31 10:07:47 INFO ContextHandler: Started o.s.j.s.ServletContextHandler@778d6083{/environment,null,AVAILABLE,@Spark}
24/12/31 10:07:47 INFO ContextHandler: Started o.s.j.s.ServletContextHandler@59b4411d{/environment/json,null,AVAILABLE,@Spark}
24/12/31 10:07:47 INFO ContextHandler: Started o.s.j.s.ServletContextHandler@1fd09179{/executors,null,AVAILABLE,@Spark}
24/12/31 10:07:47 INFO ContextHandler: Started o.s.j.s.ServletContextHandler@2f9b9e79{/executors/json,null,AVAILABLE,@Spark}
24/12/31 10:07:47 INFO ContextHandler: Started o.s.j.s.ServletContextHandler@1c31eb0e{/executors/threadDump,null,AVAILABLE,@Spark}
24/12/31 10:07:47 INFO ContextHandler: Started o.s.j.s.ServletContextHandler@5fcca4da{/executors/threadDump/json,null,AVAILABLE,@Spark}
24/12/31 10:07:47 INFO ContextHandler: Started o.s.j.s.ServletContextHandler@44011160{/executors/heapHistogram,null,AVAILABLE,@Spark}
24/12/31 10:07:47 INFO ContextHandler: Started o.s.j.s.ServletContextHandler@6eedd641{/executors/heapHistogram/json,null,AVAILABLE,@Spark}
24/12/31 10:07:47 INFO ContextHandler: Started o.s.j.s.ServletContextHandler@2a10d614{/static,null,AVAILABLE,@Spark}
24/12/31 10:07:47 INFO ContextHandler: Started o.s.j.s.ServletContextHandler@387f52fa{/,null,AVAILABLE,@Spark}
24/12/31 10:07:47 INFO ContextHandler: Started o.s.j.s.ServletContextHandler@259953d8{/api,null,AVAILABLE,@Spark}
24/12/31 10:07:47 INFO ContextHandler: Started o.s.j.s.ServletContextHandler@53888abb{/jobs/job/kill,null,AVAILABLE,@Spark}
24/12/31 10:07:47 INFO ContextHandler: Started o.s.j.s.ServletContextHandler@2bae9672{/stages/stage/kill,null,AVAILABLE,@Spark}
24/12/31 10:07:47 INFO ContextHandler: Started o.s.j.s.ServletContextHandler@76581a2d{/metrics/json,null,AVAILABLE,@Spark}
24/12/31 10:07:48 INFO Hello Spark: Starting HelloSpark
24/12/31 10:07:48 INFO SharedState: Setting hive.metastore.warehouse.dir ('null') to the value of spark.sql.warehouse.dir.
24/12/31 10:07:48 INFO SharedState: Warehouse path is 'file:/home/bidut/Desktop/dev/pyspark_learn/Course01Learn/HelloSpark/spark-warehouse'.
24/12/31 10:07:48 INFO ContextHandler: Started o.s.j.s.ServletContextHandler@3797ca41{/SQL,null,AVAILABLE,@Spark}
24/12/31 10:07:48 INFO ContextHandler: Started o.s.j.s.ServletContextHandler@7b25a445{/SQL/json,null,AVAILABLE,@Spark}
24/12/31 10:07:48 INFO ContextHandler: Started o.s.j.s.ServletContextHandler@2963eb17{/SQL/execution,null,AVAILABLE,@Spark}
24/12/31 10:07:48 INFO ContextHandler: Started o.s.j.s.ServletContextHandler@1e0bf3b4{/SQL/execution/json,null,AVAILABLE,@Spark}
24/12/31 10:07:48 INFO ContextHandler: Started o.s.j.s.ServletContextHandler@3dde9bc9{/static/sql,null,AVAILABLE,@Spark}
24/12/31 10:07:49 INFO InMemoryFileIndex: It took 45 ms to list leaf files for 1 paths.
24/12/31 10:07:49 INFO InMemoryFileIndex: It took 2 ms to list leaf files for 1 paths.
24/12/31 10:07:51 INFO FileSourceStrategy: Pushed Filters: 
24/12/31 10:07:51 INFO FileSourceStrategy: Post-Scan Filters: (length(trim(value#0, None)) > 0)
24/12/31 10:07:52 INFO CodeGenerator: Code generated in 182.51463 ms
24/12/31 10:07:52 INFO MemoryStore: Block broadcast_0 stored as values in memory (estimated size 199.4 KiB, free 434.2 MiB)
24/12/31 10:07:52 INFO MemoryStore: Block broadcast_0_piece0 stored as bytes in memory (estimated size 34.2 KiB, free 434.2 MiB)
24/12/31 10:07:52 INFO BlockManagerInfo: Added broadcast_0_piece0 in memory on 192.168.29.182:38799 (size: 34.2 KiB, free: 434.4 MiB)
24/12/31 10:07:52 INFO SparkContext: Created broadcast 0 from csv at NativeMethodAccessorImpl.java:0
24/12/31 10:07:52 INFO FileSourceScanExec: Planning scan with bin packing, max size: 4194304 bytes, open cost is considered as scanning 4194304 bytes.
24/12/31 10:07:52 INFO SparkContext: Starting job: csv at NativeMethodAccessorImpl.java:0
24/12/31 10:07:52 INFO DAGScheduler: Got job 0 (csv at NativeMethodAccessorImpl.java:0) with 1 output partitions
24/12/31 10:07:52 INFO DAGScheduler: Final stage: ResultStage 0 (csv at NativeMethodAccessorImpl.java:0)
24/12/31 10:07:52 INFO DAGScheduler: Parents of final stage: List()
24/12/31 10:07:52 INFO DAGScheduler: Missing parents: List()
24/12/31 10:07:52 INFO DAGScheduler: Submitting ResultStage 0 (MapPartitionsRDD[3] at csv at NativeMethodAccessorImpl.java:0), which has no missing parents
24/12/31 10:07:52 INFO MemoryStore: Block broadcast_1 stored as values in memory (estimated size 13.5 KiB, free 434.2 MiB)
24/12/31 10:07:52 INFO MemoryStore: Block broadcast_1_piece0 stored as bytes in memory (estimated size 6.4 KiB, free 434.2 MiB)
24/12/31 10:07:52 INFO BlockManagerInfo: Added broadcast_1_piece0 in memory on 192.168.29.182:38799 (size: 6.4 KiB, free: 434.4 MiB)
24/12/31 10:07:52 INFO SparkContext: Created broadcast 1 from broadcast at DAGScheduler.scala:1585
24/12/31 10:07:52 INFO DAGScheduler: Submitting 1 missing tasks from ResultStage 0 (MapPartitionsRDD[3] at csv at NativeMethodAccessorImpl.java:0) (first 15 tasks are for partitions Vector(0))
24/12/31 10:07:52 INFO TaskSchedulerImpl: Adding task set 0.0 with 1 tasks resource profile 0
24/12/31 10:07:52 INFO TaskSetManager: Starting task 0.0 in stage 0.0 (TID 0) (192.168.29.182, executor driver, partition 0, PROCESS_LOCAL, 9647 bytes) 
24/12/31 10:07:52 INFO Executor: Running task 0.0 in stage 0.0 (TID 0)
24/12/31 10:07:52 INFO CodeGenerator: Code generated in 13.351846 ms
24/12/31 10:07:52 INFO FileScanRDD: Reading File path: file:///home/bidut/Desktop/dev/pyspark_learn/Course01Learn/HelloSpark/data/sample.csv, range: 0-2214, partition values: [empty row]
24/12/31 10:07:52 INFO CodeGenerator: Code generated in 10.832017 ms
24/12/31 10:07:52 INFO Executor: Finished task 0.0 in stage 0.0 (TID 0). 1933 bytes result sent to driver
24/12/31 10:07:52 INFO TaskSetManager: Finished task 0.0 in stage 0.0 (TID 0) in 223 ms on 192.168.29.182 (executor driver) (1/1)
24/12/31 10:07:52 INFO TaskSchedulerImpl: Removed TaskSet 0.0, whose tasks have all completed, from pool 
24/12/31 10:07:52 INFO DAGScheduler: ResultStage 0 (csv at NativeMethodAccessorImpl.java:0) finished in 0.368 s
24/12/31 10:07:52 INFO DAGScheduler: Job 0 is finished. Cancelling potential speculative or zombie tasks for this job
24/12/31 10:07:52 INFO TaskSchedulerImpl: Killing all running tasks in stage 0: Stage finished
24/12/31 10:07:52 INFO DAGScheduler: Job 0 finished: csv at NativeMethodAccessorImpl.java:0, took 0.416413 s
24/12/31 10:07:52 INFO CodeGenerator: Code generated in 9.390512 ms
24/12/31 10:07:52 INFO BlockManagerInfo: Removed broadcast_1_piece0 on 192.168.29.182:38799 in memory (size: 6.4 KiB, free: 434.4 MiB)
24/12/31 10:07:52 INFO FileSourceStrategy: Pushed Filters: 
24/12/31 10:07:52 INFO FileSourceStrategy: Post-Scan Filters: 
24/12/31 10:07:52 INFO MemoryStore: Block broadcast_2 stored as values in memory (estimated size 199.4 KiB, free 434.0 MiB)
24/12/31 10:07:52 INFO MemoryStore: Block broadcast_2_piece0 stored as bytes in memory (estimated size 34.2 KiB, free 433.9 MiB)
24/12/31 10:07:52 INFO BlockManagerInfo: Added broadcast_2_piece0 in memory on 192.168.29.182:38799 (size: 34.2 KiB, free: 434.3 MiB)
24/12/31 10:07:52 INFO SparkContext: Created broadcast 2 from csv at NativeMethodAccessorImpl.java:0
24/12/31 10:07:52 INFO FileSourceScanExec: Planning scan with bin packing, max size: 4194304 bytes, open cost is considered as scanning 4194304 bytes.
24/12/31 10:07:52 INFO SparkContext: Starting job: csv at NativeMethodAccessorImpl.java:0
24/12/31 10:07:52 INFO DAGScheduler: Got job 1 (csv at NativeMethodAccessorImpl.java:0) with 1 output partitions
24/12/31 10:07:52 INFO DAGScheduler: Final stage: ResultStage 1 (csv at NativeMethodAccessorImpl.java:0)
24/12/31 10:07:52 INFO DAGScheduler: Parents of final stage: List()
24/12/31 10:07:52 INFO DAGScheduler: Missing parents: List()
24/12/31 10:07:52 INFO DAGScheduler: Submitting ResultStage 1 (MapPartitionsRDD[9] at csv at NativeMethodAccessorImpl.java:0), which has no missing parents
24/12/31 10:07:52 INFO MemoryStore: Block broadcast_3 stored as values in memory (estimated size 27.6 KiB, free 433.9 MiB)
24/12/31 10:07:52 INFO MemoryStore: Block broadcast_3_piece0 stored as bytes in memory (estimated size 13.1 KiB, free 433.9 MiB)
24/12/31 10:07:52 INFO BlockManagerInfo: Added broadcast_3_piece0 in memory on 192.168.29.182:38799 (size: 13.1 KiB, free: 434.3 MiB)
24/12/31 10:07:52 INFO SparkContext: Created broadcast 3 from broadcast at DAGScheduler.scala:1585
24/12/31 10:07:52 INFO DAGScheduler: Submitting 1 missing tasks from ResultStage 1 (MapPartitionsRDD[9] at csv at NativeMethodAccessorImpl.java:0) (first 15 tasks are for partitions Vector(0))
24/12/31 10:07:52 INFO TaskSchedulerImpl: Adding task set 1.0 with 1 tasks resource profile 0
24/12/31 10:07:52 INFO TaskSetManager: Starting task 0.0 in stage 1.0 (TID 1) (192.168.29.182, executor driver, partition 0, PROCESS_LOCAL, 9647 bytes) 
24/12/31 10:07:52 INFO Executor: Running task 0.0 in stage 1.0 (TID 1)
24/12/31 10:07:52 INFO CodeGenerator: Code generated in 9.368941 ms
24/12/31 10:07:52 INFO FileScanRDD: Reading File path: file:///home/bidut/Desktop/dev/pyspark_learn/Course01Learn/HelloSpark/data/sample.csv, range: 0-2214, partition values: [empty row]
24/12/31 10:07:53 INFO Executor: Finished task 0.0 in stage 1.0 (TID 1). 1792 bytes result sent to driver
24/12/31 10:07:53 INFO TaskSetManager: Finished task 0.0 in stage 1.0 (TID 1) in 318 ms on 192.168.29.182 (executor driver) (1/1)
24/12/31 10:07:53 INFO TaskSchedulerImpl: Removed TaskSet 1.0, whose tasks have all completed, from pool 
24/12/31 10:07:53 INFO DAGScheduler: ResultStage 1 (csv at NativeMethodAccessorImpl.java:0) finished in 0.373 s
24/12/31 10:07:53 INFO DAGScheduler: Job 1 is finished. Cancelling potential speculative or zombie tasks for this job
24/12/31 10:07:53 INFO TaskSchedulerImpl: Killing all running tasks in stage 1: Stage finished
24/12/31 10:07:53 INFO DAGScheduler: Job 1 finished: csv at NativeMethodAccessorImpl.java:0, took 0.381718 s
24/12/31 10:07:53 INFO FileSourceStrategy: Pushed Filters: IsNotNull(Age),LessThan(Age,40)
24/12/31 10:07:53 INFO FileSourceStrategy: Post-Scan Filters: isnotnull(Age#18),(Age#18 < 40)
24/12/31 10:07:53 INFO CodeGenerator: Code generated in 70.659449 ms
24/12/31 10:07:53 INFO MemoryStore: Block broadcast_4 stored as values in memory (estimated size 199.3 KiB, free 433.7 MiB)
24/12/31 10:07:53 INFO MemoryStore: Block broadcast_4_piece0 stored as bytes in memory (estimated size 34.2 KiB, free 433.7 MiB)
24/12/31 10:07:53 INFO BlockManagerInfo: Added broadcast_4_piece0 in memory on 192.168.29.182:38799 (size: 34.2 KiB, free: 434.3 MiB)
24/12/31 10:07:53 INFO SparkContext: Created broadcast 4 from collect at /home/bidut/Desktop/dev/pyspark_learn/Course01Learn/HelloSpark/HelloSpark.py:25
24/12/31 10:07:53 INFO FileSourceScanExec: Planning scan with bin packing, max size: 4194304 bytes, open cost is considered as scanning 4194304 bytes.
24/12/31 10:07:53 INFO DAGScheduler: Registering RDD 13 (collect at /home/bidut/Desktop/dev/pyspark_learn/Course01Learn/HelloSpark/HelloSpark.py:25) as input to shuffle 0
24/12/31 10:07:53 INFO DAGScheduler: Got map stage job 2 (collect at /home/bidut/Desktop/dev/pyspark_learn/Course01Learn/HelloSpark/HelloSpark.py:25) with 1 output partitions
24/12/31 10:07:53 INFO DAGScheduler: Final stage: ShuffleMapStage 2 (collect at /home/bidut/Desktop/dev/pyspark_learn/Course01Learn/HelloSpark/HelloSpark.py:25)
24/12/31 10:07:53 INFO DAGScheduler: Parents of final stage: List()
24/12/31 10:07:53 INFO DAGScheduler: Missing parents: List()
24/12/31 10:07:53 INFO DAGScheduler: Submitting ShuffleMapStage 2 (MapPartitionsRDD[13] at collect at /home/bidut/Desktop/dev/pyspark_learn/Course01Learn/HelloSpark/HelloSpark.py:25), which has no missing parents
24/12/31 10:07:53 INFO MemoryStore: Block broadcast_5 stored as values in memory (estimated size 41.8 KiB, free 433.6 MiB)
24/12/31 10:07:53 INFO MemoryStore: Block broadcast_5_piece0 stored as bytes in memory (estimated size 19.7 KiB, free 433.6 MiB)
24/12/31 10:07:53 INFO BlockManagerInfo: Added broadcast_5_piece0 in memory on 192.168.29.182:38799 (size: 19.7 KiB, free: 434.3 MiB)
24/12/31 10:07:53 INFO SparkContext: Created broadcast 5 from broadcast at DAGScheduler.scala:1585
24/12/31 10:07:53 INFO DAGScheduler: Submitting 1 missing tasks from ShuffleMapStage 2 (MapPartitionsRDD[13] at collect at /home/bidut/Desktop/dev/pyspark_learn/Course01Learn/HelloSpark/HelloSpark.py:25) (first 15 tasks are for partitions Vector(0))
24/12/31 10:07:53 INFO TaskSchedulerImpl: Adding task set 2.0 with 1 tasks resource profile 0
24/12/31 10:07:53 INFO TaskSetManager: Starting task 0.0 in stage 2.0 (TID 2) (192.168.29.182, executor driver, partition 0, PROCESS_LOCAL, 9636 bytes) 
24/12/31 10:07:53 INFO Executor: Running task 0.0 in stage 2.0 (TID 2)
24/12/31 10:07:53 INFO BlockManagerInfo: Removed broadcast_3_piece0 on 192.168.29.182:38799 in memory (size: 13.1 KiB, free: 434.3 MiB)
24/12/31 10:07:53 INFO BlockManagerInfo: Removed broadcast_0_piece0 on 192.168.29.182:38799 in memory (size: 34.2 KiB, free: 434.3 MiB)
24/12/31 10:07:53 INFO BlockManagerInfo: Removed broadcast_2_piece0 on 192.168.29.182:38799 in memory (size: 34.2 KiB, free: 434.3 MiB)
24/12/31 10:07:53 INFO CodeGenerator: Code generated in 43.411966 ms
24/12/31 10:07:53 INFO CodeGenerator: Code generated in 10.878926 ms
24/12/31 10:07:53 INFO CodeGenerator: Code generated in 5.301877 ms
24/12/31 10:07:53 INFO CodeGenerator: Code generated in 6.206162 ms
24/12/31 10:07:53 INFO FileScanRDD: Reading File path: file:///home/bidut/Desktop/dev/pyspark_learn/Course01Learn/HelloSpark/data/sample.csv, range: 0-2214, partition values: [empty row]
24/12/31 10:07:53 INFO CodeGenerator: Code generated in 6.361537 ms
24/12/31 10:07:53 INFO CodeGenerator: Code generated in 5.307007 ms
24/12/31 10:07:53 INFO Executor: Finished task 0.0 in stage 2.0 (TID 2). 2866 bytes result sent to driver
24/12/31 10:07:53 INFO TaskSetManager: Finished task 0.0 in stage 2.0 (TID 2) in 216 ms on 192.168.29.182 (executor driver) (1/1)
24/12/31 10:07:53 INFO TaskSchedulerImpl: Removed TaskSet 2.0, whose tasks have all completed, from pool 
24/12/31 10:07:53 INFO DAGScheduler: ShuffleMapStage 2 (collect at /home/bidut/Desktop/dev/pyspark_learn/Course01Learn/HelloSpark/HelloSpark.py:25) finished in 0.239 s
24/12/31 10:07:53 INFO DAGScheduler: looking for newly runnable stages
24/12/31 10:07:53 INFO DAGScheduler: running: Set()
24/12/31 10:07:53 INFO DAGScheduler: waiting: Set()
24/12/31 10:07:53 INFO DAGScheduler: failed: Set()
24/12/31 10:07:54 INFO ShufflePartitionsUtil: For shuffle(0), advisory target size: 67108864, actual target size 1048576, minimum partition size: 1048576
24/12/31 10:07:54 INFO HashAggregateExec: spark.sql.codegen.aggregate.map.twolevel.enabled is set to true, but current version of codegened fast hashmap does not support this aggregate.
24/12/31 10:07:54 INFO CodeGenerator: Code generated in 13.071955 ms
24/12/31 10:07:54 INFO SparkContext: Starting job: collect at /home/bidut/Desktop/dev/pyspark_learn/Course01Learn/HelloSpark/HelloSpark.py:25
24/12/31 10:07:54 INFO DAGScheduler: Got job 3 (collect at /home/bidut/Desktop/dev/pyspark_learn/Course01Learn/HelloSpark/HelloSpark.py:25) with 1 output partitions
24/12/31 10:07:54 INFO DAGScheduler: Final stage: ResultStage 4 (collect at /home/bidut/Desktop/dev/pyspark_learn/Course01Learn/HelloSpark/HelloSpark.py:25)
24/12/31 10:07:54 INFO DAGScheduler: Parents of final stage: List(ShuffleMapStage 3)
24/12/31 10:07:54 INFO DAGScheduler: Missing parents: List()
24/12/31 10:07:54 INFO DAGScheduler: Submitting ResultStage 4 (MapPartitionsRDD[16] at collect at /home/bidut/Desktop/dev/pyspark_learn/Course01Learn/HelloSpark/HelloSpark.py:25), which has no missing parents
24/12/31 10:07:54 INFO MemoryStore: Block broadcast_6 stored as values in memory (estimated size 43.2 KiB, free 434.1 MiB)
24/12/31 10:07:54 INFO MemoryStore: Block broadcast_6_piece0 stored as bytes in memory (estimated size 20.6 KiB, free 434.0 MiB)
24/12/31 10:07:54 INFO BlockManagerInfo: Added broadcast_6_piece0 in memory on 192.168.29.182:38799 (size: 20.6 KiB, free: 434.3 MiB)
24/12/31 10:07:54 INFO SparkContext: Created broadcast 6 from broadcast at DAGScheduler.scala:1585
24/12/31 10:07:54 INFO DAGScheduler: Submitting 1 missing tasks from ResultStage 4 (MapPartitionsRDD[16] at collect at /home/bidut/Desktop/dev/pyspark_learn/Course01Learn/HelloSpark/HelloSpark.py:25) (first 15 tasks are for partitions Vector(0))
24/12/31 10:07:54 INFO TaskSchedulerImpl: Adding task set 4.0 with 1 tasks resource profile 0
24/12/31 10:07:54 INFO TaskSetManager: Starting task 0.0 in stage 4.0 (TID 3) (192.168.29.182, executor driver, partition 0, NODE_LOCAL, 8999 bytes) 
24/12/31 10:07:54 INFO Executor: Running task 0.0 in stage 4.0 (TID 3)
24/12/31 10:07:54 INFO ShuffleBlockFetcherIterator: Getting 1 (232.0 B) non-empty blocks including 1 (232.0 B) local and 0 (0.0 B) host-local and 0 (0.0 B) push-merged-local and 0 (0.0 B) remote blocks
24/12/31 10:07:54 INFO ShuffleBlockFetcherIterator: Started 0 remote fetches in 8 ms
24/12/31 10:07:54 INFO CodeGenerator: Code generated in 11.250149 ms
24/12/31 10:07:54 INFO Executor: Finished task 0.0 in stage 4.0 (TID 3). 5283 bytes result sent to driver
24/12/31 10:07:54 INFO TaskSetManager: Finished task 0.0 in stage 4.0 (TID 3) in 74 ms on 192.168.29.182 (executor driver) (1/1)
24/12/31 10:07:54 INFO TaskSchedulerImpl: Removed TaskSet 4.0, whose tasks have all completed, from pool 
24/12/31 10:07:54 INFO DAGScheduler: ResultStage 4 (collect at /home/bidut/Desktop/dev/pyspark_learn/Course01Learn/HelloSpark/HelloSpark.py:25) finished in 0.088 s
24/12/31 10:07:54 INFO DAGScheduler: Job 3 is finished. Cancelling potential speculative or zombie tasks for this job
24/12/31 10:07:54 INFO TaskSchedulerImpl: Killing all running tasks in stage 4: Stage finished
24/12/31 10:07:54 INFO DAGScheduler: Job 3 finished: collect at /home/bidut/Desktop/dev/pyspark_learn/Course01Learn/HelloSpark/HelloSpark.py:25, took 0.107745 s
24/12/31 10:07:54 INFO Hello Spark: [[United States, 4], [Canada, 2], [United Kingdom, 1]]
24/12/31 10:07:54 INFO Hello Spark: Finished HelloSpark
24/12/31 10:07:54 INFO SparkContext: Invoking stop() from shutdown hook
24/12/31 10:07:54 INFO SparkContext: SparkContext is stopping with exitCode 0.
24/12/31 10:07:54 INFO AbstractConnector: Stopped Spark@131fb912{HTTP/1.1, (http/1.1)}{0.0.0.0:4041}
24/12/31 10:07:54 INFO SparkUI: Stopped Spark web UI at http://192.168.29.182:4041
24/12/31 10:07:54 INFO MapOutputTrackerMasterEndpoint: MapOutputTrackerMasterEndpoint stopped!
24/12/31 10:07:54 INFO MemoryStore: MemoryStore cleared
24/12/31 10:07:54 INFO BlockManager: BlockManager stopped
24/12/31 10:07:54 INFO BlockManagerMaster: BlockManagerMaster stopped
24/12/31 10:07:54 INFO OutputCommitCoordinator$OutputCommitCoordinatorEndpoint: OutputCommitCoordinator stopped!
24/12/31 10:07:54 INFO SparkContext: Successfully stopped SparkContext
24/12/31 10:07:54 INFO ShutdownHookManager: Shutdown hook called
24/12/31 10:07:54 INFO ShutdownHookManager: Deleting directory /tmp/spark-9b78bbbb-b95b-445e-aa9e-ace51f4e32e6
24/12/31 10:07:54 INFO ShutdownHookManager: Deleting directory /tmp/spark-171c1409-4e89-4ec8-9247-dc467b8958f8
24/12/31 10:07:54 INFO ShutdownHookManager: Deleting directory /tmp/spark-171c1409-4e89-4ec8-9247-dc467b8958f8/pyspark-2c471761-0480-44dc-b7de-59001708ced2
24/12/31 10:12:54 WARN Utils: Your hostname, bidut-HP-Laptop-14s-fq1xxx resolves to a loopback address: 127.0.1.1; using 192.168.29.182 instead (on interface wlo1)
24/12/31 10:12:54 WARN Utils: Set SPARK_LOCAL_IP if you need to bind to another address
24/12/31 10:12:54 INFO SparkContext: Running Spark version 3.5.4
24/12/31 10:12:54 INFO SparkContext: OS info Linux, 5.15.0-126-generic, amd64
24/12/31 10:12:54 INFO SparkContext: Java version 11.0.25
24/12/31 10:12:54 WARN NativeCodeLoader: Unable to load native-hadoop library for your platform... using builtin-java classes where applicable
24/12/31 10:12:54 INFO ResourceUtils: ==============================================================
24/12/31 10:12:54 INFO ResourceUtils: No custom resources configured for spark.driver.
24/12/31 10:12:54 INFO ResourceUtils: ==============================================================
24/12/31 10:12:54 INFO SparkContext: Submitted application: Hello Spark
24/12/31 10:12:54 INFO ResourceProfile: Default ResourceProfile created, executor resources: Map(cores -> name: cores, amount: 1, script: , vendor: , memory -> name: memory, amount: 1024, script: , vendor: , offHeap -> name: offHeap, amount: 0, script: , vendor: ), task resources: Map(cpus -> name: cpus, amount: 1.0)
24/12/31 10:12:54 INFO ResourceProfile: Limiting resource is cpu
24/12/31 10:12:54 INFO ResourceProfileManager: Added ResourceProfile id: 0
24/12/31 10:12:54 INFO SecurityManager: Changing view acls to: bidut
24/12/31 10:12:54 INFO SecurityManager: Changing modify acls to: bidut
24/12/31 10:12:54 INFO SecurityManager: Changing view acls groups to: 
24/12/31 10:12:54 INFO SecurityManager: Changing modify acls groups to: 
24/12/31 10:12:54 INFO SecurityManager: SecurityManager: authentication disabled; ui acls disabled; users with view permissions: bidut; groups with view permissions: EMPTY; users with modify permissions: bidut; groups with modify permissions: EMPTY
24/12/31 10:12:55 INFO Utils: Successfully started service 'sparkDriver' on port 44845.
24/12/31 10:12:55 INFO SparkEnv: Registering MapOutputTracker
24/12/31 10:12:55 INFO SparkEnv: Registering BlockManagerMaster
24/12/31 10:12:55 INFO BlockManagerMasterEndpoint: Using org.apache.spark.storage.DefaultTopologyMapper for getting topology information
24/12/31 10:12:55 INFO BlockManagerMasterEndpoint: BlockManagerMasterEndpoint up
24/12/31 10:12:55 INFO SparkEnv: Registering BlockManagerMasterHeartbeat
24/12/31 10:12:55 INFO DiskBlockManager: Created local directory at /tmp/blockmgr-153f7c01-ae01-4404-9d64-ae95e1ae9157
24/12/31 10:12:55 INFO MemoryStore: MemoryStore started with capacity 434.4 MiB
24/12/31 10:12:55 INFO SparkEnv: Registering OutputCommitCoordinator
24/12/31 10:12:55 INFO log: Logging initialized @2451ms to org.sparkproject.jetty.util.log.Slf4jLog
24/12/31 10:12:55 INFO JettyUtils: Start Jetty 0.0.0.0:4040 for SparkUI
24/12/31 10:12:55 INFO Server: jetty-9.4.56.v20240826; built: 2024-08-26T17:15:05.868Z; git: ec6782ff5ead824dabdcf47fa98f90a4aedff401; jvm 11.0.25+9-post-Ubuntu-1ubuntu120.04
24/12/31 10:12:55 INFO Server: Started @2579ms
24/12/31 10:12:55 WARN Utils: Service 'SparkUI' could not bind on port 4040. Attempting port 4041.
24/12/31 10:12:55 INFO AbstractConnector: Started ServerConnector@68547675{HTTP/1.1, (http/1.1)}{0.0.0.0:4041}
24/12/31 10:12:55 INFO Utils: Successfully started service 'SparkUI' on port 4041.
24/12/31 10:12:55 INFO ContextHandler: Started o.s.j.s.ServletContextHandler@181d5686{/,null,AVAILABLE,@Spark}
24/12/31 10:12:55 INFO Executor: Starting executor ID driver on host 192.168.29.182
24/12/31 10:12:55 INFO Executor: OS info Linux, 5.15.0-126-generic, amd64
24/12/31 10:12:55 INFO Executor: Java version 11.0.25
24/12/31 10:12:55 INFO Executor: Starting executor with user classpath (userClassPathFirst = false): ''
24/12/31 10:12:55 INFO Executor: Created or updated repl class loader org.apache.spark.util.MutableURLClassLoader@5fe904eb for default.
24/12/31 10:12:55 INFO Utils: Successfully started service 'org.apache.spark.network.netty.NettyBlockTransferService' on port 38355.
24/12/31 10:12:55 INFO NettyBlockTransferService: Server created on 192.168.29.182:38355
24/12/31 10:12:55 INFO BlockManager: Using org.apache.spark.storage.RandomBlockReplicationPolicy for block replication policy
24/12/31 10:12:55 INFO BlockManagerMaster: Registering BlockManager BlockManagerId(driver, 192.168.29.182, 38355, None)
24/12/31 10:12:55 INFO BlockManagerMasterEndpoint: Registering block manager 192.168.29.182:38355 with 434.4 MiB RAM, BlockManagerId(driver, 192.168.29.182, 38355, None)
24/12/31 10:12:55 INFO BlockManagerMaster: Registered BlockManager BlockManagerId(driver, 192.168.29.182, 38355, None)
24/12/31 10:12:55 INFO BlockManager: Initialized BlockManager: BlockManagerId(driver, 192.168.29.182, 38355, None)
24/12/31 10:12:55 INFO ContextHandler: Stopped o.s.j.s.ServletContextHandler@181d5686{/,null,STOPPED,@Spark}
24/12/31 10:12:55 INFO ContextHandler: Started o.s.j.s.ServletContextHandler@66a6f443{/jobs,null,AVAILABLE,@Spark}
24/12/31 10:12:55 INFO ContextHandler: Started o.s.j.s.ServletContextHandler@8633739{/jobs/json,null,AVAILABLE,@Spark}
24/12/31 10:12:55 INFO ContextHandler: Started o.s.j.s.ServletContextHandler@28a0cf7e{/jobs/job,null,AVAILABLE,@Spark}
24/12/31 10:12:55 INFO ContextHandler: Started o.s.j.s.ServletContextHandler@56b5735d{/jobs/job/json,null,AVAILABLE,@Spark}
24/12/31 10:12:55 INFO ContextHandler: Started o.s.j.s.ServletContextHandler@1ea15910{/stages,null,AVAILABLE,@Spark}
24/12/31 10:12:55 INFO ContextHandler: Started o.s.j.s.ServletContextHandler@543d49a4{/stages/json,null,AVAILABLE,@Spark}
24/12/31 10:12:55 INFO ContextHandler: Started o.s.j.s.ServletContextHandler@44addc92{/stages/stage,null,AVAILABLE,@Spark}
24/12/31 10:12:55 INFO ContextHandler: Started o.s.j.s.ServletContextHandler@a600eaf{/stages/stage/json,null,AVAILABLE,@Spark}
24/12/31 10:12:55 INFO ContextHandler: Started o.s.j.s.ServletContextHandler@2999cafa{/stages/pool,null,AVAILABLE,@Spark}
24/12/31 10:12:55 INFO ContextHandler: Started o.s.j.s.ServletContextHandler@5b94a178{/stages/pool/json,null,AVAILABLE,@Spark}
24/12/31 10:12:55 INFO ContextHandler: Started o.s.j.s.ServletContextHandler@69e8f8fe{/storage,null,AVAILABLE,@Spark}
24/12/31 10:12:55 INFO ContextHandler: Started o.s.j.s.ServletContextHandler@184980c7{/storage/json,null,AVAILABLE,@Spark}
24/12/31 10:12:55 INFO ContextHandler: Started o.s.j.s.ServletContextHandler@31e0958f{/storage/rdd,null,AVAILABLE,@Spark}
24/12/31 10:12:55 INFO ContextHandler: Started o.s.j.s.ServletContextHandler@4066f4e2{/storage/rdd/json,null,AVAILABLE,@Spark}
24/12/31 10:12:55 INFO ContextHandler: Started o.s.j.s.ServletContextHandler@67e02343{/environment,null,AVAILABLE,@Spark}
24/12/31 10:12:55 INFO ContextHandler: Started o.s.j.s.ServletContextHandler@6c5f7d47{/environment/json,null,AVAILABLE,@Spark}
24/12/31 10:12:55 INFO ContextHandler: Started o.s.j.s.ServletContextHandler@14876d9d{/executors,null,AVAILABLE,@Spark}
24/12/31 10:12:55 INFO ContextHandler: Started o.s.j.s.ServletContextHandler@52c41cb4{/executors/json,null,AVAILABLE,@Spark}
24/12/31 10:12:55 INFO ContextHandler: Started o.s.j.s.ServletContextHandler@52a1fb6c{/executors/threadDump,null,AVAILABLE,@Spark}
24/12/31 10:12:55 INFO ContextHandler: Started o.s.j.s.ServletContextHandler@52c61a0c{/executors/threadDump/json,null,AVAILABLE,@Spark}
24/12/31 10:12:55 INFO ContextHandler: Started o.s.j.s.ServletContextHandler@5e839855{/executors/heapHistogram,null,AVAILABLE,@Spark}
24/12/31 10:12:55 INFO ContextHandler: Started o.s.j.s.ServletContextHandler@3076db96{/executors/heapHistogram/json,null,AVAILABLE,@Spark}
24/12/31 10:12:55 INFO ContextHandler: Started o.s.j.s.ServletContextHandler@523f0d65{/static,null,AVAILABLE,@Spark}
24/12/31 10:12:55 INFO ContextHandler: Started o.s.j.s.ServletContextHandler@4aa1ec15{/,null,AVAILABLE,@Spark}
24/12/31 10:12:55 INFO ContextHandler: Started o.s.j.s.ServletContextHandler@478af9e5{/api,null,AVAILABLE,@Spark}
24/12/31 10:12:55 INFO ContextHandler: Started o.s.j.s.ServletContextHandler@742d0bd4{/jobs/job/kill,null,AVAILABLE,@Spark}
24/12/31 10:12:55 INFO ContextHandler: Started o.s.j.s.ServletContextHandler@20657034{/stages/stage/kill,null,AVAILABLE,@Spark}
24/12/31 10:12:55 INFO ContextHandler: Started o.s.j.s.ServletContextHandler@6654f6af{/metrics/json,null,AVAILABLE,@Spark}
24/12/31 10:12:56 INFO Hello Spark: Starting HelloSpark
24/12/31 10:12:56 INFO SharedState: Setting hive.metastore.warehouse.dir ('null') to the value of spark.sql.warehouse.dir.
24/12/31 10:12:56 INFO SharedState: Warehouse path is 'file:/home/bidut/Desktop/dev/pyspark_learn/Course01Learn/HelloSpark/spark-warehouse'.
24/12/31 10:12:56 INFO ContextHandler: Started o.s.j.s.ServletContextHandler@469a68f5{/SQL,null,AVAILABLE,@Spark}
24/12/31 10:12:56 INFO ContextHandler: Started o.s.j.s.ServletContextHandler@3c0abbea{/SQL/json,null,AVAILABLE,@Spark}
24/12/31 10:12:56 INFO ContextHandler: Started o.s.j.s.ServletContextHandler@300a6041{/SQL/execution,null,AVAILABLE,@Spark}
24/12/31 10:12:56 INFO ContextHandler: Started o.s.j.s.ServletContextHandler@1b08776a{/SQL/execution/json,null,AVAILABLE,@Spark}
24/12/31 10:12:56 INFO ContextHandler: Started o.s.j.s.ServletContextHandler@13eb46fd{/static/sql,null,AVAILABLE,@Spark}
24/12/31 10:12:57 INFO InMemoryFileIndex: It took 51 ms to list leaf files for 1 paths.
24/12/31 10:12:57 INFO InMemoryFileIndex: It took 3 ms to list leaf files for 1 paths.
24/12/31 10:12:59 INFO FileSourceStrategy: Pushed Filters: 
24/12/31 10:12:59 INFO FileSourceStrategy: Post-Scan Filters: (length(trim(value#0, None)) > 0)
24/12/31 10:12:59 INFO CodeGenerator: Code generated in 180.066686 ms
24/12/31 10:12:59 INFO MemoryStore: Block broadcast_0 stored as values in memory (estimated size 199.5 KiB, free 434.2 MiB)
24/12/31 10:12:59 INFO MemoryStore: Block broadcast_0_piece0 stored as bytes in memory (estimated size 34.2 KiB, free 434.2 MiB)
24/12/31 10:13:00 INFO BlockManagerInfo: Added broadcast_0_piece0 in memory on 192.168.29.182:38355 (size: 34.2 KiB, free: 434.4 MiB)
24/12/31 10:13:00 INFO SparkContext: Created broadcast 0 from csv at NativeMethodAccessorImpl.java:0
24/12/31 10:13:00 INFO FileSourceScanExec: Planning scan with bin packing, max size: 4194304 bytes, open cost is considered as scanning 4194304 bytes.
24/12/31 10:13:00 INFO SparkContext: Starting job: csv at NativeMethodAccessorImpl.java:0
24/12/31 10:13:00 INFO DAGScheduler: Got job 0 (csv at NativeMethodAccessorImpl.java:0) with 1 output partitions
24/12/31 10:13:00 INFO DAGScheduler: Final stage: ResultStage 0 (csv at NativeMethodAccessorImpl.java:0)
24/12/31 10:13:00 INFO DAGScheduler: Parents of final stage: List()
24/12/31 10:13:00 INFO DAGScheduler: Missing parents: List()
24/12/31 10:13:00 INFO DAGScheduler: Submitting ResultStage 0 (MapPartitionsRDD[3] at csv at NativeMethodAccessorImpl.java:0), which has no missing parents
24/12/31 10:13:00 INFO MemoryStore: Block broadcast_1 stored as values in memory (estimated size 13.5 KiB, free 434.2 MiB)
24/12/31 10:13:00 INFO MemoryStore: Block broadcast_1_piece0 stored as bytes in memory (estimated size 6.4 KiB, free 434.2 MiB)
24/12/31 10:13:00 INFO BlockManagerInfo: Added broadcast_1_piece0 in memory on 192.168.29.182:38355 (size: 6.4 KiB, free: 434.4 MiB)
24/12/31 10:13:00 INFO SparkContext: Created broadcast 1 from broadcast at DAGScheduler.scala:1585
24/12/31 10:13:00 INFO DAGScheduler: Submitting 1 missing tasks from ResultStage 0 (MapPartitionsRDD[3] at csv at NativeMethodAccessorImpl.java:0) (first 15 tasks are for partitions Vector(0))
24/12/31 10:13:00 INFO TaskSchedulerImpl: Adding task set 0.0 with 1 tasks resource profile 0
24/12/31 10:13:00 INFO TaskSetManager: Starting task 0.0 in stage 0.0 (TID 0) (192.168.29.182, executor driver, partition 0, PROCESS_LOCAL, 9647 bytes) 
24/12/31 10:13:00 INFO Executor: Running task 0.0 in stage 0.0 (TID 0)
24/12/31 10:13:00 INFO CodeGenerator: Code generated in 11.346325 ms
24/12/31 10:13:00 INFO FileScanRDD: Reading File path: file:///home/bidut/Desktop/dev/pyspark_learn/Course01Learn/HelloSpark/data/sample.csv, range: 0-2214, partition values: [empty row]
24/12/31 10:13:00 INFO CodeGenerator: Code generated in 9.969943 ms
24/12/31 10:13:00 INFO Executor: Finished task 0.0 in stage 0.0 (TID 0). 1933 bytes result sent to driver
24/12/31 10:13:00 INFO TaskSetManager: Finished task 0.0 in stage 0.0 (TID 0) in 209 ms on 192.168.29.182 (executor driver) (1/1)
24/12/31 10:13:00 INFO TaskSchedulerImpl: Removed TaskSet 0.0, whose tasks have all completed, from pool 
24/12/31 10:13:00 INFO DAGScheduler: ResultStage 0 (csv at NativeMethodAccessorImpl.java:0) finished in 0.355 s
24/12/31 10:13:00 INFO DAGScheduler: Job 0 is finished. Cancelling potential speculative or zombie tasks for this job
24/12/31 10:13:00 INFO TaskSchedulerImpl: Killing all running tasks in stage 0: Stage finished
24/12/31 10:13:00 INFO DAGScheduler: Job 0 finished: csv at NativeMethodAccessorImpl.java:0, took 0.400764 s
24/12/31 10:13:00 INFO CodeGenerator: Code generated in 8.003192 ms
24/12/31 10:13:00 INFO FileSourceStrategy: Pushed Filters: 
24/12/31 10:13:00 INFO FileSourceStrategy: Post-Scan Filters: 
24/12/31 10:13:00 INFO MemoryStore: Block broadcast_2 stored as values in memory (estimated size 199.5 KiB, free 434.0 MiB)
24/12/31 10:13:00 INFO MemoryStore: Block broadcast_2_piece0 stored as bytes in memory (estimated size 34.2 KiB, free 433.9 MiB)
24/12/31 10:13:00 INFO BlockManagerInfo: Added broadcast_2_piece0 in memory on 192.168.29.182:38355 (size: 34.2 KiB, free: 434.3 MiB)
24/12/31 10:13:00 INFO SparkContext: Created broadcast 2 from csv at NativeMethodAccessorImpl.java:0
24/12/31 10:13:00 INFO FileSourceScanExec: Planning scan with bin packing, max size: 4194304 bytes, open cost is considered as scanning 4194304 bytes.
24/12/31 10:13:00 INFO SparkContext: Starting job: csv at NativeMethodAccessorImpl.java:0
24/12/31 10:13:00 INFO DAGScheduler: Got job 1 (csv at NativeMethodAccessorImpl.java:0) with 1 output partitions
24/12/31 10:13:00 INFO DAGScheduler: Final stage: ResultStage 1 (csv at NativeMethodAccessorImpl.java:0)
24/12/31 10:13:00 INFO DAGScheduler: Parents of final stage: List()
24/12/31 10:13:00 INFO DAGScheduler: Missing parents: List()
24/12/31 10:13:00 INFO DAGScheduler: Submitting ResultStage 1 (MapPartitionsRDD[9] at csv at NativeMethodAccessorImpl.java:0), which has no missing parents
24/12/31 10:13:00 INFO MemoryStore: Block broadcast_3 stored as values in memory (estimated size 27.6 KiB, free 433.9 MiB)
24/12/31 10:13:00 INFO MemoryStore: Block broadcast_3_piece0 stored as bytes in memory (estimated size 13.2 KiB, free 433.9 MiB)
24/12/31 10:13:00 INFO BlockManagerInfo: Added broadcast_3_piece0 in memory on 192.168.29.182:38355 (size: 13.2 KiB, free: 434.3 MiB)
24/12/31 10:13:00 INFO SparkContext: Created broadcast 3 from broadcast at DAGScheduler.scala:1585
24/12/31 10:13:00 INFO DAGScheduler: Submitting 1 missing tasks from ResultStage 1 (MapPartitionsRDD[9] at csv at NativeMethodAccessorImpl.java:0) (first 15 tasks are for partitions Vector(0))
24/12/31 10:13:00 INFO TaskSchedulerImpl: Adding task set 1.0 with 1 tasks resource profile 0
24/12/31 10:13:00 INFO TaskSetManager: Starting task 0.0 in stage 1.0 (TID 1) (192.168.29.182, executor driver, partition 0, PROCESS_LOCAL, 9647 bytes) 
24/12/31 10:13:00 INFO Executor: Running task 0.0 in stage 1.0 (TID 1)
24/12/31 10:13:00 INFO CodeGenerator: Code generated in 7.096823 ms
24/12/31 10:13:00 INFO FileScanRDD: Reading File path: file:///home/bidut/Desktop/dev/pyspark_learn/Course01Learn/HelloSpark/data/sample.csv, range: 0-2214, partition values: [empty row]
24/12/31 10:13:01 INFO BlockManagerInfo: Removed broadcast_1_piece0 on 192.168.29.182:38355 in memory (size: 6.4 KiB, free: 434.3 MiB)
24/12/31 10:13:01 INFO BlockManagerInfo: Removed broadcast_0_piece0 on 192.168.29.182:38355 in memory (size: 34.2 KiB, free: 434.4 MiB)
24/12/31 10:13:01 INFO Executor: Finished task 0.0 in stage 1.0 (TID 1). 1835 bytes result sent to driver
24/12/31 10:13:01 INFO TaskSetManager: Finished task 0.0 in stage 1.0 (TID 1) in 247 ms on 192.168.29.182 (executor driver) (1/1)
24/12/31 10:13:01 INFO TaskSchedulerImpl: Removed TaskSet 1.0, whose tasks have all completed, from pool 
24/12/31 10:13:01 INFO DAGScheduler: ResultStage 1 (csv at NativeMethodAccessorImpl.java:0) finished in 0.300 s
24/12/31 10:13:01 INFO DAGScheduler: Job 1 is finished. Cancelling potential speculative or zombie tasks for this job
24/12/31 10:13:01 INFO TaskSchedulerImpl: Killing all running tasks in stage 1: Stage finished
24/12/31 10:13:01 INFO DAGScheduler: Job 1 finished: csv at NativeMethodAccessorImpl.java:0, took 0.316715 s
24/12/31 10:13:01 INFO FileSourceStrategy: Pushed Filters: IsNotNull(Age),LessThan(Age,40)
24/12/31 10:13:01 INFO FileSourceStrategy: Post-Scan Filters: isnotnull(Age#18),(Age#18 < 40)
24/12/31 10:13:01 INFO CodeGenerator: Code generated in 8.872742 ms
24/12/31 10:13:01 INFO MemoryStore: Block broadcast_4 stored as values in memory (estimated size 199.4 KiB, free 433.9 MiB)
24/12/31 10:13:01 INFO MemoryStore: Block broadcast_4_piece0 stored as bytes in memory (estimated size 34.2 KiB, free 433.9 MiB)
24/12/31 10:13:01 INFO BlockManagerInfo: Added broadcast_4_piece0 in memory on 192.168.29.182:38355 (size: 34.2 KiB, free: 434.3 MiB)
24/12/31 10:13:01 INFO SparkContext: Created broadcast 4 from collect at /home/bidut/Desktop/dev/pyspark_learn/Course01Learn/HelloSpark/HelloSpark.py:26
24/12/31 10:13:01 INFO FileSourceScanExec: Planning scan with bin packing, max size: 4194304 bytes, open cost is considered as scanning 4194304 bytes.
24/12/31 10:13:01 INFO DAGScheduler: Registering RDD 14 (collect at /home/bidut/Desktop/dev/pyspark_learn/Course01Learn/HelloSpark/HelloSpark.py:26) as input to shuffle 0
24/12/31 10:13:01 INFO DAGScheduler: Got map stage job 2 (collect at /home/bidut/Desktop/dev/pyspark_learn/Course01Learn/HelloSpark/HelloSpark.py:26) with 1 output partitions
24/12/31 10:13:01 INFO DAGScheduler: Final stage: ShuffleMapStage 2 (collect at /home/bidut/Desktop/dev/pyspark_learn/Course01Learn/HelloSpark/HelloSpark.py:26)
24/12/31 10:13:01 INFO DAGScheduler: Parents of final stage: List()
24/12/31 10:13:01 INFO DAGScheduler: Missing parents: List()
24/12/31 10:13:01 INFO DAGScheduler: Submitting ShuffleMapStage 2 (MapPartitionsRDD[14] at collect at /home/bidut/Desktop/dev/pyspark_learn/Course01Learn/HelloSpark/HelloSpark.py:26), which has no missing parents
24/12/31 10:13:01 INFO MemoryStore: Block broadcast_5 stored as values in memory (estimated size 19.3 KiB, free 433.9 MiB)
24/12/31 10:13:01 INFO MemoryStore: Block broadcast_5_piece0 stored as bytes in memory (estimated size 9.4 KiB, free 433.9 MiB)
24/12/31 10:13:01 INFO BlockManagerInfo: Added broadcast_5_piece0 in memory on 192.168.29.182:38355 (size: 9.4 KiB, free: 434.3 MiB)
24/12/31 10:13:01 INFO SparkContext: Created broadcast 5 from broadcast at DAGScheduler.scala:1585
24/12/31 10:13:01 INFO DAGScheduler: Submitting 1 missing tasks from ShuffleMapStage 2 (MapPartitionsRDD[14] at collect at /home/bidut/Desktop/dev/pyspark_learn/Course01Learn/HelloSpark/HelloSpark.py:26) (first 15 tasks are for partitions Vector(0))
24/12/31 10:13:01 INFO TaskSchedulerImpl: Adding task set 2.0 with 1 tasks resource profile 0
24/12/31 10:13:01 INFO TaskSetManager: Starting task 0.0 in stage 2.0 (TID 2) (192.168.29.182, executor driver, partition 0, PROCESS_LOCAL, 9636 bytes) 
24/12/31 10:13:01 INFO Executor: Running task 0.0 in stage 2.0 (TID 2)
24/12/31 10:13:01 INFO CodeGenerator: Code generated in 7.893114 ms
24/12/31 10:13:01 INFO FileScanRDD: Reading File path: file:///home/bidut/Desktop/dev/pyspark_learn/Course01Learn/HelloSpark/data/sample.csv, range: 0-2214, partition values: [empty row]
24/12/31 10:13:01 INFO CodeGenerator: Code generated in 7.131408 ms
24/12/31 10:13:01 INFO CodeGenerator: Code generated in 5.86678 ms
24/12/31 10:13:01 INFO Executor: Finished task 0.0 in stage 2.0 (TID 2). 1889 bytes result sent to driver
24/12/31 10:13:01 INFO TaskSetManager: Finished task 0.0 in stage 2.0 (TID 2) in 121 ms on 192.168.29.182 (executor driver) (1/1)
24/12/31 10:13:01 INFO TaskSchedulerImpl: Removed TaskSet 2.0, whose tasks have all completed, from pool 
24/12/31 10:13:01 INFO DAGScheduler: ShuffleMapStage 2 (collect at /home/bidut/Desktop/dev/pyspark_learn/Course01Learn/HelloSpark/HelloSpark.py:26) finished in 0.144 s
24/12/31 10:13:01 INFO DAGScheduler: looking for newly runnable stages
24/12/31 10:13:01 INFO DAGScheduler: running: Set()
24/12/31 10:13:01 INFO DAGScheduler: waiting: Set()
24/12/31 10:13:01 INFO DAGScheduler: failed: Set()
24/12/31 10:13:01 INFO CodeGenerator: Code generated in 44.862787 ms
24/12/31 10:13:01 INFO DAGScheduler: Registering RDD 17 (collect at /home/bidut/Desktop/dev/pyspark_learn/Course01Learn/HelloSpark/HelloSpark.py:26) as input to shuffle 1
24/12/31 10:13:01 INFO DAGScheduler: Got map stage job 3 (collect at /home/bidut/Desktop/dev/pyspark_learn/Course01Learn/HelloSpark/HelloSpark.py:26) with 2 output partitions
24/12/31 10:13:01 INFO DAGScheduler: Final stage: ShuffleMapStage 4 (collect at /home/bidut/Desktop/dev/pyspark_learn/Course01Learn/HelloSpark/HelloSpark.py:26)
24/12/31 10:13:01 INFO DAGScheduler: Parents of final stage: List(ShuffleMapStage 3)
24/12/31 10:13:01 INFO DAGScheduler: Missing parents: List()
24/12/31 10:13:01 INFO DAGScheduler: Submitting ShuffleMapStage 4 (MapPartitionsRDD[17] at collect at /home/bidut/Desktop/dev/pyspark_learn/Course01Learn/HelloSpark/HelloSpark.py:26), which has no missing parents
24/12/31 10:13:01 INFO MemoryStore: Block broadcast_6 stored as values in memory (estimated size 45.3 KiB, free 433.8 MiB)
24/12/31 10:13:01 INFO MemoryStore: Block broadcast_6_piece0 stored as bytes in memory (estimated size 21.5 KiB, free 433.8 MiB)
24/12/31 10:13:01 INFO BlockManagerInfo: Added broadcast_6_piece0 in memory on 192.168.29.182:38355 (size: 21.5 KiB, free: 434.3 MiB)
24/12/31 10:13:01 INFO SparkContext: Created broadcast 6 from broadcast at DAGScheduler.scala:1585
24/12/31 10:13:01 INFO DAGScheduler: Submitting 2 missing tasks from ShuffleMapStage 4 (MapPartitionsRDD[17] at collect at /home/bidut/Desktop/dev/pyspark_learn/Course01Learn/HelloSpark/HelloSpark.py:26) (first 15 tasks are for partitions Vector(0, 1))
24/12/31 10:13:01 INFO TaskSchedulerImpl: Adding task set 4.0 with 2 tasks resource profile 0
24/12/31 10:13:01 INFO TaskSetManager: Starting task 0.0 in stage 4.0 (TID 3) (192.168.29.182, executor driver, partition 0, NODE_LOCAL, 8988 bytes) 
24/12/31 10:13:01 INFO TaskSetManager: Starting task 1.0 in stage 4.0 (TID 4) (192.168.29.182, executor driver, partition 1, NODE_LOCAL, 8988 bytes) 
24/12/31 10:13:01 INFO Executor: Running task 0.0 in stage 4.0 (TID 3)
24/12/31 10:13:01 INFO Executor: Running task 1.0 in stage 4.0 (TID 4)
24/12/31 10:13:01 INFO ShuffleBlockFetcherIterator: Getting 1 (106.0 B) non-empty blocks including 1 (106.0 B) local and 0 (0.0 B) host-local and 0 (0.0 B) push-merged-local and 0 (0.0 B) remote blocks
24/12/31 10:13:01 INFO ShuffleBlockFetcherIterator: Getting 1 (129.0 B) non-empty blocks including 1 (129.0 B) local and 0 (0.0 B) host-local and 0 (0.0 B) push-merged-local and 0 (0.0 B) remote blocks
24/12/31 10:13:01 INFO ShuffleBlockFetcherIterator: Started 0 remote fetches in 8 ms
24/12/31 10:13:01 INFO ShuffleBlockFetcherIterator: Started 0 remote fetches in 8 ms
24/12/31 10:13:01 INFO CodeGenerator: Code generated in 22.496787 ms
24/12/31 10:13:01 INFO CodeGenerator: Code generated in 7.74327 ms
24/12/31 10:13:01 INFO CodeGenerator: Code generated in 4.504055 ms
24/12/31 10:13:01 INFO CodeGenerator: Code generated in 4.995296 ms
24/12/31 10:13:01 INFO Executor: Finished task 0.0 in stage 4.0 (TID 3). 4982 bytes result sent to driver
24/12/31 10:13:01 INFO Executor: Finished task 1.0 in stage 4.0 (TID 4). 5068 bytes result sent to driver
24/12/31 10:13:01 INFO BlockManagerInfo: Removed broadcast_2_piece0 on 192.168.29.182:38355 in memory (size: 34.2 KiB, free: 434.3 MiB)
24/12/31 10:13:01 INFO TaskSetManager: Finished task 0.0 in stage 4.0 (TID 3) in 147 ms on 192.168.29.182 (executor driver) (1/2)
24/12/31 10:13:01 INFO TaskSetManager: Finished task 1.0 in stage 4.0 (TID 4) in 145 ms on 192.168.29.182 (executor driver) (2/2)
24/12/31 10:13:01 INFO TaskSchedulerImpl: Removed TaskSet 4.0, whose tasks have all completed, from pool 
24/12/31 10:13:01 INFO DAGScheduler: ShuffleMapStage 4 (collect at /home/bidut/Desktop/dev/pyspark_learn/Course01Learn/HelloSpark/HelloSpark.py:26) finished in 0.162 s
24/12/31 10:13:01 INFO DAGScheduler: looking for newly runnable stages
24/12/31 10:13:01 INFO DAGScheduler: running: Set()
24/12/31 10:13:01 INFO DAGScheduler: waiting: Set()
24/12/31 10:13:01 INFO DAGScheduler: failed: Set()
24/12/31 10:13:01 INFO BlockManagerInfo: Removed broadcast_5_piece0 on 192.168.29.182:38355 in memory (size: 9.4 KiB, free: 434.3 MiB)
24/12/31 10:13:01 INFO BlockManagerInfo: Removed broadcast_3_piece0 on 192.168.29.182:38355 in memory (size: 13.2 KiB, free: 434.3 MiB)
24/12/31 10:13:01 INFO ShufflePartitionsUtil: For shuffle(1), advisory target size: 67108864, actual target size 1048576, minimum partition size: 1048576
24/12/31 10:13:01 INFO HashAggregateExec: spark.sql.codegen.aggregate.map.twolevel.enabled is set to true, but current version of codegened fast hashmap does not support this aggregate.
24/12/31 10:13:02 INFO CodeGenerator: Code generated in 16.087739 ms
24/12/31 10:13:02 INFO SparkContext: Starting job: collect at /home/bidut/Desktop/dev/pyspark_learn/Course01Learn/HelloSpark/HelloSpark.py:26
24/12/31 10:13:02 INFO DAGScheduler: Got job 4 (collect at /home/bidut/Desktop/dev/pyspark_learn/Course01Learn/HelloSpark/HelloSpark.py:26) with 1 output partitions
24/12/31 10:13:02 INFO DAGScheduler: Final stage: ResultStage 7 (collect at /home/bidut/Desktop/dev/pyspark_learn/Course01Learn/HelloSpark/HelloSpark.py:26)
24/12/31 10:13:02 INFO DAGScheduler: Parents of final stage: List(ShuffleMapStage 6)
24/12/31 10:13:02 INFO DAGScheduler: Missing parents: List()
24/12/31 10:13:02 INFO DAGScheduler: Submitting ResultStage 7 (MapPartitionsRDD[20] at collect at /home/bidut/Desktop/dev/pyspark_learn/Course01Learn/HelloSpark/HelloSpark.py:26), which has no missing parents
24/12/31 10:13:02 INFO MemoryStore: Block broadcast_7 stored as values in memory (estimated size 45.4 KiB, free 434.1 MiB)
24/12/31 10:13:02 INFO MemoryStore: Block broadcast_7_piece0 stored as bytes in memory (estimated size 21.6 KiB, free 434.0 MiB)
24/12/31 10:13:02 INFO BlockManagerInfo: Added broadcast_7_piece0 in memory on 192.168.29.182:38355 (size: 21.6 KiB, free: 434.3 MiB)
24/12/31 10:13:02 INFO SparkContext: Created broadcast 7 from broadcast at DAGScheduler.scala:1585
24/12/31 10:13:02 INFO DAGScheduler: Submitting 1 missing tasks from ResultStage 7 (MapPartitionsRDD[20] at collect at /home/bidut/Desktop/dev/pyspark_learn/Course01Learn/HelloSpark/HelloSpark.py:26) (first 15 tasks are for partitions Vector(0))
24/12/31 10:13:02 INFO TaskSchedulerImpl: Adding task set 7.0 with 1 tasks resource profile 0
24/12/31 10:13:02 INFO TaskSetManager: Starting task 0.0 in stage 7.0 (TID 5) (192.168.29.182, executor driver, partition 0, NODE_LOCAL, 8999 bytes) 
24/12/31 10:13:02 INFO Executor: Running task 0.0 in stage 7.0 (TID 5)
24/12/31 10:13:02 INFO ShuffleBlockFetcherIterator: Getting 2 (235.0 B) non-empty blocks including 2 (235.0 B) local and 0 (0.0 B) host-local and 0 (0.0 B) push-merged-local and 0 (0.0 B) remote blocks
24/12/31 10:13:02 INFO ShuffleBlockFetcherIterator: Started 0 remote fetches in 1 ms
24/12/31 10:13:02 INFO CodeGenerator: Code generated in 12.496908 ms
24/12/31 10:13:02 INFO Executor: Finished task 0.0 in stage 7.0 (TID 5). 6529 bytes result sent to driver
24/12/31 10:13:02 INFO TaskSetManager: Finished task 0.0 in stage 7.0 (TID 5) in 40 ms on 192.168.29.182 (executor driver) (1/1)
24/12/31 10:13:02 INFO TaskSchedulerImpl: Removed TaskSet 7.0, whose tasks have all completed, from pool 
24/12/31 10:13:02 INFO DAGScheduler: ResultStage 7 (collect at /home/bidut/Desktop/dev/pyspark_learn/Course01Learn/HelloSpark/HelloSpark.py:26) finished in 0.053 s
24/12/31 10:13:02 INFO DAGScheduler: Job 4 is finished. Cancelling potential speculative or zombie tasks for this job
24/12/31 10:13:02 INFO TaskSchedulerImpl: Killing all running tasks in stage 7: Stage finished
24/12/31 10:13:02 INFO DAGScheduler: Job 4 finished: collect at /home/bidut/Desktop/dev/pyspark_learn/Course01Learn/HelloSpark/HelloSpark.py:26, took 0.061891 s
24/12/31 10:13:02 INFO Hello Spark: [[Canada, 2], [United States, 4], [United Kingdom, 1]]
24/12/31 10:13:02 INFO Hello Spark: Finished HelloSpark
24/12/31 10:13:02 INFO SparkContext: Invoking stop() from shutdown hook
24/12/31 10:13:02 INFO SparkContext: SparkContext is stopping with exitCode 0.
24/12/31 10:13:02 INFO AbstractConnector: Stopped Spark@68547675{HTTP/1.1, (http/1.1)}{0.0.0.0:4041}
24/12/31 10:13:02 INFO SparkUI: Stopped Spark web UI at http://192.168.29.182:4041
24/12/31 10:13:02 INFO MapOutputTrackerMasterEndpoint: MapOutputTrackerMasterEndpoint stopped!
24/12/31 10:13:02 INFO MemoryStore: MemoryStore cleared
24/12/31 10:13:02 INFO BlockManager: BlockManager stopped
24/12/31 10:13:02 INFO BlockManagerMaster: BlockManagerMaster stopped
24/12/31 10:13:02 INFO OutputCommitCoordinator$OutputCommitCoordinatorEndpoint: OutputCommitCoordinator stopped!
24/12/31 10:13:02 INFO SparkContext: Successfully stopped SparkContext
24/12/31 10:13:02 INFO ShutdownHookManager: Shutdown hook called
24/12/31 10:13:02 INFO ShutdownHookManager: Deleting directory /tmp/spark-1e7f70ee-3422-4f48-9874-d070c0b551eb/pyspark-bca7a2f6-0e25-46ab-9141-a49cd9b26b2b
24/12/31 10:13:02 INFO ShutdownHookManager: Deleting directory /tmp/spark-1e7f70ee-3422-4f48-9874-d070c0b551eb
24/12/31 10:13:02 INFO ShutdownHookManager: Deleting directory /tmp/spark-06bab792-8803-47ed-b8ee-9a26801ecf3e
24/12/31 10:13:14 WARN Utils: Your hostname, bidut-HP-Laptop-14s-fq1xxx resolves to a loopback address: 127.0.1.1; using 192.168.29.182 instead (on interface wlo1)
24/12/31 10:13:14 WARN Utils: Set SPARK_LOCAL_IP if you need to bind to another address
24/12/31 10:13:15 INFO SparkContext: Running Spark version 3.5.4
24/12/31 10:13:15 INFO SparkContext: OS info Linux, 5.15.0-126-generic, amd64
24/12/31 10:13:15 INFO SparkContext: Java version 11.0.25
24/12/31 10:13:15 WARN NativeCodeLoader: Unable to load native-hadoop library for your platform... using builtin-java classes where applicable
24/12/31 10:13:15 INFO ResourceUtils: ==============================================================
24/12/31 10:13:15 INFO ResourceUtils: No custom resources configured for spark.driver.
24/12/31 10:13:15 INFO ResourceUtils: ==============================================================
24/12/31 10:13:15 INFO SparkContext: Submitted application: Hello Spark
24/12/31 10:13:15 INFO ResourceProfile: Default ResourceProfile created, executor resources: Map(cores -> name: cores, amount: 1, script: , vendor: , memory -> name: memory, amount: 1024, script: , vendor: , offHeap -> name: offHeap, amount: 0, script: , vendor: ), task resources: Map(cpus -> name: cpus, amount: 1.0)
24/12/31 10:13:15 INFO ResourceProfile: Limiting resource is cpu
24/12/31 10:13:15 INFO ResourceProfileManager: Added ResourceProfile id: 0
24/12/31 10:13:15 INFO SecurityManager: Changing view acls to: bidut
24/12/31 10:13:15 INFO SecurityManager: Changing modify acls to: bidut
24/12/31 10:13:15 INFO SecurityManager: Changing view acls groups to: 
24/12/31 10:13:15 INFO SecurityManager: Changing modify acls groups to: 
24/12/31 10:13:15 INFO SecurityManager: SecurityManager: authentication disabled; ui acls disabled; users with view permissions: bidut; groups with view permissions: EMPTY; users with modify permissions: bidut; groups with modify permissions: EMPTY
24/12/31 10:13:15 INFO Utils: Successfully started service 'sparkDriver' on port 39045.
24/12/31 10:13:15 INFO SparkEnv: Registering MapOutputTracker
24/12/31 10:13:15 INFO SparkEnv: Registering BlockManagerMaster
24/12/31 10:13:15 INFO BlockManagerMasterEndpoint: Using org.apache.spark.storage.DefaultTopologyMapper for getting topology information
24/12/31 10:13:15 INFO BlockManagerMasterEndpoint: BlockManagerMasterEndpoint up
24/12/31 10:13:15 INFO SparkEnv: Registering BlockManagerMasterHeartbeat
24/12/31 10:13:15 INFO DiskBlockManager: Created local directory at /tmp/blockmgr-54244118-1c22-400d-b241-94d732c3711a
24/12/31 10:13:15 INFO MemoryStore: MemoryStore started with capacity 434.4 MiB
24/12/31 10:13:15 INFO SparkEnv: Registering OutputCommitCoordinator
24/12/31 10:13:15 INFO log: Logging initialized @2116ms to org.sparkproject.jetty.util.log.Slf4jLog
24/12/31 10:13:15 INFO JettyUtils: Start Jetty 0.0.0.0:4040 for SparkUI
24/12/31 10:13:15 INFO Server: jetty-9.4.56.v20240826; built: 2024-08-26T17:15:05.868Z; git: ec6782ff5ead824dabdcf47fa98f90a4aedff401; jvm 11.0.25+9-post-Ubuntu-1ubuntu120.04
24/12/31 10:13:15 INFO Server: Started @2239ms
24/12/31 10:13:15 WARN Utils: Service 'SparkUI' could not bind on port 4040. Attempting port 4041.
24/12/31 10:13:15 INFO AbstractConnector: Started ServerConnector@668f2dd8{HTTP/1.1, (http/1.1)}{0.0.0.0:4041}
24/12/31 10:13:15 INFO Utils: Successfully started service 'SparkUI' on port 4041.
24/12/31 10:13:15 INFO ContextHandler: Started o.s.j.s.ServletContextHandler@35d2a1ab{/,null,AVAILABLE,@Spark}
24/12/31 10:13:15 INFO Executor: Starting executor ID driver on host 192.168.29.182
24/12/31 10:13:15 INFO Executor: OS info Linux, 5.15.0-126-generic, amd64
24/12/31 10:13:15 INFO Executor: Java version 11.0.25
24/12/31 10:13:15 INFO Executor: Starting executor with user classpath (userClassPathFirst = false): ''
24/12/31 10:13:15 INFO Executor: Created or updated repl class loader org.apache.spark.util.MutableURLClassLoader@1691124c for default.
24/12/31 10:13:15 INFO Utils: Successfully started service 'org.apache.spark.network.netty.NettyBlockTransferService' on port 33447.
24/12/31 10:13:15 INFO NettyBlockTransferService: Server created on 192.168.29.182:33447
24/12/31 10:13:15 INFO BlockManager: Using org.apache.spark.storage.RandomBlockReplicationPolicy for block replication policy
24/12/31 10:13:15 INFO BlockManagerMaster: Registering BlockManager BlockManagerId(driver, 192.168.29.182, 33447, None)
24/12/31 10:13:15 INFO BlockManagerMasterEndpoint: Registering block manager 192.168.29.182:33447 with 434.4 MiB RAM, BlockManagerId(driver, 192.168.29.182, 33447, None)
24/12/31 10:13:15 INFO BlockManagerMaster: Registered BlockManager BlockManagerId(driver, 192.168.29.182, 33447, None)
24/12/31 10:13:15 INFO BlockManager: Initialized BlockManager: BlockManagerId(driver, 192.168.29.182, 33447, None)
24/12/31 10:13:16 INFO ContextHandler: Stopped o.s.j.s.ServletContextHandler@35d2a1ab{/,null,STOPPED,@Spark}
24/12/31 10:13:16 INFO ContextHandler: Started o.s.j.s.ServletContextHandler@66850915{/jobs,null,AVAILABLE,@Spark}
24/12/31 10:13:16 INFO ContextHandler: Started o.s.j.s.ServletContextHandler@235bae59{/jobs/json,null,AVAILABLE,@Spark}
24/12/31 10:13:16 INFO ContextHandler: Started o.s.j.s.ServletContextHandler@a7923db{/jobs/job,null,AVAILABLE,@Spark}
24/12/31 10:13:16 INFO ContextHandler: Started o.s.j.s.ServletContextHandler@5feee9b3{/jobs/job/json,null,AVAILABLE,@Spark}
24/12/31 10:13:16 INFO ContextHandler: Started o.s.j.s.ServletContextHandler@1b70227f{/stages,null,AVAILABLE,@Spark}
24/12/31 10:13:16 INFO ContextHandler: Started o.s.j.s.ServletContextHandler@720ac4b9{/stages/json,null,AVAILABLE,@Spark}
24/12/31 10:13:16 INFO ContextHandler: Started o.s.j.s.ServletContextHandler@342dae74{/stages/stage,null,AVAILABLE,@Spark}
24/12/31 10:13:16 INFO ContextHandler: Started o.s.j.s.ServletContextHandler@49813636{/stages/stage/json,null,AVAILABLE,@Spark}
24/12/31 10:13:16 INFO ContextHandler: Started o.s.j.s.ServletContextHandler@edb9ea6{/stages/pool,null,AVAILABLE,@Spark}
24/12/31 10:13:16 INFO ContextHandler: Started o.s.j.s.ServletContextHandler@68c3a341{/stages/pool/json,null,AVAILABLE,@Spark}
24/12/31 10:13:16 INFO ContextHandler: Started o.s.j.s.ServletContextHandler@b7334bb{/storage,null,AVAILABLE,@Spark}
24/12/31 10:13:16 INFO ContextHandler: Started o.s.j.s.ServletContextHandler@4edbcc9e{/storage/json,null,AVAILABLE,@Spark}
24/12/31 10:13:16 INFO ContextHandler: Started o.s.j.s.ServletContextHandler@78482e6e{/storage/rdd,null,AVAILABLE,@Spark}
24/12/31 10:13:16 INFO ContextHandler: Started o.s.j.s.ServletContextHandler@6edeebe8{/storage/rdd/json,null,AVAILABLE,@Spark}
24/12/31 10:13:16 INFO ContextHandler: Started o.s.j.s.ServletContextHandler@5d9191a0{/environment,null,AVAILABLE,@Spark}
24/12/31 10:13:16 INFO ContextHandler: Started o.s.j.s.ServletContextHandler@3131af17{/environment/json,null,AVAILABLE,@Spark}
24/12/31 10:13:16 INFO ContextHandler: Started o.s.j.s.ServletContextHandler@1bd406a9{/executors,null,AVAILABLE,@Spark}
24/12/31 10:13:16 INFO ContextHandler: Started o.s.j.s.ServletContextHandler@43ee77f9{/executors/json,null,AVAILABLE,@Spark}
24/12/31 10:13:16 INFO ContextHandler: Started o.s.j.s.ServletContextHandler@7ebd9dce{/executors/threadDump,null,AVAILABLE,@Spark}
24/12/31 10:13:16 INFO ContextHandler: Started o.s.j.s.ServletContextHandler@68d1bab5{/executors/threadDump/json,null,AVAILABLE,@Spark}
24/12/31 10:13:16 INFO ContextHandler: Started o.s.j.s.ServletContextHandler@6dfaa18{/executors/heapHistogram,null,AVAILABLE,@Spark}
24/12/31 10:13:16 INFO ContextHandler: Started o.s.j.s.ServletContextHandler@39ab9fff{/executors/heapHistogram/json,null,AVAILABLE,@Spark}
24/12/31 10:13:16 INFO ContextHandler: Started o.s.j.s.ServletContextHandler@26909bfa{/static,null,AVAILABLE,@Spark}
24/12/31 10:13:16 INFO ContextHandler: Started o.s.j.s.ServletContextHandler@4ce0dce5{/,null,AVAILABLE,@Spark}
24/12/31 10:13:16 INFO ContextHandler: Started o.s.j.s.ServletContextHandler@6c14b8fc{/api,null,AVAILABLE,@Spark}
24/12/31 10:13:16 INFO ContextHandler: Started o.s.j.s.ServletContextHandler@5de50226{/jobs/job/kill,null,AVAILABLE,@Spark}
24/12/31 10:13:16 INFO ContextHandler: Started o.s.j.s.ServletContextHandler@2ca10f79{/stages/stage/kill,null,AVAILABLE,@Spark}
24/12/31 10:13:16 INFO ContextHandler: Started o.s.j.s.ServletContextHandler@3e97f15{/metrics/json,null,AVAILABLE,@Spark}
24/12/31 10:13:16 INFO Hello Spark: Starting HelloSpark
24/12/31 10:13:16 INFO SharedState: Setting hive.metastore.warehouse.dir ('null') to the value of spark.sql.warehouse.dir.
24/12/31 10:13:16 INFO SharedState: Warehouse path is 'file:/home/bidut/Desktop/dev/pyspark_learn/Course01Learn/HelloSpark/spark-warehouse'.
24/12/31 10:13:16 INFO ContextHandler: Started o.s.j.s.ServletContextHandler@17601ec1{/SQL,null,AVAILABLE,@Spark}
24/12/31 10:13:16 INFO ContextHandler: Started o.s.j.s.ServletContextHandler@7c3d9da3{/SQL/json,null,AVAILABLE,@Spark}
24/12/31 10:13:16 INFO ContextHandler: Started o.s.j.s.ServletContextHandler@345f3d20{/SQL/execution,null,AVAILABLE,@Spark}
24/12/31 10:13:16 INFO ContextHandler: Started o.s.j.s.ServletContextHandler@656026bf{/SQL/execution/json,null,AVAILABLE,@Spark}
24/12/31 10:13:16 INFO ContextHandler: Started o.s.j.s.ServletContextHandler@4f09293b{/static/sql,null,AVAILABLE,@Spark}
24/12/31 10:13:17 INFO InMemoryFileIndex: It took 43 ms to list leaf files for 1 paths.
24/12/31 10:13:17 INFO InMemoryFileIndex: It took 2 ms to list leaf files for 1 paths.
24/12/31 10:13:19 INFO FileSourceStrategy: Pushed Filters: 
24/12/31 10:13:19 INFO FileSourceStrategy: Post-Scan Filters: (length(trim(value#0, None)) > 0)
24/12/31 10:13:19 INFO CodeGenerator: Code generated in 157.419445 ms
24/12/31 10:13:19 INFO MemoryStore: Block broadcast_0 stored as values in memory (estimated size 199.5 KiB, free 434.2 MiB)
24/12/31 10:13:20 INFO MemoryStore: Block broadcast_0_piece0 stored as bytes in memory (estimated size 34.2 KiB, free 434.2 MiB)
24/12/31 10:13:20 INFO BlockManagerInfo: Added broadcast_0_piece0 in memory on 192.168.29.182:33447 (size: 34.2 KiB, free: 434.4 MiB)
24/12/31 10:13:20 INFO SparkContext: Created broadcast 0 from csv at NativeMethodAccessorImpl.java:0
24/12/31 10:13:20 INFO FileSourceScanExec: Planning scan with bin packing, max size: 4194304 bytes, open cost is considered as scanning 4194304 bytes.
24/12/31 10:13:20 INFO SparkContext: Starting job: csv at NativeMethodAccessorImpl.java:0
24/12/31 10:13:20 INFO DAGScheduler: Got job 0 (csv at NativeMethodAccessorImpl.java:0) with 1 output partitions
24/12/31 10:13:20 INFO DAGScheduler: Final stage: ResultStage 0 (csv at NativeMethodAccessorImpl.java:0)
24/12/31 10:13:20 INFO DAGScheduler: Parents of final stage: List()
24/12/31 10:13:20 INFO DAGScheduler: Missing parents: List()
24/12/31 10:13:20 INFO DAGScheduler: Submitting ResultStage 0 (MapPartitionsRDD[3] at csv at NativeMethodAccessorImpl.java:0), which has no missing parents
24/12/31 10:13:20 INFO MemoryStore: Block broadcast_1 stored as values in memory (estimated size 13.5 KiB, free 434.2 MiB)
24/12/31 10:13:20 INFO MemoryStore: Block broadcast_1_piece0 stored as bytes in memory (estimated size 6.4 KiB, free 434.2 MiB)
24/12/31 10:13:20 INFO BlockManagerInfo: Added broadcast_1_piece0 in memory on 192.168.29.182:33447 (size: 6.4 KiB, free: 434.4 MiB)
24/12/31 10:13:20 INFO SparkContext: Created broadcast 1 from broadcast at DAGScheduler.scala:1585
24/12/31 10:13:20 INFO DAGScheduler: Submitting 1 missing tasks from ResultStage 0 (MapPartitionsRDD[3] at csv at NativeMethodAccessorImpl.java:0) (first 15 tasks are for partitions Vector(0))
24/12/31 10:13:20 INFO TaskSchedulerImpl: Adding task set 0.0 with 1 tasks resource profile 0
24/12/31 10:13:20 INFO TaskSetManager: Starting task 0.0 in stage 0.0 (TID 0) (192.168.29.182, executor driver, partition 0, PROCESS_LOCAL, 9647 bytes) 
24/12/31 10:13:20 INFO Executor: Running task 0.0 in stage 0.0 (TID 0)
24/12/31 10:13:20 INFO CodeGenerator: Code generated in 13.175165 ms
24/12/31 10:13:20 INFO FileScanRDD: Reading File path: file:///home/bidut/Desktop/dev/pyspark_learn/Course01Learn/HelloSpark/data/sample.csv, range: 0-2214, partition values: [empty row]
24/12/31 10:13:20 INFO CodeGenerator: Code generated in 10.512041 ms
24/12/31 10:13:20 INFO Executor: Finished task 0.0 in stage 0.0 (TID 0). 1933 bytes result sent to driver
24/12/31 10:13:20 INFO TaskSetManager: Finished task 0.0 in stage 0.0 (TID 0) in 221 ms on 192.168.29.182 (executor driver) (1/1)
24/12/31 10:13:20 INFO TaskSchedulerImpl: Removed TaskSet 0.0, whose tasks have all completed, from pool 
24/12/31 10:13:20 INFO DAGScheduler: ResultStage 0 (csv at NativeMethodAccessorImpl.java:0) finished in 0.367 s
24/12/31 10:13:20 INFO DAGScheduler: Job 0 is finished. Cancelling potential speculative or zombie tasks for this job
24/12/31 10:13:20 INFO TaskSchedulerImpl: Killing all running tasks in stage 0: Stage finished
24/12/31 10:13:20 INFO DAGScheduler: Job 0 finished: csv at NativeMethodAccessorImpl.java:0, took 0.414688 s
24/12/31 10:13:20 INFO CodeGenerator: Code generated in 10.912783 ms
24/12/31 10:13:20 INFO FileSourceStrategy: Pushed Filters: 
24/12/31 10:13:20 INFO FileSourceStrategy: Post-Scan Filters: 
24/12/31 10:13:20 INFO MemoryStore: Block broadcast_2 stored as values in memory (estimated size 199.5 KiB, free 434.0 MiB)
24/12/31 10:13:20 INFO MemoryStore: Block broadcast_2_piece0 stored as bytes in memory (estimated size 34.2 KiB, free 433.9 MiB)
24/12/31 10:13:20 INFO BlockManagerInfo: Added broadcast_2_piece0 in memory on 192.168.29.182:33447 (size: 34.2 KiB, free: 434.3 MiB)
24/12/31 10:13:20 INFO SparkContext: Created broadcast 2 from csv at NativeMethodAccessorImpl.java:0
24/12/31 10:13:20 INFO FileSourceScanExec: Planning scan with bin packing, max size: 4194304 bytes, open cost is considered as scanning 4194304 bytes.
24/12/31 10:13:20 INFO SparkContext: Starting job: csv at NativeMethodAccessorImpl.java:0
24/12/31 10:13:20 INFO DAGScheduler: Got job 1 (csv at NativeMethodAccessorImpl.java:0) with 1 output partitions
24/12/31 10:13:20 INFO DAGScheduler: Final stage: ResultStage 1 (csv at NativeMethodAccessorImpl.java:0)
24/12/31 10:13:20 INFO DAGScheduler: Parents of final stage: List()
24/12/31 10:13:20 INFO DAGScheduler: Missing parents: List()
24/12/31 10:13:20 INFO DAGScheduler: Submitting ResultStage 1 (MapPartitionsRDD[9] at csv at NativeMethodAccessorImpl.java:0), which has no missing parents
24/12/31 10:13:20 INFO MemoryStore: Block broadcast_3 stored as values in memory (estimated size 27.6 KiB, free 433.9 MiB)
24/12/31 10:13:20 INFO MemoryStore: Block broadcast_3_piece0 stored as bytes in memory (estimated size 13.2 KiB, free 433.9 MiB)
24/12/31 10:13:20 INFO BlockManagerInfo: Added broadcast_3_piece0 in memory on 192.168.29.182:33447 (size: 13.2 KiB, free: 434.3 MiB)
24/12/31 10:13:20 INFO SparkContext: Created broadcast 3 from broadcast at DAGScheduler.scala:1585
24/12/31 10:13:20 INFO DAGScheduler: Submitting 1 missing tasks from ResultStage 1 (MapPartitionsRDD[9] at csv at NativeMethodAccessorImpl.java:0) (first 15 tasks are for partitions Vector(0))
24/12/31 10:13:20 INFO TaskSchedulerImpl: Adding task set 1.0 with 1 tasks resource profile 0
24/12/31 10:13:20 INFO TaskSetManager: Starting task 0.0 in stage 1.0 (TID 1) (192.168.29.182, executor driver, partition 0, PROCESS_LOCAL, 9647 bytes) 
24/12/31 10:13:20 INFO Executor: Running task 0.0 in stage 1.0 (TID 1)
24/12/31 10:13:20 INFO CodeGenerator: Code generated in 6.360126 ms
24/12/31 10:13:20 INFO FileScanRDD: Reading File path: file:///home/bidut/Desktop/dev/pyspark_learn/Course01Learn/HelloSpark/data/sample.csv, range: 0-2214, partition values: [empty row]
24/12/31 10:13:21 INFO Executor: Finished task 0.0 in stage 1.0 (TID 1). 1792 bytes result sent to driver
24/12/31 10:13:21 INFO TaskSetManager: Finished task 0.0 in stage 1.0 (TID 1) in 232 ms on 192.168.29.182 (executor driver) (1/1)
24/12/31 10:13:21 INFO TaskSchedulerImpl: Removed TaskSet 1.0, whose tasks have all completed, from pool 
24/12/31 10:13:21 INFO DAGScheduler: ResultStage 1 (csv at NativeMethodAccessorImpl.java:0) finished in 0.273 s
24/12/31 10:13:21 INFO DAGScheduler: Job 1 is finished. Cancelling potential speculative or zombie tasks for this job
24/12/31 10:13:21 INFO TaskSchedulerImpl: Killing all running tasks in stage 1: Stage finished
24/12/31 10:13:21 INFO DAGScheduler: Job 1 finished: csv at NativeMethodAccessorImpl.java:0, took 0.285185 s
24/12/31 10:13:21 INFO BlockManagerInfo: Removed broadcast_1_piece0 on 192.168.29.182:33447 in memory (size: 6.4 KiB, free: 434.3 MiB)
24/12/31 10:13:21 INFO BlockManagerInfo: Removed broadcast_3_piece0 on 192.168.29.182:33447 in memory (size: 13.2 KiB, free: 434.3 MiB)
24/12/31 10:13:21 INFO BlockManagerInfo: Removed broadcast_0_piece0 on 192.168.29.182:33447 in memory (size: 34.2 KiB, free: 434.4 MiB)
24/12/31 10:13:21 INFO BlockManagerInfo: Removed broadcast_2_piece0 on 192.168.29.182:33447 in memory (size: 34.2 KiB, free: 434.4 MiB)
24/12/31 10:13:21 INFO FileSourceStrategy: Pushed Filters: IsNotNull(Age),LessThan(Age,40)
24/12/31 10:13:21 INFO FileSourceStrategy: Post-Scan Filters: isnotnull(Age#18),(Age#18 < 40)
24/12/31 10:13:21 INFO CodeGenerator: Code generated in 8.430113 ms
24/12/31 10:13:21 INFO MemoryStore: Block broadcast_4 stored as values in memory (estimated size 199.4 KiB, free 434.2 MiB)
24/12/31 10:13:21 INFO MemoryStore: Block broadcast_4_piece0 stored as bytes in memory (estimated size 34.2 KiB, free 434.2 MiB)
24/12/31 10:13:21 INFO BlockManagerInfo: Added broadcast_4_piece0 in memory on 192.168.29.182:33447 (size: 34.2 KiB, free: 434.4 MiB)
24/12/31 10:13:21 INFO SparkContext: Created broadcast 4 from collect at /home/bidut/Desktop/dev/pyspark_learn/Course01Learn/HelloSpark/HelloSpark.py:26
24/12/31 10:13:21 INFO FileSourceScanExec: Planning scan with bin packing, max size: 4194304 bytes, open cost is considered as scanning 4194304 bytes.
24/12/31 10:13:21 INFO DAGScheduler: Registering RDD 14 (collect at /home/bidut/Desktop/dev/pyspark_learn/Course01Learn/HelloSpark/HelloSpark.py:26) as input to shuffle 0
24/12/31 10:13:21 INFO DAGScheduler: Got map stage job 2 (collect at /home/bidut/Desktop/dev/pyspark_learn/Course01Learn/HelloSpark/HelloSpark.py:26) with 1 output partitions
24/12/31 10:13:21 INFO DAGScheduler: Final stage: ShuffleMapStage 2 (collect at /home/bidut/Desktop/dev/pyspark_learn/Course01Learn/HelloSpark/HelloSpark.py:26)
24/12/31 10:13:21 INFO DAGScheduler: Parents of final stage: List()
24/12/31 10:13:21 INFO DAGScheduler: Missing parents: List()
24/12/31 10:13:21 INFO DAGScheduler: Submitting ShuffleMapStage 2 (MapPartitionsRDD[14] at collect at /home/bidut/Desktop/dev/pyspark_learn/Course01Learn/HelloSpark/HelloSpark.py:26), which has no missing parents
24/12/31 10:13:21 INFO MemoryStore: Block broadcast_5 stored as values in memory (estimated size 19.3 KiB, free 434.2 MiB)
24/12/31 10:13:21 INFO MemoryStore: Block broadcast_5_piece0 stored as bytes in memory (estimated size 9.4 KiB, free 434.1 MiB)
24/12/31 10:13:21 INFO BlockManagerInfo: Added broadcast_5_piece0 in memory on 192.168.29.182:33447 (size: 9.4 KiB, free: 434.4 MiB)
24/12/31 10:13:21 INFO SparkContext: Created broadcast 5 from broadcast at DAGScheduler.scala:1585
24/12/31 10:13:21 INFO DAGScheduler: Submitting 1 missing tasks from ShuffleMapStage 2 (MapPartitionsRDD[14] at collect at /home/bidut/Desktop/dev/pyspark_learn/Course01Learn/HelloSpark/HelloSpark.py:26) (first 15 tasks are for partitions Vector(0))
24/12/31 10:13:21 INFO TaskSchedulerImpl: Adding task set 2.0 with 1 tasks resource profile 0
24/12/31 10:13:21 INFO TaskSetManager: Starting task 0.0 in stage 2.0 (TID 2) (192.168.29.182, executor driver, partition 0, PROCESS_LOCAL, 9636 bytes) 
24/12/31 10:13:21 INFO Executor: Running task 0.0 in stage 2.0 (TID 2)
24/12/31 10:13:21 INFO CodeGenerator: Code generated in 10.243372 ms
24/12/31 10:13:21 INFO FileScanRDD: Reading File path: file:///home/bidut/Desktop/dev/pyspark_learn/Course01Learn/HelloSpark/data/sample.csv, range: 0-2214, partition values: [empty row]
24/12/31 10:13:21 INFO CodeGenerator: Code generated in 8.742285 ms
24/12/31 10:13:21 INFO CodeGenerator: Code generated in 5.839568 ms
24/12/31 10:13:21 INFO Executor: Finished task 0.0 in stage 2.0 (TID 2). 1889 bytes result sent to driver
24/12/31 10:13:21 INFO TaskSetManager: Finished task 0.0 in stage 2.0 (TID 2) in 150 ms on 192.168.29.182 (executor driver) (1/1)
24/12/31 10:13:21 INFO TaskSchedulerImpl: Removed TaskSet 2.0, whose tasks have all completed, from pool 
24/12/31 10:13:21 INFO DAGScheduler: ShuffleMapStage 2 (collect at /home/bidut/Desktop/dev/pyspark_learn/Course01Learn/HelloSpark/HelloSpark.py:26) finished in 0.172 s
24/12/31 10:13:21 INFO DAGScheduler: looking for newly runnable stages
24/12/31 10:13:21 INFO DAGScheduler: running: Set()
24/12/31 10:13:21 INFO DAGScheduler: waiting: Set()
24/12/31 10:13:21 INFO DAGScheduler: failed: Set()
24/12/31 10:13:21 INFO CodeGenerator: Code generated in 75.697573 ms
24/12/31 10:13:21 INFO DAGScheduler: Registering RDD 17 (collect at /home/bidut/Desktop/dev/pyspark_learn/Course01Learn/HelloSpark/HelloSpark.py:26) as input to shuffle 1
24/12/31 10:13:21 INFO DAGScheduler: Got map stage job 3 (collect at /home/bidut/Desktop/dev/pyspark_learn/Course01Learn/HelloSpark/HelloSpark.py:26) with 2 output partitions
24/12/31 10:13:21 INFO DAGScheduler: Final stage: ShuffleMapStage 4 (collect at /home/bidut/Desktop/dev/pyspark_learn/Course01Learn/HelloSpark/HelloSpark.py:26)
24/12/31 10:13:21 INFO DAGScheduler: Parents of final stage: List(ShuffleMapStage 3)
24/12/31 10:13:21 INFO DAGScheduler: Missing parents: List()
24/12/31 10:13:21 INFO DAGScheduler: Submitting ShuffleMapStage 4 (MapPartitionsRDD[17] at collect at /home/bidut/Desktop/dev/pyspark_learn/Course01Learn/HelloSpark/HelloSpark.py:26), which has no missing parents
24/12/31 10:13:21 INFO MemoryStore: Block broadcast_6 stored as values in memory (estimated size 45.3 KiB, free 434.1 MiB)
24/12/31 10:13:21 INFO MemoryStore: Block broadcast_6_piece0 stored as bytes in memory (estimated size 21.5 KiB, free 434.1 MiB)
24/12/31 10:13:21 INFO BlockManagerInfo: Added broadcast_6_piece0 in memory on 192.168.29.182:33447 (size: 21.5 KiB, free: 434.3 MiB)
24/12/31 10:13:21 INFO SparkContext: Created broadcast 6 from broadcast at DAGScheduler.scala:1585
24/12/31 10:13:21 INFO DAGScheduler: Submitting 2 missing tasks from ShuffleMapStage 4 (MapPartitionsRDD[17] at collect at /home/bidut/Desktop/dev/pyspark_learn/Course01Learn/HelloSpark/HelloSpark.py:26) (first 15 tasks are for partitions Vector(0, 1))
24/12/31 10:13:21 INFO TaskSchedulerImpl: Adding task set 4.0 with 2 tasks resource profile 0
24/12/31 10:13:21 INFO TaskSetManager: Starting task 0.0 in stage 4.0 (TID 3) (192.168.29.182, executor driver, partition 0, NODE_LOCAL, 8988 bytes) 
24/12/31 10:13:21 INFO TaskSetManager: Starting task 1.0 in stage 4.0 (TID 4) (192.168.29.182, executor driver, partition 1, NODE_LOCAL, 8988 bytes) 
24/12/31 10:13:21 INFO Executor: Running task 0.0 in stage 4.0 (TID 3)
24/12/31 10:13:21 INFO Executor: Running task 1.0 in stage 4.0 (TID 4)
24/12/31 10:13:21 INFO ShuffleBlockFetcherIterator: Getting 1 (129.0 B) non-empty blocks including 1 (129.0 B) local and 0 (0.0 B) host-local and 0 (0.0 B) push-merged-local and 0 (0.0 B) remote blocks
24/12/31 10:13:21 INFO ShuffleBlockFetcherIterator: Getting 1 (106.0 B) non-empty blocks including 1 (106.0 B) local and 0 (0.0 B) host-local and 0 (0.0 B) push-merged-local and 0 (0.0 B) remote blocks
24/12/31 10:13:21 INFO ShuffleBlockFetcherIterator: Started 0 remote fetches in 10 ms
24/12/31 10:13:21 INFO ShuffleBlockFetcherIterator: Started 0 remote fetches in 10 ms
24/12/31 10:13:21 INFO CodeGenerator: Code generated in 35.967943 ms
24/12/31 10:13:21 INFO CodeGenerator: Code generated in 9.491897 ms
24/12/31 10:13:21 INFO CodeGenerator: Code generated in 4.183977 ms
24/12/31 10:13:21 INFO CodeGenerator: Code generated in 4.593124 ms
24/12/31 10:13:21 INFO Executor: Finished task 0.0 in stage 4.0 (TID 3). 4982 bytes result sent to driver
24/12/31 10:13:21 INFO Executor: Finished task 1.0 in stage 4.0 (TID 4). 4982 bytes result sent to driver
24/12/31 10:13:21 INFO TaskSetManager: Finished task 0.0 in stage 4.0 (TID 3) in 153 ms on 192.168.29.182 (executor driver) (1/2)
24/12/31 10:13:21 INFO TaskSetManager: Finished task 1.0 in stage 4.0 (TID 4) in 150 ms on 192.168.29.182 (executor driver) (2/2)
24/12/31 10:13:21 INFO TaskSchedulerImpl: Removed TaskSet 4.0, whose tasks have all completed, from pool 
24/12/31 10:13:21 INFO DAGScheduler: ShuffleMapStage 4 (collect at /home/bidut/Desktop/dev/pyspark_learn/Course01Learn/HelloSpark/HelloSpark.py:26) finished in 0.169 s
24/12/31 10:13:21 INFO DAGScheduler: looking for newly runnable stages
24/12/31 10:13:21 INFO DAGScheduler: running: Set()
24/12/31 10:13:21 INFO DAGScheduler: waiting: Set()
24/12/31 10:13:22 INFO DAGScheduler: failed: Set()
24/12/31 10:13:22 INFO ShufflePartitionsUtil: For shuffle(1), advisory target size: 67108864, actual target size 1048576, minimum partition size: 1048576
24/12/31 10:13:22 INFO HashAggregateExec: spark.sql.codegen.aggregate.map.twolevel.enabled is set to true, but current version of codegened fast hashmap does not support this aggregate.
24/12/31 10:13:22 INFO CodeGenerator: Code generated in 11.466152 ms
24/12/31 10:13:22 INFO SparkContext: Starting job: collect at /home/bidut/Desktop/dev/pyspark_learn/Course01Learn/HelloSpark/HelloSpark.py:26
24/12/31 10:13:22 INFO DAGScheduler: Got job 4 (collect at /home/bidut/Desktop/dev/pyspark_learn/Course01Learn/HelloSpark/HelloSpark.py:26) with 1 output partitions
24/12/31 10:13:22 INFO DAGScheduler: Final stage: ResultStage 7 (collect at /home/bidut/Desktop/dev/pyspark_learn/Course01Learn/HelloSpark/HelloSpark.py:26)
24/12/31 10:13:22 INFO DAGScheduler: Parents of final stage: List(ShuffleMapStage 6)
24/12/31 10:13:22 INFO DAGScheduler: Missing parents: List()
24/12/31 10:13:22 INFO DAGScheduler: Submitting ResultStage 7 (MapPartitionsRDD[20] at collect at /home/bidut/Desktop/dev/pyspark_learn/Course01Learn/HelloSpark/HelloSpark.py:26), which has no missing parents
24/12/31 10:13:22 INFO MemoryStore: Block broadcast_7 stored as values in memory (estimated size 45.4 KiB, free 434.0 MiB)
24/12/31 10:13:22 INFO MemoryStore: Block broadcast_7_piece0 stored as bytes in memory (estimated size 21.6 KiB, free 434.0 MiB)
24/12/31 10:13:22 INFO BlockManagerInfo: Added broadcast_7_piece0 in memory on 192.168.29.182:33447 (size: 21.6 KiB, free: 434.3 MiB)
24/12/31 10:13:22 INFO SparkContext: Created broadcast 7 from broadcast at DAGScheduler.scala:1585
24/12/31 10:13:22 INFO DAGScheduler: Submitting 1 missing tasks from ResultStage 7 (MapPartitionsRDD[20] at collect at /home/bidut/Desktop/dev/pyspark_learn/Course01Learn/HelloSpark/HelloSpark.py:26) (first 15 tasks are for partitions Vector(0))
24/12/31 10:13:22 INFO TaskSchedulerImpl: Adding task set 7.0 with 1 tasks resource profile 0
24/12/31 10:13:22 INFO TaskSetManager: Starting task 0.0 in stage 7.0 (TID 5) (192.168.29.182, executor driver, partition 0, NODE_LOCAL, 8999 bytes) 
24/12/31 10:13:22 INFO Executor: Running task 0.0 in stage 7.0 (TID 5)
24/12/31 10:13:22 INFO ShuffleBlockFetcherIterator: Getting 2 (235.0 B) non-empty blocks including 2 (235.0 B) local and 0 (0.0 B) host-local and 0 (0.0 B) push-merged-local and 0 (0.0 B) remote blocks
24/12/31 10:13:22 INFO ShuffleBlockFetcherIterator: Started 0 remote fetches in 1 ms
24/12/31 10:13:22 INFO CodeGenerator: Code generated in 11.9239 ms
24/12/31 10:13:22 INFO Executor: Finished task 0.0 in stage 7.0 (TID 5). 6572 bytes result sent to driver
24/12/31 10:13:22 INFO TaskSetManager: Finished task 0.0 in stage 7.0 (TID 5) in 40 ms on 192.168.29.182 (executor driver) (1/1)
24/12/31 10:13:22 INFO TaskSchedulerImpl: Removed TaskSet 7.0, whose tasks have all completed, from pool 
24/12/31 10:13:22 INFO DAGScheduler: ResultStage 7 (collect at /home/bidut/Desktop/dev/pyspark_learn/Course01Learn/HelloSpark/HelloSpark.py:26) finished in 0.054 s
24/12/31 10:13:22 INFO DAGScheduler: Job 4 is finished. Cancelling potential speculative or zombie tasks for this job
24/12/31 10:13:22 INFO TaskSchedulerImpl: Killing all running tasks in stage 7: Stage finished
24/12/31 10:13:22 INFO DAGScheduler: Job 4 finished: collect at /home/bidut/Desktop/dev/pyspark_learn/Course01Learn/HelloSpark/HelloSpark.py:26, took 0.062793 s
24/12/31 10:13:22 INFO Hello Spark: [[Canada, 2], [United States, 4], [United Kingdom, 1]]
24/12/31 10:13:22 INFO Hello Spark: Finished HelloSpark
24/12/31 10:34:32 INFO SparkContext: Invoking stop() from shutdown hook
24/12/31 10:34:32 INFO SparkContext: SparkContext is stopping with exitCode 0.
24/12/31 10:34:32 INFO AbstractConnector: Stopped Spark@668f2dd8{HTTP/1.1, (http/1.1)}{0.0.0.0:4041}
24/12/31 10:34:32 INFO SparkUI: Stopped Spark web UI at http://192.168.29.182:4041
24/12/31 10:34:32 INFO MapOutputTrackerMasterEndpoint: MapOutputTrackerMasterEndpoint stopped!
24/12/31 10:34:32 INFO MemoryStore: MemoryStore cleared
24/12/31 10:34:32 INFO BlockManager: BlockManager stopped
24/12/31 10:34:32 INFO BlockManagerMaster: BlockManagerMaster stopped
24/12/31 10:34:32 INFO OutputCommitCoordinator$OutputCommitCoordinatorEndpoint: OutputCommitCoordinator stopped!
24/12/31 10:34:32 INFO SparkContext: Successfully stopped SparkContext
24/12/31 10:34:32 INFO ShutdownHookManager: Shutdown hook called
24/12/31 10:34:32 INFO ShutdownHookManager: Deleting directory /tmp/spark-ddc2712c-c27b-4e9f-b43d-7565a4d71511/pyspark-629d2dcd-2d1c-467f-b4b2-79c6ae5e08ce
24/12/31 10:34:33 INFO ShutdownHookManager: Deleting directory /tmp/spark-ddc2712c-c27b-4e9f-b43d-7565a4d71511
24/12/31 10:34:33 INFO ShutdownHookManager: Deleting directory /tmp/spark-10755eaf-f9f4-4f30-b962-4e1f2a899c48
24/12/31 10:34:35 WARN Utils: Your hostname, bidut-HP-Laptop-14s-fq1xxx resolves to a loopback address: 127.0.1.1; using 192.168.29.182 instead (on interface wlo1)
24/12/31 10:34:35 WARN Utils: Set SPARK_LOCAL_IP if you need to bind to another address
24/12/31 10:34:35 INFO SparkContext: Running Spark version 3.5.4
24/12/31 10:34:35 INFO SparkContext: OS info Linux, 5.15.0-126-generic, amd64
24/12/31 10:34:35 INFO SparkContext: Java version 11.0.25
24/12/31 10:34:35 WARN NativeCodeLoader: Unable to load native-hadoop library for your platform... using builtin-java classes where applicable
24/12/31 10:34:36 INFO ResourceUtils: ==============================================================
24/12/31 10:34:36 INFO ResourceUtils: No custom resources configured for spark.driver.
24/12/31 10:34:36 INFO ResourceUtils: ==============================================================
24/12/31 10:34:36 INFO SparkContext: Submitted application: Hello Spark
24/12/31 10:34:36 INFO ResourceProfile: Default ResourceProfile created, executor resources: Map(cores -> name: cores, amount: 1, script: , vendor: , memory -> name: memory, amount: 1024, script: , vendor: , offHeap -> name: offHeap, amount: 0, script: , vendor: ), task resources: Map(cpus -> name: cpus, amount: 1.0)
24/12/31 10:34:36 INFO ResourceProfile: Limiting resource is cpu
24/12/31 10:34:36 INFO ResourceProfileManager: Added ResourceProfile id: 0
24/12/31 10:34:36 INFO SecurityManager: Changing view acls to: bidut
24/12/31 10:34:36 INFO SecurityManager: Changing modify acls to: bidut
24/12/31 10:34:36 INFO SecurityManager: Changing view acls groups to: 
24/12/31 10:34:36 INFO SecurityManager: Changing modify acls groups to: 
24/12/31 10:34:36 INFO SecurityManager: SecurityManager: authentication disabled; ui acls disabled; users with view permissions: bidut; groups with view permissions: EMPTY; users with modify permissions: bidut; groups with modify permissions: EMPTY
24/12/31 10:34:36 INFO Utils: Successfully started service 'sparkDriver' on port 33209.
24/12/31 10:34:36 INFO SparkEnv: Registering MapOutputTracker
24/12/31 10:34:36 INFO SparkEnv: Registering BlockManagerMaster
24/12/31 10:34:36 INFO BlockManagerMasterEndpoint: Using org.apache.spark.storage.DefaultTopologyMapper for getting topology information
24/12/31 10:34:36 INFO BlockManagerMasterEndpoint: BlockManagerMasterEndpoint up
24/12/31 10:34:36 INFO SparkEnv: Registering BlockManagerMasterHeartbeat
24/12/31 10:34:36 INFO DiskBlockManager: Created local directory at /tmp/blockmgr-99ba3c73-a808-4774-b930-2f4dc46e08ce
24/12/31 10:34:36 INFO MemoryStore: MemoryStore started with capacity 434.4 MiB
24/12/31 10:34:36 INFO SparkEnv: Registering OutputCommitCoordinator
24/12/31 10:34:36 INFO log: Logging initialized @2728ms to org.sparkproject.jetty.util.log.Slf4jLog
24/12/31 10:34:36 INFO JettyUtils: Start Jetty 0.0.0.0:4040 for SparkUI
24/12/31 10:34:36 INFO Server: jetty-9.4.56.v20240826; built: 2024-08-26T17:15:05.868Z; git: ec6782ff5ead824dabdcf47fa98f90a4aedff401; jvm 11.0.25+9-post-Ubuntu-1ubuntu120.04
24/12/31 10:34:36 INFO Server: Started @2861ms
24/12/31 10:34:36 WARN Utils: Service 'SparkUI' could not bind on port 4040. Attempting port 4041.
24/12/31 10:34:36 INFO AbstractConnector: Started ServerConnector@7390376b{HTTP/1.1, (http/1.1)}{0.0.0.0:4041}
24/12/31 10:34:36 INFO Utils: Successfully started service 'SparkUI' on port 4041.
24/12/31 10:34:36 INFO ContextHandler: Started o.s.j.s.ServletContextHandler@5bc978a7{/,null,AVAILABLE,@Spark}
24/12/31 10:34:36 INFO Executor: Starting executor ID driver on host 192.168.29.182
24/12/31 10:34:36 INFO Executor: OS info Linux, 5.15.0-126-generic, amd64
24/12/31 10:34:36 INFO Executor: Java version 11.0.25
24/12/31 10:34:36 INFO Executor: Starting executor with user classpath (userClassPathFirst = false): ''
24/12/31 10:34:37 INFO Executor: Created or updated repl class loader org.apache.spark.util.MutableURLClassLoader@1f800be7 for default.
24/12/31 10:34:37 INFO Utils: Successfully started service 'org.apache.spark.network.netty.NettyBlockTransferService' on port 43105.
24/12/31 10:34:37 INFO NettyBlockTransferService: Server created on 192.168.29.182:43105
24/12/31 10:34:37 INFO BlockManager: Using org.apache.spark.storage.RandomBlockReplicationPolicy for block replication policy
24/12/31 10:34:37 INFO BlockManagerMaster: Registering BlockManager BlockManagerId(driver, 192.168.29.182, 43105, None)
24/12/31 10:34:37 INFO BlockManagerMasterEndpoint: Registering block manager 192.168.29.182:43105 with 434.4 MiB RAM, BlockManagerId(driver, 192.168.29.182, 43105, None)
24/12/31 10:34:37 INFO BlockManagerMaster: Registered BlockManager BlockManagerId(driver, 192.168.29.182, 43105, None)
24/12/31 10:34:37 INFO BlockManager: Initialized BlockManager: BlockManagerId(driver, 192.168.29.182, 43105, None)
24/12/31 10:34:37 INFO ContextHandler: Stopped o.s.j.s.ServletContextHandler@5bc978a7{/,null,STOPPED,@Spark}
24/12/31 10:34:37 INFO ContextHandler: Started o.s.j.s.ServletContextHandler@445524ab{/jobs,null,AVAILABLE,@Spark}
24/12/31 10:34:37 INFO ContextHandler: Started o.s.j.s.ServletContextHandler@60d13bcb{/jobs/json,null,AVAILABLE,@Spark}
24/12/31 10:34:37 INFO ContextHandler: Started o.s.j.s.ServletContextHandler@66ce365e{/jobs/job,null,AVAILABLE,@Spark}
24/12/31 10:34:37 INFO ContextHandler: Started o.s.j.s.ServletContextHandler@638f4135{/jobs/job/json,null,AVAILABLE,@Spark}
24/12/31 10:34:37 INFO ContextHandler: Started o.s.j.s.ServletContextHandler@39d9c1ca{/stages,null,AVAILABLE,@Spark}
24/12/31 10:34:37 INFO ContextHandler: Started o.s.j.s.ServletContextHandler@761be93e{/stages/json,null,AVAILABLE,@Spark}
24/12/31 10:34:37 INFO ContextHandler: Started o.s.j.s.ServletContextHandler@2b008296{/stages/stage,null,AVAILABLE,@Spark}
24/12/31 10:34:37 INFO ContextHandler: Started o.s.j.s.ServletContextHandler@58a663e5{/stages/stage/json,null,AVAILABLE,@Spark}
24/12/31 10:34:37 INFO ContextHandler: Started o.s.j.s.ServletContextHandler@2a9aa824{/stages/pool,null,AVAILABLE,@Spark}
24/12/31 10:34:37 INFO ContextHandler: Started o.s.j.s.ServletContextHandler@5f2d668d{/stages/pool/json,null,AVAILABLE,@Spark}
24/12/31 10:34:37 INFO ContextHandler: Started o.s.j.s.ServletContextHandler@29d0ca00{/storage,null,AVAILABLE,@Spark}
24/12/31 10:34:37 INFO ContextHandler: Started o.s.j.s.ServletContextHandler@555fdc59{/storage/json,null,AVAILABLE,@Spark}
24/12/31 10:34:37 INFO ContextHandler: Started o.s.j.s.ServletContextHandler@86de4b1{/storage/rdd,null,AVAILABLE,@Spark}
24/12/31 10:34:37 INFO ContextHandler: Started o.s.j.s.ServletContextHandler@54c17998{/storage/rdd/json,null,AVAILABLE,@Spark}
24/12/31 10:34:37 INFO ContextHandler: Started o.s.j.s.ServletContextHandler@1caff30{/environment,null,AVAILABLE,@Spark}
24/12/31 10:34:37 INFO ContextHandler: Started o.s.j.s.ServletContextHandler@1ff7daa4{/environment/json,null,AVAILABLE,@Spark}
24/12/31 10:34:37 INFO ContextHandler: Started o.s.j.s.ServletContextHandler@1869c07{/executors,null,AVAILABLE,@Spark}
24/12/31 10:34:37 INFO ContextHandler: Started o.s.j.s.ServletContextHandler@4bff36d9{/executors/json,null,AVAILABLE,@Spark}
24/12/31 10:34:37 INFO ContextHandler: Started o.s.j.s.ServletContextHandler@3753310b{/executors/threadDump,null,AVAILABLE,@Spark}
24/12/31 10:34:37 INFO ContextHandler: Started o.s.j.s.ServletContextHandler@8c7567a{/executors/threadDump/json,null,AVAILABLE,@Spark}
24/12/31 10:34:37 INFO ContextHandler: Started o.s.j.s.ServletContextHandler@23a848e0{/executors/heapHistogram,null,AVAILABLE,@Spark}
24/12/31 10:34:37 INFO ContextHandler: Started o.s.j.s.ServletContextHandler@4cbf9b8a{/executors/heapHistogram/json,null,AVAILABLE,@Spark}
24/12/31 10:34:37 INFO ContextHandler: Started o.s.j.s.ServletContextHandler@4f5717f4{/static,null,AVAILABLE,@Spark}
24/12/31 10:34:37 INFO ContextHandler: Started o.s.j.s.ServletContextHandler@11e91f91{/,null,AVAILABLE,@Spark}
24/12/31 10:34:37 INFO ContextHandler: Started o.s.j.s.ServletContextHandler@1c14b022{/api,null,AVAILABLE,@Spark}
24/12/31 10:34:37 INFO ContextHandler: Started o.s.j.s.ServletContextHandler@6f12f098{/jobs/job/kill,null,AVAILABLE,@Spark}
24/12/31 10:34:37 INFO ContextHandler: Started o.s.j.s.ServletContextHandler@64300e85{/stages/stage/kill,null,AVAILABLE,@Spark}
24/12/31 10:34:37 INFO ContextHandler: Started o.s.j.s.ServletContextHandler@51c78c57{/metrics/json,null,AVAILABLE,@Spark}
24/12/31 10:34:37 INFO Hello Spark: Starting HelloSpark
24/12/31 10:34:37 INFO SharedState: Setting hive.metastore.warehouse.dir ('null') to the value of spark.sql.warehouse.dir.
24/12/31 10:34:37 INFO SharedState: Warehouse path is 'file:/home/bidut/Desktop/dev/pyspark_learn/Course01Learn/HelloSpark/spark-warehouse'.
24/12/31 10:34:37 INFO ContextHandler: Started o.s.j.s.ServletContextHandler@438e73f2{/SQL,null,AVAILABLE,@Spark}
24/12/31 10:34:37 INFO ContextHandler: Started o.s.j.s.ServletContextHandler@366f53bb{/SQL/json,null,AVAILABLE,@Spark}
24/12/31 10:34:37 INFO ContextHandler: Started o.s.j.s.ServletContextHandler@30ac6575{/SQL/execution,null,AVAILABLE,@Spark}
24/12/31 10:34:37 INFO ContextHandler: Started o.s.j.s.ServletContextHandler@14299d2c{/SQL/execution/json,null,AVAILABLE,@Spark}
24/12/31 10:34:37 INFO ContextHandler: Started o.s.j.s.ServletContextHandler@677e86f7{/static/sql,null,AVAILABLE,@Spark}
24/12/31 10:34:38 INFO InMemoryFileIndex: It took 56 ms to list leaf files for 1 paths.
24/12/31 10:34:38 INFO InMemoryFileIndex: It took 2 ms to list leaf files for 1 paths.
24/12/31 10:34:40 INFO FileSourceStrategy: Pushed Filters: 
24/12/31 10:34:40 INFO FileSourceStrategy: Post-Scan Filters: (length(trim(value#0, None)) > 0)
24/12/31 10:34:41 INFO CodeGenerator: Code generated in 182.20802 ms
24/12/31 10:34:41 INFO MemoryStore: Block broadcast_0 stored as values in memory (estimated size 199.5 KiB, free 434.2 MiB)
24/12/31 10:34:41 INFO MemoryStore: Block broadcast_0_piece0 stored as bytes in memory (estimated size 34.2 KiB, free 434.2 MiB)
24/12/31 10:34:41 INFO BlockManagerInfo: Added broadcast_0_piece0 in memory on 192.168.29.182:43105 (size: 34.2 KiB, free: 434.4 MiB)
24/12/31 10:34:41 INFO SparkContext: Created broadcast 0 from csv at NativeMethodAccessorImpl.java:0
24/12/31 10:34:41 INFO FileSourceScanExec: Planning scan with bin packing, max size: 4194304 bytes, open cost is considered as scanning 4194304 bytes.
24/12/31 10:34:41 INFO SparkContext: Starting job: csv at NativeMethodAccessorImpl.java:0
24/12/31 10:34:41 INFO DAGScheduler: Got job 0 (csv at NativeMethodAccessorImpl.java:0) with 1 output partitions
24/12/31 10:34:41 INFO DAGScheduler: Final stage: ResultStage 0 (csv at NativeMethodAccessorImpl.java:0)
24/12/31 10:34:41 INFO DAGScheduler: Parents of final stage: List()
24/12/31 10:34:41 INFO DAGScheduler: Missing parents: List()
24/12/31 10:34:41 INFO DAGScheduler: Submitting ResultStage 0 (MapPartitionsRDD[3] at csv at NativeMethodAccessorImpl.java:0), which has no missing parents
24/12/31 10:34:41 INFO MemoryStore: Block broadcast_1 stored as values in memory (estimated size 13.5 KiB, free 434.2 MiB)
24/12/31 10:34:41 INFO MemoryStore: Block broadcast_1_piece0 stored as bytes in memory (estimated size 6.4 KiB, free 434.2 MiB)
24/12/31 10:34:41 INFO BlockManagerInfo: Added broadcast_1_piece0 in memory on 192.168.29.182:43105 (size: 6.4 KiB, free: 434.4 MiB)
24/12/31 10:34:41 INFO SparkContext: Created broadcast 1 from broadcast at DAGScheduler.scala:1585
24/12/31 10:34:41 INFO DAGScheduler: Submitting 1 missing tasks from ResultStage 0 (MapPartitionsRDD[3] at csv at NativeMethodAccessorImpl.java:0) (first 15 tasks are for partitions Vector(0))
24/12/31 10:34:41 INFO TaskSchedulerImpl: Adding task set 0.0 with 1 tasks resource profile 0
24/12/31 10:34:41 INFO TaskSetManager: Starting task 0.0 in stage 0.0 (TID 0) (192.168.29.182, executor driver, partition 0, PROCESS_LOCAL, 9647 bytes) 
24/12/31 10:34:41 INFO Executor: Running task 0.0 in stage 0.0 (TID 0)
24/12/31 10:34:41 INFO CodeGenerator: Code generated in 11.742218 ms
24/12/31 10:34:41 INFO FileScanRDD: Reading File path: file:///home/bidut/Desktop/dev/pyspark_learn/Course01Learn/HelloSpark/data/sample.csv, range: 0-2214, partition values: [empty row]
24/12/31 10:34:41 INFO CodeGenerator: Code generated in 10.785455 ms
24/12/31 10:34:41 INFO Executor: Finished task 0.0 in stage 0.0 (TID 0). 1933 bytes result sent to driver
24/12/31 10:34:41 INFO TaskSetManager: Finished task 0.0 in stage 0.0 (TID 0) in 236 ms on 192.168.29.182 (executor driver) (1/1)
24/12/31 10:34:41 INFO TaskSchedulerImpl: Removed TaskSet 0.0, whose tasks have all completed, from pool 
24/12/31 10:34:41 INFO DAGScheduler: ResultStage 0 (csv at NativeMethodAccessorImpl.java:0) finished in 0.373 s
24/12/31 10:34:41 INFO DAGScheduler: Job 0 is finished. Cancelling potential speculative or zombie tasks for this job
24/12/31 10:34:41 INFO TaskSchedulerImpl: Killing all running tasks in stage 0: Stage finished
24/12/31 10:34:41 INFO DAGScheduler: Job 0 finished: csv at NativeMethodAccessorImpl.java:0, took 0.421228 s
24/12/31 10:34:42 INFO CodeGenerator: Code generated in 13.485061 ms
24/12/31 10:34:42 INFO FileSourceStrategy: Pushed Filters: 
24/12/31 10:34:42 INFO FileSourceStrategy: Post-Scan Filters: 
24/12/31 10:34:42 INFO MemoryStore: Block broadcast_2 stored as values in memory (estimated size 199.5 KiB, free 434.0 MiB)
24/12/31 10:34:42 INFO MemoryStore: Block broadcast_2_piece0 stored as bytes in memory (estimated size 34.2 KiB, free 433.9 MiB)
24/12/31 10:34:42 INFO BlockManagerInfo: Added broadcast_2_piece0 in memory on 192.168.29.182:43105 (size: 34.2 KiB, free: 434.3 MiB)
24/12/31 10:34:42 INFO SparkContext: Created broadcast 2 from csv at NativeMethodAccessorImpl.java:0
24/12/31 10:34:42 INFO FileSourceScanExec: Planning scan with bin packing, max size: 4194304 bytes, open cost is considered as scanning 4194304 bytes.
24/12/31 10:34:42 INFO BlockManagerInfo: Removed broadcast_0_piece0 on 192.168.29.182:43105 in memory (size: 34.2 KiB, free: 434.4 MiB)
24/12/31 10:34:42 INFO BlockManagerInfo: Removed broadcast_1_piece0 on 192.168.29.182:43105 in memory (size: 6.4 KiB, free: 434.4 MiB)
24/12/31 10:34:42 INFO SparkContext: Starting job: csv at NativeMethodAccessorImpl.java:0
24/12/31 10:34:42 INFO DAGScheduler: Got job 1 (csv at NativeMethodAccessorImpl.java:0) with 1 output partitions
24/12/31 10:34:42 INFO DAGScheduler: Final stage: ResultStage 1 (csv at NativeMethodAccessorImpl.java:0)
24/12/31 10:34:42 INFO DAGScheduler: Parents of final stage: List()
24/12/31 10:34:42 INFO DAGScheduler: Missing parents: List()
24/12/31 10:34:42 INFO DAGScheduler: Submitting ResultStage 1 (MapPartitionsRDD[9] at csv at NativeMethodAccessorImpl.java:0), which has no missing parents
24/12/31 10:34:42 INFO MemoryStore: Block broadcast_3 stored as values in memory (estimated size 27.6 KiB, free 434.1 MiB)
24/12/31 10:34:42 INFO MemoryStore: Block broadcast_3_piece0 stored as bytes in memory (estimated size 13.1 KiB, free 434.1 MiB)
24/12/31 10:34:42 INFO BlockManagerInfo: Added broadcast_3_piece0 in memory on 192.168.29.182:43105 (size: 13.1 KiB, free: 434.4 MiB)
24/12/31 10:34:42 INFO SparkContext: Created broadcast 3 from broadcast at DAGScheduler.scala:1585
24/12/31 10:34:42 INFO DAGScheduler: Submitting 1 missing tasks from ResultStage 1 (MapPartitionsRDD[9] at csv at NativeMethodAccessorImpl.java:0) (first 15 tasks are for partitions Vector(0))
24/12/31 10:34:42 INFO TaskSchedulerImpl: Adding task set 1.0 with 1 tasks resource profile 0
24/12/31 10:34:42 INFO TaskSetManager: Starting task 0.0 in stage 1.0 (TID 1) (192.168.29.182, executor driver, partition 0, PROCESS_LOCAL, 9647 bytes) 
24/12/31 10:34:42 INFO Executor: Running task 0.0 in stage 1.0 (TID 1)
24/12/31 10:34:42 INFO CodeGenerator: Code generated in 10.533466 ms
24/12/31 10:34:42 INFO FileScanRDD: Reading File path: file:///home/bidut/Desktop/dev/pyspark_learn/Course01Learn/HelloSpark/data/sample.csv, range: 0-2214, partition values: [empty row]
24/12/31 10:34:42 INFO Executor: Finished task 0.0 in stage 1.0 (TID 1). 1792 bytes result sent to driver
24/12/31 10:34:42 INFO TaskSetManager: Finished task 0.0 in stage 1.0 (TID 1) in 339 ms on 192.168.29.182 (executor driver) (1/1)
24/12/31 10:34:42 INFO TaskSchedulerImpl: Removed TaskSet 1.0, whose tasks have all completed, from pool 
24/12/31 10:34:42 INFO DAGScheduler: ResultStage 1 (csv at NativeMethodAccessorImpl.java:0) finished in 0.393 s
24/12/31 10:34:42 INFO DAGScheduler: Job 1 is finished. Cancelling potential speculative or zombie tasks for this job
24/12/31 10:34:42 INFO TaskSchedulerImpl: Killing all running tasks in stage 1: Stage finished
24/12/31 10:34:42 INFO DAGScheduler: Job 1 finished: csv at NativeMethodAccessorImpl.java:0, took 0.406128 s
24/12/31 10:34:42 INFO FileSourceStrategy: Pushed Filters: IsNotNull(Age),LessThan(Age,40)
24/12/31 10:34:42 INFO FileSourceStrategy: Post-Scan Filters: isnotnull(Age#18),(Age#18 < 40)
24/12/31 10:34:42 INFO CodeGenerator: Code generated in 10.048446 ms
24/12/31 10:34:42 INFO MemoryStore: Block broadcast_4 stored as values in memory (estimated size 199.4 KiB, free 433.9 MiB)
24/12/31 10:34:42 INFO MemoryStore: Block broadcast_4_piece0 stored as bytes in memory (estimated size 34.2 KiB, free 433.9 MiB)
24/12/31 10:34:42 INFO BlockManagerInfo: Added broadcast_4_piece0 in memory on 192.168.29.182:43105 (size: 34.2 KiB, free: 434.3 MiB)
24/12/31 10:34:42 INFO SparkContext: Created broadcast 4 from collect at /home/bidut/Desktop/dev/pyspark_learn/Course01Learn/HelloSpark/HelloSpark.py:26
24/12/31 10:34:42 INFO FileSourceScanExec: Planning scan with bin packing, max size: 4194304 bytes, open cost is considered as scanning 4194304 bytes.
24/12/31 10:34:42 INFO DAGScheduler: Registering RDD 14 (collect at /home/bidut/Desktop/dev/pyspark_learn/Course01Learn/HelloSpark/HelloSpark.py:26) as input to shuffle 0
24/12/31 10:34:42 INFO DAGScheduler: Got map stage job 2 (collect at /home/bidut/Desktop/dev/pyspark_learn/Course01Learn/HelloSpark/HelloSpark.py:26) with 1 output partitions
24/12/31 10:34:42 INFO DAGScheduler: Final stage: ShuffleMapStage 2 (collect at /home/bidut/Desktop/dev/pyspark_learn/Course01Learn/HelloSpark/HelloSpark.py:26)
24/12/31 10:34:42 INFO DAGScheduler: Parents of final stage: List()
24/12/31 10:34:42 INFO DAGScheduler: Missing parents: List()
24/12/31 10:34:42 INFO DAGScheduler: Submitting ShuffleMapStage 2 (MapPartitionsRDD[14] at collect at /home/bidut/Desktop/dev/pyspark_learn/Course01Learn/HelloSpark/HelloSpark.py:26), which has no missing parents
24/12/31 10:34:43 INFO MemoryStore: Block broadcast_5 stored as values in memory (estimated size 19.3 KiB, free 433.9 MiB)
24/12/31 10:34:43 INFO MemoryStore: Block broadcast_5_piece0 stored as bytes in memory (estimated size 9.4 KiB, free 433.9 MiB)
24/12/31 10:34:43 INFO BlockManagerInfo: Added broadcast_5_piece0 in memory on 192.168.29.182:43105 (size: 9.4 KiB, free: 434.3 MiB)
24/12/31 10:34:43 INFO SparkContext: Created broadcast 5 from broadcast at DAGScheduler.scala:1585
24/12/31 10:34:43 INFO DAGScheduler: Submitting 1 missing tasks from ShuffleMapStage 2 (MapPartitionsRDD[14] at collect at /home/bidut/Desktop/dev/pyspark_learn/Course01Learn/HelloSpark/HelloSpark.py:26) (first 15 tasks are for partitions Vector(0))
24/12/31 10:34:43 INFO TaskSchedulerImpl: Adding task set 2.0 with 1 tasks resource profile 0
24/12/31 10:34:43 INFO TaskSetManager: Starting task 0.0 in stage 2.0 (TID 2) (192.168.29.182, executor driver, partition 0, PROCESS_LOCAL, 9636 bytes) 
24/12/31 10:34:43 INFO Executor: Running task 0.0 in stage 2.0 (TID 2)
24/12/31 10:34:43 INFO CodeGenerator: Code generated in 8.43454 ms
24/12/31 10:34:43 INFO FileScanRDD: Reading File path: file:///home/bidut/Desktop/dev/pyspark_learn/Course01Learn/HelloSpark/data/sample.csv, range: 0-2214, partition values: [empty row]
24/12/31 10:34:43 INFO CodeGenerator: Code generated in 11.157218 ms
24/12/31 10:34:43 INFO CodeGenerator: Code generated in 5.571353 ms
24/12/31 10:34:43 INFO BlockManagerInfo: Removed broadcast_2_piece0 on 192.168.29.182:43105 in memory (size: 34.2 KiB, free: 434.3 MiB)
24/12/31 10:34:43 INFO BlockManagerInfo: Removed broadcast_3_piece0 on 192.168.29.182:43105 in memory (size: 13.1 KiB, free: 434.4 MiB)
24/12/31 10:34:43 INFO Executor: Finished task 0.0 in stage 2.0 (TID 2). 1932 bytes result sent to driver
24/12/31 10:34:43 INFO TaskSetManager: Finished task 0.0 in stage 2.0 (TID 2) in 184 ms on 192.168.29.182 (executor driver) (1/1)
24/12/31 10:34:43 INFO TaskSchedulerImpl: Removed TaskSet 2.0, whose tasks have all completed, from pool 
24/12/31 10:34:43 INFO DAGScheduler: ShuffleMapStage 2 (collect at /home/bidut/Desktop/dev/pyspark_learn/Course01Learn/HelloSpark/HelloSpark.py:26) finished in 0.211 s
24/12/31 10:34:43 INFO DAGScheduler: looking for newly runnable stages
24/12/31 10:34:43 INFO DAGScheduler: running: Set()
24/12/31 10:34:43 INFO DAGScheduler: waiting: Set()
24/12/31 10:34:43 INFO DAGScheduler: failed: Set()
24/12/31 10:34:43 INFO CodeGenerator: Code generated in 40.767802 ms
24/12/31 10:34:43 INFO DAGScheduler: Registering RDD 17 (collect at /home/bidut/Desktop/dev/pyspark_learn/Course01Learn/HelloSpark/HelloSpark.py:26) as input to shuffle 1
24/12/31 10:34:43 INFO DAGScheduler: Got map stage job 3 (collect at /home/bidut/Desktop/dev/pyspark_learn/Course01Learn/HelloSpark/HelloSpark.py:26) with 2 output partitions
24/12/31 10:34:43 INFO DAGScheduler: Final stage: ShuffleMapStage 4 (collect at /home/bidut/Desktop/dev/pyspark_learn/Course01Learn/HelloSpark/HelloSpark.py:26)
24/12/31 10:34:43 INFO DAGScheduler: Parents of final stage: List(ShuffleMapStage 3)
24/12/31 10:34:43 INFO DAGScheduler: Missing parents: List()
24/12/31 10:34:43 INFO DAGScheduler: Submitting ShuffleMapStage 4 (MapPartitionsRDD[17] at collect at /home/bidut/Desktop/dev/pyspark_learn/Course01Learn/HelloSpark/HelloSpark.py:26), which has no missing parents
24/12/31 10:34:43 INFO MemoryStore: Block broadcast_6 stored as values in memory (estimated size 45.3 KiB, free 434.1 MiB)
24/12/31 10:34:43 INFO MemoryStore: Block broadcast_6_piece0 stored as bytes in memory (estimated size 21.5 KiB, free 434.1 MiB)
24/12/31 10:34:43 INFO BlockManagerInfo: Added broadcast_6_piece0 in memory on 192.168.29.182:43105 (size: 21.5 KiB, free: 434.3 MiB)
24/12/31 10:34:43 INFO SparkContext: Created broadcast 6 from broadcast at DAGScheduler.scala:1585
24/12/31 10:34:43 INFO DAGScheduler: Submitting 2 missing tasks from ShuffleMapStage 4 (MapPartitionsRDD[17] at collect at /home/bidut/Desktop/dev/pyspark_learn/Course01Learn/HelloSpark/HelloSpark.py:26) (first 15 tasks are for partitions Vector(0, 1))
24/12/31 10:34:43 INFO TaskSchedulerImpl: Adding task set 4.0 with 2 tasks resource profile 0
24/12/31 10:34:43 INFO TaskSetManager: Starting task 0.0 in stage 4.0 (TID 3) (192.168.29.182, executor driver, partition 0, NODE_LOCAL, 8988 bytes) 
24/12/31 10:34:43 INFO TaskSetManager: Starting task 1.0 in stage 4.0 (TID 4) (192.168.29.182, executor driver, partition 1, NODE_LOCAL, 8988 bytes) 
24/12/31 10:34:43 INFO Executor: Running task 0.0 in stage 4.0 (TID 3)
24/12/31 10:34:43 INFO Executor: Running task 1.0 in stage 4.0 (TID 4)
24/12/31 10:34:43 INFO ShuffleBlockFetcherIterator: Getting 1 (129.0 B) non-empty blocks including 1 (129.0 B) local and 0 (0.0 B) host-local and 0 (0.0 B) push-merged-local and 0 (0.0 B) remote blocks
24/12/31 10:34:43 INFO ShuffleBlockFetcherIterator: Getting 1 (106.0 B) non-empty blocks including 1 (106.0 B) local and 0 (0.0 B) host-local and 0 (0.0 B) push-merged-local and 0 (0.0 B) remote blocks
24/12/31 10:34:43 INFO ShuffleBlockFetcherIterator: Started 0 remote fetches in 8 ms
24/12/31 10:34:43 INFO ShuffleBlockFetcherIterator: Started 0 remote fetches in 8 ms
24/12/31 10:34:43 INFO CodeGenerator: Code generated in 26.828181 ms
24/12/31 10:34:43 INFO CodeGenerator: Code generated in 9.250835 ms
24/12/31 10:34:43 INFO CodeGenerator: Code generated in 8.365012 ms
24/12/31 10:34:43 INFO CodeGenerator: Code generated in 8.02997 ms
24/12/31 10:34:43 INFO Executor: Finished task 0.0 in stage 4.0 (TID 3). 5068 bytes result sent to driver
24/12/31 10:34:43 INFO BlockManagerInfo: Removed broadcast_5_piece0 on 192.168.29.182:43105 in memory (size: 9.4 KiB, free: 434.3 MiB)
24/12/31 10:34:43 INFO Executor: Finished task 1.0 in stage 4.0 (TID 4). 5025 bytes result sent to driver
24/12/31 10:34:43 INFO TaskSetManager: Finished task 0.0 in stage 4.0 (TID 3) in 174 ms on 192.168.29.182 (executor driver) (1/2)
24/12/31 10:34:43 INFO TaskSetManager: Finished task 1.0 in stage 4.0 (TID 4) in 172 ms on 192.168.29.182 (executor driver) (2/2)
24/12/31 10:34:43 INFO TaskSchedulerImpl: Removed TaskSet 4.0, whose tasks have all completed, from pool 
24/12/31 10:34:43 INFO DAGScheduler: ShuffleMapStage 4 (collect at /home/bidut/Desktop/dev/pyspark_learn/Course01Learn/HelloSpark/HelloSpark.py:26) finished in 0.190 s
24/12/31 10:34:43 INFO DAGScheduler: looking for newly runnable stages
24/12/31 10:34:43 INFO DAGScheduler: running: Set()
24/12/31 10:34:43 INFO DAGScheduler: waiting: Set()
24/12/31 10:34:43 INFO DAGScheduler: failed: Set()
24/12/31 10:34:43 INFO ShufflePartitionsUtil: For shuffle(1), advisory target size: 67108864, actual target size 1048576, minimum partition size: 1048576
24/12/31 10:34:43 INFO HashAggregateExec: spark.sql.codegen.aggregate.map.twolevel.enabled is set to true, but current version of codegened fast hashmap does not support this aggregate.
24/12/31 10:34:43 INFO CodeGenerator: Code generated in 14.735584 ms
24/12/31 10:34:43 INFO SparkContext: Starting job: collect at /home/bidut/Desktop/dev/pyspark_learn/Course01Learn/HelloSpark/HelloSpark.py:26
24/12/31 10:34:43 INFO DAGScheduler: Got job 4 (collect at /home/bidut/Desktop/dev/pyspark_learn/Course01Learn/HelloSpark/HelloSpark.py:26) with 1 output partitions
24/12/31 10:34:43 INFO DAGScheduler: Final stage: ResultStage 7 (collect at /home/bidut/Desktop/dev/pyspark_learn/Course01Learn/HelloSpark/HelloSpark.py:26)
24/12/31 10:34:43 INFO DAGScheduler: Parents of final stage: List(ShuffleMapStage 6)
24/12/31 10:34:43 INFO DAGScheduler: Missing parents: List()
24/12/31 10:34:43 INFO DAGScheduler: Submitting ResultStage 7 (MapPartitionsRDD[20] at collect at /home/bidut/Desktop/dev/pyspark_learn/Course01Learn/HelloSpark/HelloSpark.py:26), which has no missing parents
24/12/31 10:34:43 INFO MemoryStore: Block broadcast_7 stored as values in memory (estimated size 45.4 KiB, free 434.1 MiB)
24/12/31 10:34:43 INFO MemoryStore: Block broadcast_7_piece0 stored as bytes in memory (estimated size 21.6 KiB, free 434.0 MiB)
24/12/31 10:34:43 INFO BlockManagerInfo: Added broadcast_7_piece0 in memory on 192.168.29.182:43105 (size: 21.6 KiB, free: 434.3 MiB)
24/12/31 10:34:43 INFO SparkContext: Created broadcast 7 from broadcast at DAGScheduler.scala:1585
24/12/31 10:34:43 INFO BlockManagerInfo: Removed broadcast_6_piece0 on 192.168.29.182:43105 in memory (size: 21.5 KiB, free: 434.3 MiB)
24/12/31 10:34:43 INFO DAGScheduler: Submitting 1 missing tasks from ResultStage 7 (MapPartitionsRDD[20] at collect at /home/bidut/Desktop/dev/pyspark_learn/Course01Learn/HelloSpark/HelloSpark.py:26) (first 15 tasks are for partitions Vector(0))
24/12/31 10:34:43 INFO TaskSchedulerImpl: Adding task set 7.0 with 1 tasks resource profile 0
24/12/31 10:34:43 INFO TaskSetManager: Starting task 0.0 in stage 7.0 (TID 5) (192.168.29.182, executor driver, partition 0, NODE_LOCAL, 8999 bytes) 
24/12/31 10:34:43 INFO Executor: Running task 0.0 in stage 7.0 (TID 5)
24/12/31 10:34:43 INFO ShuffleBlockFetcherIterator: Getting 2 (235.0 B) non-empty blocks including 2 (235.0 B) local and 0 (0.0 B) host-local and 0 (0.0 B) push-merged-local and 0 (0.0 B) remote blocks
24/12/31 10:34:43 INFO ShuffleBlockFetcherIterator: Started 0 remote fetches in 2 ms
24/12/31 10:34:43 INFO CodeGenerator: Code generated in 17.25512 ms
24/12/31 10:34:43 INFO Executor: Finished task 0.0 in stage 7.0 (TID 5). 6572 bytes result sent to driver
24/12/31 10:34:43 INFO TaskSetManager: Finished task 0.0 in stage 7.0 (TID 5) in 65 ms on 192.168.29.182 (executor driver) (1/1)
24/12/31 10:34:43 INFO TaskSchedulerImpl: Removed TaskSet 7.0, whose tasks have all completed, from pool 
24/12/31 10:34:43 INFO DAGScheduler: ResultStage 7 (collect at /home/bidut/Desktop/dev/pyspark_learn/Course01Learn/HelloSpark/HelloSpark.py:26) finished in 0.086 s
24/12/31 10:34:43 INFO DAGScheduler: Job 4 is finished. Cancelling potential speculative or zombie tasks for this job
24/12/31 10:34:43 INFO TaskSchedulerImpl: Killing all running tasks in stage 7: Stage finished
24/12/31 10:34:43 INFO DAGScheduler: Job 4 finished: collect at /home/bidut/Desktop/dev/pyspark_learn/Course01Learn/HelloSpark/HelloSpark.py:26, took 0.095095 s
24/12/31 10:34:43 INFO Hello Spark: [[Canada, 2], [United States, 4], [United Kingdom, 1]]
24/12/31 10:34:43 INFO Hello Spark: Finished HelloSpark
24/12/31 10:34:43 INFO SparkContext: Invoking stop() from shutdown hook
24/12/31 10:34:43 INFO SparkContext: SparkContext is stopping with exitCode 0.
24/12/31 10:34:43 INFO AbstractConnector: Stopped Spark@7390376b{HTTP/1.1, (http/1.1)}{0.0.0.0:4041}
24/12/31 10:34:43 INFO SparkUI: Stopped Spark web UI at http://192.168.29.182:4041
24/12/31 10:34:43 INFO MapOutputTrackerMasterEndpoint: MapOutputTrackerMasterEndpoint stopped!
24/12/31 10:34:43 INFO MemoryStore: MemoryStore cleared
24/12/31 10:34:43 INFO BlockManager: BlockManager stopped
24/12/31 10:34:43 INFO BlockManagerMaster: BlockManagerMaster stopped
24/12/31 10:34:43 INFO OutputCommitCoordinator$OutputCommitCoordinatorEndpoint: OutputCommitCoordinator stopped!
24/12/31 10:34:43 INFO SparkContext: Successfully stopped SparkContext
24/12/31 10:34:43 INFO ShutdownHookManager: Shutdown hook called
24/12/31 10:34:43 INFO ShutdownHookManager: Deleting directory /tmp/spark-160aa488-bd39-48e2-beb7-1767643e6381
24/12/31 10:34:43 INFO ShutdownHookManager: Deleting directory /tmp/spark-05a53a5d-6534-4b93-b153-2d772ef3b23d
24/12/31 10:34:43 INFO ShutdownHookManager: Deleting directory /tmp/spark-160aa488-bd39-48e2-beb7-1767643e6381/pyspark-34908dbb-05cd-4d91-978d-19248182ffdd
