25/01/01 11:32:10 WARN Utils: Your hostname, bidut-HP-Laptop-14s-fq1xxx resolves to a loopback address: 127.0.1.1; using 192.168.29.182 instead (on interface wlo1)
25/01/01 11:32:10 WARN Utils: Set SPARK_LOCAL_IP if you need to bind to another address
25/01/01 11:32:10 INFO SparkContext: Running Spark version 3.5.4
25/01/01 11:32:10 INFO SparkContext: OS info Linux, 5.15.0-126-generic, amd64
25/01/01 11:32:10 INFO SparkContext: Java version 11.0.25
25/01/01 11:32:10 WARN NativeCodeLoader: Unable to load native-hadoop library for your platform... using builtin-java classes where applicable
25/01/01 11:32:10 INFO ResourceUtils: ==============================================================
25/01/01 11:32:10 INFO ResourceUtils: No custom resources configured for spark.driver.
25/01/01 11:32:10 INFO ResourceUtils: ==============================================================
25/01/01 11:32:10 INFO SparkContext: Submitted application: GroupingDemo
25/01/01 11:32:10 INFO ResourceProfile: Default ResourceProfile created, executor resources: Map(cores -> name: cores, amount: 1, script: , vendor: , memory -> name: memory, amount: 1024, script: , vendor: , offHeap -> name: offHeap, amount: 0, script: , vendor: ), task resources: Map(cpus -> name: cpus, amount: 1.0)
25/01/01 11:32:10 INFO ResourceProfile: Limiting resource is cpu
25/01/01 11:32:10 INFO ResourceProfileManager: Added ResourceProfile id: 0
25/01/01 11:32:10 INFO SecurityManager: Changing view acls to: bidut
25/01/01 11:32:10 INFO SecurityManager: Changing modify acls to: bidut
25/01/01 11:32:10 INFO SecurityManager: Changing view acls groups to: 
25/01/01 11:32:10 INFO SecurityManager: Changing modify acls groups to: 
25/01/01 11:32:10 INFO SecurityManager: SecurityManager: authentication disabled; ui acls disabled; users with view permissions: bidut; groups with view permissions: EMPTY; users with modify permissions: bidut; groups with modify permissions: EMPTY
25/01/01 11:32:11 INFO Utils: Successfully started service 'sparkDriver' on port 34443.
25/01/01 11:32:11 INFO SparkEnv: Registering MapOutputTracker
25/01/01 11:32:11 INFO SparkEnv: Registering BlockManagerMaster
25/01/01 11:32:11 INFO BlockManagerMasterEndpoint: Using org.apache.spark.storage.DefaultTopologyMapper for getting topology information
25/01/01 11:32:11 INFO BlockManagerMasterEndpoint: BlockManagerMasterEndpoint up
25/01/01 11:32:11 INFO SparkEnv: Registering BlockManagerMasterHeartbeat
25/01/01 11:32:11 INFO DiskBlockManager: Created local directory at /tmp/blockmgr-72936cbe-76e2-46b5-bfb7-ef767619f5e2
25/01/01 11:32:11 INFO MemoryStore: MemoryStore started with capacity 434.4 MiB
25/01/01 11:32:11 INFO SparkEnv: Registering OutputCommitCoordinator
25/01/01 11:32:11 INFO log: Logging initialized @2568ms to org.sparkproject.jetty.util.log.Slf4jLog
25/01/01 11:32:11 INFO JettyUtils: Start Jetty 0.0.0.0:4040 for SparkUI
25/01/01 11:32:11 INFO Server: jetty-9.4.56.v20240826; built: 2024-08-26T17:15:05.868Z; git: ec6782ff5ead824dabdcf47fa98f90a4aedff401; jvm 11.0.25+9-post-Ubuntu-1ubuntu120.04
25/01/01 11:32:11 INFO Server: Started @2710ms
25/01/01 11:32:11 WARN Utils: Service 'SparkUI' could not bind on port 4040. Attempting port 4041.
25/01/01 11:32:11 INFO AbstractConnector: Started ServerConnector@7f2c471d{HTTP/1.1, (http/1.1)}{0.0.0.0:4041}
25/01/01 11:32:11 INFO Utils: Successfully started service 'SparkUI' on port 4041.
25/01/01 11:32:11 INFO ContextHandler: Started o.s.j.s.ServletContextHandler@144bf6af{/,null,AVAILABLE,@Spark}
25/01/01 11:32:11 INFO Executor: Starting executor ID driver on host 192.168.29.182
25/01/01 11:32:11 INFO Executor: OS info Linux, 5.15.0-126-generic, amd64
25/01/01 11:32:11 INFO Executor: Java version 11.0.25
25/01/01 11:32:11 INFO Executor: Starting executor with user classpath (userClassPathFirst = false): ''
25/01/01 11:32:11 INFO Executor: Created or updated repl class loader org.apache.spark.util.MutableURLClassLoader@63296066 for default.
25/01/01 11:32:11 INFO Utils: Successfully started service 'org.apache.spark.network.netty.NettyBlockTransferService' on port 33857.
25/01/01 11:32:11 INFO NettyBlockTransferService: Server created on 192.168.29.182:33857
25/01/01 11:32:11 INFO BlockManager: Using org.apache.spark.storage.RandomBlockReplicationPolicy for block replication policy
25/01/01 11:32:11 INFO BlockManagerMaster: Registering BlockManager BlockManagerId(driver, 192.168.29.182, 33857, None)
25/01/01 11:32:11 INFO BlockManagerMasterEndpoint: Registering block manager 192.168.29.182:33857 with 434.4 MiB RAM, BlockManagerId(driver, 192.168.29.182, 33857, None)
25/01/01 11:32:11 INFO BlockManagerMaster: Registered BlockManager BlockManagerId(driver, 192.168.29.182, 33857, None)
25/01/01 11:32:11 INFO BlockManager: Initialized BlockManager: BlockManagerId(driver, 192.168.29.182, 33857, None)
25/01/01 11:32:11 INFO ContextHandler: Stopped o.s.j.s.ServletContextHandler@144bf6af{/,null,STOPPED,@Spark}
25/01/01 11:32:11 INFO ContextHandler: Started o.s.j.s.ServletContextHandler@19059b29{/jobs,null,AVAILABLE,@Spark}
25/01/01 11:32:11 INFO ContextHandler: Started o.s.j.s.ServletContextHandler@4f41d1ec{/jobs/json,null,AVAILABLE,@Spark}
25/01/01 11:32:11 INFO ContextHandler: Started o.s.j.s.ServletContextHandler@3a5e17ef{/jobs/job,null,AVAILABLE,@Spark}
25/01/01 11:32:11 INFO ContextHandler: Started o.s.j.s.ServletContextHandler@47a70ac8{/jobs/job/json,null,AVAILABLE,@Spark}
25/01/01 11:32:11 INFO ContextHandler: Started o.s.j.s.ServletContextHandler@7d13d2b4{/stages,null,AVAILABLE,@Spark}
25/01/01 11:32:11 INFO ContextHandler: Started o.s.j.s.ServletContextHandler@4d195b9f{/stages/json,null,AVAILABLE,@Spark}
25/01/01 11:32:11 INFO ContextHandler: Started o.s.j.s.ServletContextHandler@1dbaeccd{/stages/stage,null,AVAILABLE,@Spark}
25/01/01 11:32:11 INFO ContextHandler: Started o.s.j.s.ServletContextHandler@90b880d{/stages/stage/json,null,AVAILABLE,@Spark}
25/01/01 11:32:11 INFO ContextHandler: Started o.s.j.s.ServletContextHandler@104e28f5{/stages/pool,null,AVAILABLE,@Spark}
25/01/01 11:32:11 INFO ContextHandler: Started o.s.j.s.ServletContextHandler@514d57f5{/stages/pool/json,null,AVAILABLE,@Spark}
25/01/01 11:32:11 INFO ContextHandler: Started o.s.j.s.ServletContextHandler@29bb8917{/storage,null,AVAILABLE,@Spark}
25/01/01 11:32:11 INFO ContextHandler: Started o.s.j.s.ServletContextHandler@95e4c86{/storage/json,null,AVAILABLE,@Spark}
25/01/01 11:32:11 INFO ContextHandler: Started o.s.j.s.ServletContextHandler@2c904508{/storage/rdd,null,AVAILABLE,@Spark}
25/01/01 11:32:11 INFO ContextHandler: Started o.s.j.s.ServletContextHandler@5f700c9f{/storage/rdd/json,null,AVAILABLE,@Spark}
25/01/01 11:32:11 INFO ContextHandler: Started o.s.j.s.ServletContextHandler@1cfd36c1{/environment,null,AVAILABLE,@Spark}
25/01/01 11:32:11 INFO ContextHandler: Started o.s.j.s.ServletContextHandler@6d5e5352{/environment/json,null,AVAILABLE,@Spark}
25/01/01 11:32:11 INFO ContextHandler: Started o.s.j.s.ServletContextHandler@760929f4{/executors,null,AVAILABLE,@Spark}
25/01/01 11:32:11 INFO ContextHandler: Started o.s.j.s.ServletContextHandler@7673ee17{/executors/json,null,AVAILABLE,@Spark}
25/01/01 11:32:11 INFO ContextHandler: Started o.s.j.s.ServletContextHandler@7067d69e{/executors/threadDump,null,AVAILABLE,@Spark}
25/01/01 11:32:11 INFO ContextHandler: Started o.s.j.s.ServletContextHandler@372e77c4{/executors/threadDump/json,null,AVAILABLE,@Spark}
25/01/01 11:32:11 INFO ContextHandler: Started o.s.j.s.ServletContextHandler@46129b18{/executors/heapHistogram,null,AVAILABLE,@Spark}
25/01/01 11:32:11 INFO ContextHandler: Started o.s.j.s.ServletContextHandler@7db71ce9{/executors/heapHistogram/json,null,AVAILABLE,@Spark}
25/01/01 11:32:11 INFO ContextHandler: Started o.s.j.s.ServletContextHandler@5cae169c{/static,null,AVAILABLE,@Spark}
25/01/01 11:32:11 INFO ContextHandler: Started o.s.j.s.ServletContextHandler@5452ac78{/,null,AVAILABLE,@Spark}
25/01/01 11:32:11 INFO ContextHandler: Started o.s.j.s.ServletContextHandler@42ec8f87{/api,null,AVAILABLE,@Spark}
25/01/01 11:32:11 INFO ContextHandler: Started o.s.j.s.ServletContextHandler@716a724c{/jobs/job/kill,null,AVAILABLE,@Spark}
25/01/01 11:32:11 INFO ContextHandler: Started o.s.j.s.ServletContextHandler@3899aa99{/stages/stage/kill,null,AVAILABLE,@Spark}
25/01/01 11:32:11 INFO ContextHandler: Started o.s.j.s.ServletContextHandler@37500cb5{/metrics/json,null,AVAILABLE,@Spark}
25/01/01 11:32:12 INFO SharedState: Setting hive.metastore.warehouse.dir ('null') to the value of spark.sql.warehouse.dir.
25/01/01 11:32:12 INFO SharedState: Warehouse path is 'file:/home/bidut/Desktop/dev/pyspark_learn/Course01Learn/16-RankingDemo/spark-warehouse'.
25/01/01 11:32:12 INFO ContextHandler: Started o.s.j.s.ServletContextHandler@566dc509{/SQL,null,AVAILABLE,@Spark}
25/01/01 11:32:12 INFO ContextHandler: Started o.s.j.s.ServletContextHandler@13734322{/SQL/json,null,AVAILABLE,@Spark}
25/01/01 11:32:12 INFO ContextHandler: Started o.s.j.s.ServletContextHandler@1729c402{/SQL/execution,null,AVAILABLE,@Spark}
25/01/01 11:32:12 INFO ContextHandler: Started o.s.j.s.ServletContextHandler@7f4356a7{/SQL/execution/json,null,AVAILABLE,@Spark}
25/01/01 11:32:12 INFO ContextHandler: Started o.s.j.s.ServletContextHandler@6c8ec518{/static/sql,null,AVAILABLE,@Spark}
25/01/01 11:32:13 INFO SparkContext: Invoking stop() from shutdown hook
25/01/01 11:32:13 INFO SparkContext: SparkContext is stopping with exitCode 0.
25/01/01 11:32:13 INFO AbstractConnector: Stopped Spark@7f2c471d{HTTP/1.1, (http/1.1)}{0.0.0.0:4041}
25/01/01 11:32:13 INFO SparkUI: Stopped Spark web UI at http://192.168.29.182:4041
25/01/01 11:32:13 INFO MapOutputTrackerMasterEndpoint: MapOutputTrackerMasterEndpoint stopped!
25/01/01 11:32:13 INFO MemoryStore: MemoryStore cleared
25/01/01 11:32:13 INFO BlockManager: BlockManager stopped
25/01/01 11:32:13 INFO BlockManagerMaster: BlockManagerMaster stopped
25/01/01 11:32:13 INFO OutputCommitCoordinator$OutputCommitCoordinatorEndpoint: OutputCommitCoordinator stopped!
25/01/01 11:32:13 INFO SparkContext: Successfully stopped SparkContext
25/01/01 11:32:13 INFO ShutdownHookManager: Shutdown hook called
25/01/01 11:32:13 INFO ShutdownHookManager: Deleting directory /tmp/spark-9dea258c-b319-4091-a4c6-87cd9fa3165b/pyspark-5f75f845-0051-4448-afc9-d9d827cb7c45
25/01/01 11:32:13 INFO ShutdownHookManager: Deleting directory /tmp/spark-9dea258c-b319-4091-a4c6-87cd9fa3165b
25/01/01 11:32:13 INFO ShutdownHookManager: Deleting directory /tmp/spark-8f34da8f-50ee-4a1a-b849-3c31e630a836
25/01/01 11:32:37 WARN Utils: Your hostname, bidut-HP-Laptop-14s-fq1xxx resolves to a loopback address: 127.0.1.1; using 192.168.29.182 instead (on interface wlo1)
25/01/01 11:32:37 WARN Utils: Set SPARK_LOCAL_IP if you need to bind to another address
25/01/01 11:32:38 INFO SparkContext: Running Spark version 3.5.4
25/01/01 11:32:38 INFO SparkContext: OS info Linux, 5.15.0-126-generic, amd64
25/01/01 11:32:38 INFO SparkContext: Java version 11.0.25
25/01/01 11:32:38 WARN NativeCodeLoader: Unable to load native-hadoop library for your platform... using builtin-java classes where applicable
25/01/01 11:32:38 INFO ResourceUtils: ==============================================================
25/01/01 11:32:38 INFO ResourceUtils: No custom resources configured for spark.driver.
25/01/01 11:32:38 INFO ResourceUtils: ==============================================================
25/01/01 11:32:38 INFO SparkContext: Submitted application: GroupingDemo
25/01/01 11:32:38 INFO ResourceProfile: Default ResourceProfile created, executor resources: Map(cores -> name: cores, amount: 1, script: , vendor: , memory -> name: memory, amount: 1024, script: , vendor: , offHeap -> name: offHeap, amount: 0, script: , vendor: ), task resources: Map(cpus -> name: cpus, amount: 1.0)
25/01/01 11:32:38 INFO ResourceProfile: Limiting resource is cpu
25/01/01 11:32:38 INFO ResourceProfileManager: Added ResourceProfile id: 0
25/01/01 11:32:38 INFO SecurityManager: Changing view acls to: bidut
25/01/01 11:32:38 INFO SecurityManager: Changing modify acls to: bidut
25/01/01 11:32:38 INFO SecurityManager: Changing view acls groups to: 
25/01/01 11:32:38 INFO SecurityManager: Changing modify acls groups to: 
25/01/01 11:32:38 INFO SecurityManager: SecurityManager: authentication disabled; ui acls disabled; users with view permissions: bidut; groups with view permissions: EMPTY; users with modify permissions: bidut; groups with modify permissions: EMPTY
25/01/01 11:32:38 INFO Utils: Successfully started service 'sparkDriver' on port 41189.
25/01/01 11:32:38 INFO SparkEnv: Registering MapOutputTracker
25/01/01 11:32:39 INFO SparkEnv: Registering BlockManagerMaster
25/01/01 11:32:39 INFO BlockManagerMasterEndpoint: Using org.apache.spark.storage.DefaultTopologyMapper for getting topology information
25/01/01 11:32:39 INFO BlockManagerMasterEndpoint: BlockManagerMasterEndpoint up
25/01/01 11:32:39 INFO SparkEnv: Registering BlockManagerMasterHeartbeat
25/01/01 11:32:39 INFO DiskBlockManager: Created local directory at /tmp/blockmgr-6ca28ac8-61dd-4866-9ba1-810aa3218489
25/01/01 11:32:39 INFO MemoryStore: MemoryStore started with capacity 434.4 MiB
25/01/01 11:32:39 INFO SparkEnv: Registering OutputCommitCoordinator
25/01/01 11:32:39 INFO log: Logging initialized @2430ms to org.sparkproject.jetty.util.log.Slf4jLog
25/01/01 11:32:39 INFO JettyUtils: Start Jetty 0.0.0.0:4040 for SparkUI
25/01/01 11:32:39 INFO Server: jetty-9.4.56.v20240826; built: 2024-08-26T17:15:05.868Z; git: ec6782ff5ead824dabdcf47fa98f90a4aedff401; jvm 11.0.25+9-post-Ubuntu-1ubuntu120.04
25/01/01 11:32:39 INFO Server: Started @2569ms
25/01/01 11:32:39 WARN Utils: Service 'SparkUI' could not bind on port 4040. Attempting port 4041.
25/01/01 11:32:39 INFO AbstractConnector: Started ServerConnector@12b5f0f6{HTTP/1.1, (http/1.1)}{0.0.0.0:4041}
25/01/01 11:32:39 INFO Utils: Successfully started service 'SparkUI' on port 4041.
25/01/01 11:32:39 INFO ContextHandler: Started o.s.j.s.ServletContextHandler@6ed20bf1{/,null,AVAILABLE,@Spark}
25/01/01 11:32:39 INFO Executor: Starting executor ID driver on host 192.168.29.182
25/01/01 11:32:39 INFO Executor: OS info Linux, 5.15.0-126-generic, amd64
25/01/01 11:32:39 INFO Executor: Java version 11.0.25
25/01/01 11:32:39 INFO Executor: Starting executor with user classpath (userClassPathFirst = false): ''
25/01/01 11:32:39 INFO Executor: Created or updated repl class loader org.apache.spark.util.MutableURLClassLoader@48ba1bca for default.
25/01/01 11:32:39 INFO Utils: Successfully started service 'org.apache.spark.network.netty.NettyBlockTransferService' on port 35017.
25/01/01 11:32:39 INFO NettyBlockTransferService: Server created on 192.168.29.182:35017
25/01/01 11:32:39 INFO BlockManager: Using org.apache.spark.storage.RandomBlockReplicationPolicy for block replication policy
25/01/01 11:32:39 INFO BlockManagerMaster: Registering BlockManager BlockManagerId(driver, 192.168.29.182, 35017, None)
25/01/01 11:32:39 INFO BlockManagerMasterEndpoint: Registering block manager 192.168.29.182:35017 with 434.4 MiB RAM, BlockManagerId(driver, 192.168.29.182, 35017, None)
25/01/01 11:32:39 INFO BlockManagerMaster: Registered BlockManager BlockManagerId(driver, 192.168.29.182, 35017, None)
25/01/01 11:32:39 INFO BlockManager: Initialized BlockManager: BlockManagerId(driver, 192.168.29.182, 35017, None)
25/01/01 11:32:39 INFO ContextHandler: Stopped o.s.j.s.ServletContextHandler@6ed20bf1{/,null,STOPPED,@Spark}
25/01/01 11:32:39 INFO ContextHandler: Started o.s.j.s.ServletContextHandler@6c928e6e{/jobs,null,AVAILABLE,@Spark}
25/01/01 11:32:39 INFO ContextHandler: Started o.s.j.s.ServletContextHandler@25b2e381{/jobs/json,null,AVAILABLE,@Spark}
25/01/01 11:32:39 INFO ContextHandler: Started o.s.j.s.ServletContextHandler@4d74dce7{/jobs/job,null,AVAILABLE,@Spark}
25/01/01 11:32:39 INFO ContextHandler: Started o.s.j.s.ServletContextHandler@7d63c032{/jobs/job/json,null,AVAILABLE,@Spark}
25/01/01 11:32:39 INFO ContextHandler: Started o.s.j.s.ServletContextHandler@2dfb7dab{/stages,null,AVAILABLE,@Spark}
25/01/01 11:32:39 INFO ContextHandler: Started o.s.j.s.ServletContextHandler@782931d4{/stages/json,null,AVAILABLE,@Spark}
25/01/01 11:32:39 INFO ContextHandler: Started o.s.j.s.ServletContextHandler@4dc92e9f{/stages/stage,null,AVAILABLE,@Spark}
25/01/01 11:32:39 INFO ContextHandler: Started o.s.j.s.ServletContextHandler@4d66fd41{/stages/stage/json,null,AVAILABLE,@Spark}
25/01/01 11:32:39 INFO ContextHandler: Started o.s.j.s.ServletContextHandler@21f47ff0{/stages/pool,null,AVAILABLE,@Spark}
25/01/01 11:32:39 INFO ContextHandler: Started o.s.j.s.ServletContextHandler@6ae6d45a{/stages/pool/json,null,AVAILABLE,@Spark}
25/01/01 11:32:39 INFO ContextHandler: Started o.s.j.s.ServletContextHandler@25ef7465{/storage,null,AVAILABLE,@Spark}
25/01/01 11:32:39 INFO ContextHandler: Started o.s.j.s.ServletContextHandler@6c0d86a7{/storage/json,null,AVAILABLE,@Spark}
25/01/01 11:32:39 INFO ContextHandler: Started o.s.j.s.ServletContextHandler@21ce62c6{/storage/rdd,null,AVAILABLE,@Spark}
25/01/01 11:32:39 INFO ContextHandler: Started o.s.j.s.ServletContextHandler@3f7afded{/storage/rdd/json,null,AVAILABLE,@Spark}
25/01/01 11:32:39 INFO ContextHandler: Started o.s.j.s.ServletContextHandler@71580d35{/environment,null,AVAILABLE,@Spark}
25/01/01 11:32:39 INFO ContextHandler: Started o.s.j.s.ServletContextHandler@35ab365c{/environment/json,null,AVAILABLE,@Spark}
25/01/01 11:32:39 INFO ContextHandler: Started o.s.j.s.ServletContextHandler@33d0a333{/executors,null,AVAILABLE,@Spark}
25/01/01 11:32:39 INFO ContextHandler: Started o.s.j.s.ServletContextHandler@33f38670{/executors/json,null,AVAILABLE,@Spark}
25/01/01 11:32:39 INFO ContextHandler: Started o.s.j.s.ServletContextHandler@6e07493{/executors/threadDump,null,AVAILABLE,@Spark}
25/01/01 11:32:39 INFO ContextHandler: Started o.s.j.s.ServletContextHandler@44f4bbd2{/executors/threadDump/json,null,AVAILABLE,@Spark}
25/01/01 11:32:39 INFO ContextHandler: Started o.s.j.s.ServletContextHandler@d62516f{/executors/heapHistogram,null,AVAILABLE,@Spark}
25/01/01 11:32:39 INFO ContextHandler: Started o.s.j.s.ServletContextHandler@5c84939c{/executors/heapHistogram/json,null,AVAILABLE,@Spark}
25/01/01 11:32:39 INFO ContextHandler: Started o.s.j.s.ServletContextHandler@5486eae8{/static,null,AVAILABLE,@Spark}
25/01/01 11:32:39 INFO ContextHandler: Started o.s.j.s.ServletContextHandler@7bb75597{/,null,AVAILABLE,@Spark}
25/01/01 11:32:39 INFO ContextHandler: Started o.s.j.s.ServletContextHandler@6eb29735{/api,null,AVAILABLE,@Spark}
25/01/01 11:32:39 INFO ContextHandler: Started o.s.j.s.ServletContextHandler@435c56a0{/jobs/job/kill,null,AVAILABLE,@Spark}
25/01/01 11:32:39 INFO ContextHandler: Started o.s.j.s.ServletContextHandler@34defc67{/stages/stage/kill,null,AVAILABLE,@Spark}
25/01/01 11:32:39 INFO ContextHandler: Started o.s.j.s.ServletContextHandler@1dea0420{/metrics/json,null,AVAILABLE,@Spark}
25/01/01 11:32:39 INFO SharedState: Setting hive.metastore.warehouse.dir ('null') to the value of spark.sql.warehouse.dir.
25/01/01 11:32:39 INFO SharedState: Warehouse path is 'file:/home/bidut/Desktop/dev/pyspark_learn/Course01Learn/16-RankingDemo/spark-warehouse'.
25/01/01 11:32:39 INFO ContextHandler: Started o.s.j.s.ServletContextHandler@2bf85e73{/SQL,null,AVAILABLE,@Spark}
25/01/01 11:32:39 INFO ContextHandler: Started o.s.j.s.ServletContextHandler@4dfb6451{/SQL/json,null,AVAILABLE,@Spark}
25/01/01 11:32:39 INFO ContextHandler: Started o.s.j.s.ServletContextHandler@607d59ce{/SQL/execution,null,AVAILABLE,@Spark}
25/01/01 11:32:39 INFO ContextHandler: Started o.s.j.s.ServletContextHandler@684500f0{/SQL/execution/json,null,AVAILABLE,@Spark}
25/01/01 11:32:40 INFO ContextHandler: Started o.s.j.s.ServletContextHandler@49f7dcd2{/static/sql,null,AVAILABLE,@Spark}
25/01/01 11:32:40 INFO InMemoryFileIndex: It took 36 ms to list leaf files for 1 paths.
25/01/01 11:32:41 INFO SparkContext: Starting job: parquet at NativeMethodAccessorImpl.java:0
25/01/01 11:32:41 INFO DAGScheduler: Got job 0 (parquet at NativeMethodAccessorImpl.java:0) with 1 output partitions
25/01/01 11:32:41 INFO DAGScheduler: Final stage: ResultStage 0 (parquet at NativeMethodAccessorImpl.java:0)
25/01/01 11:32:41 INFO DAGScheduler: Parents of final stage: List()
25/01/01 11:32:41 INFO DAGScheduler: Missing parents: List()
25/01/01 11:32:41 INFO DAGScheduler: Submitting ResultStage 0 (MapPartitionsRDD[1] at parquet at NativeMethodAccessorImpl.java:0), which has no missing parents
25/01/01 11:32:41 INFO MemoryStore: Block broadcast_0 stored as values in memory (estimated size 102.8 KiB, free 434.3 MiB)
25/01/01 11:32:41 INFO MemoryStore: Block broadcast_0_piece0 stored as bytes in memory (estimated size 37.2 KiB, free 434.3 MiB)
25/01/01 11:32:41 INFO BlockManagerInfo: Added broadcast_0_piece0 in memory on 192.168.29.182:35017 (size: 37.2 KiB, free: 434.4 MiB)
25/01/01 11:32:41 INFO SparkContext: Created broadcast 0 from broadcast at DAGScheduler.scala:1585
25/01/01 11:32:41 INFO DAGScheduler: Submitting 1 missing tasks from ResultStage 0 (MapPartitionsRDD[1] at parquet at NativeMethodAccessorImpl.java:0) (first 15 tasks are for partitions Vector(0))
25/01/01 11:32:41 INFO TaskSchedulerImpl: Adding task set 0.0 with 1 tasks resource profile 0
25/01/01 11:32:41 INFO TaskSetManager: Starting task 0.0 in stage 0.0 (TID 0) (192.168.29.182, executor driver, partition 0, PROCESS_LOCAL, 9186 bytes) 
25/01/01 11:32:41 INFO Executor: Running task 0.0 in stage 0.0 (TID 0)
25/01/01 11:32:41 INFO Executor: Finished task 0.0 in stage 0.0 (TID 0). 2029 bytes result sent to driver
25/01/01 11:32:41 INFO TaskSetManager: Finished task 0.0 in stage 0.0 (TID 0) in 375 ms on 192.168.29.182 (executor driver) (1/1)
25/01/01 11:32:41 INFO TaskSchedulerImpl: Removed TaskSet 0.0, whose tasks have all completed, from pool 
25/01/01 11:32:41 INFO DAGScheduler: ResultStage 0 (parquet at NativeMethodAccessorImpl.java:0) finished in 0.539 s
25/01/01 11:32:41 INFO DAGScheduler: Job 0 is finished. Cancelling potential speculative or zombie tasks for this job
25/01/01 11:32:41 INFO TaskSchedulerImpl: Killing all running tasks in stage 0: Stage finished
25/01/01 11:32:41 INFO DAGScheduler: Job 0 finished: parquet at NativeMethodAccessorImpl.java:0, took 0.587673 s
25/01/01 11:32:42 INFO BlockManagerInfo: Removed broadcast_0_piece0 on 192.168.29.182:35017 in memory (size: 37.2 KiB, free: 434.4 MiB)
25/01/01 11:32:43 INFO FileSourceStrategy: Pushed Filters: 
25/01/01 11:32:43 INFO FileSourceStrategy: Post-Scan Filters: 
25/01/01 11:32:43 INFO CodeGenerator: Code generated in 181.664294 ms
25/01/01 11:32:43 INFO MemoryStore: Block broadcast_1 stored as values in memory (estimated size 201.1 KiB, free 434.2 MiB)
25/01/01 11:32:43 INFO MemoryStore: Block broadcast_1_piece0 stored as bytes in memory (estimated size 35.0 KiB, free 434.2 MiB)
25/01/01 11:32:43 INFO BlockManagerInfo: Added broadcast_1_piece0 in memory on 192.168.29.182:35017 (size: 35.0 KiB, free: 434.4 MiB)
25/01/01 11:32:43 INFO SparkContext: Created broadcast 1 from showString at NativeMethodAccessorImpl.java:0
25/01/01 11:32:43 INFO FileSourceScanExec: Planning scan with bin packing, max size: 4194304 bytes, open cost is considered as scanning 4194304 bytes.
25/01/01 11:32:43 INFO DAGScheduler: Registering RDD 5 (showString at NativeMethodAccessorImpl.java:0) as input to shuffle 0
25/01/01 11:32:43 INFO DAGScheduler: Got map stage job 1 (showString at NativeMethodAccessorImpl.java:0) with 1 output partitions
25/01/01 11:32:43 INFO DAGScheduler: Final stage: ShuffleMapStage 1 (showString at NativeMethodAccessorImpl.java:0)
25/01/01 11:32:43 INFO DAGScheduler: Parents of final stage: List()
25/01/01 11:32:43 INFO DAGScheduler: Missing parents: List()
25/01/01 11:32:43 INFO DAGScheduler: Submitting ShuffleMapStage 1 (MapPartitionsRDD[5] at showString at NativeMethodAccessorImpl.java:0), which has no missing parents
25/01/01 11:32:43 INFO MemoryStore: Block broadcast_2 stored as values in memory (estimated size 19.7 KiB, free 434.2 MiB)
25/01/01 11:32:43 INFO MemoryStore: Block broadcast_2_piece0 stored as bytes in memory (estimated size 8.3 KiB, free 434.1 MiB)
25/01/01 11:32:43 INFO BlockManagerInfo: Added broadcast_2_piece0 in memory on 192.168.29.182:35017 (size: 8.3 KiB, free: 434.4 MiB)
25/01/01 11:32:43 INFO SparkContext: Created broadcast 2 from broadcast at DAGScheduler.scala:1585
25/01/01 11:32:43 INFO DAGScheduler: Submitting 1 missing tasks from ShuffleMapStage 1 (MapPartitionsRDD[5] at showString at NativeMethodAccessorImpl.java:0) (first 15 tasks are for partitions Vector(0))
25/01/01 11:32:43 INFO TaskSchedulerImpl: Adding task set 1.0 with 1 tasks resource profile 0
25/01/01 11:32:43 INFO TaskSetManager: Starting task 0.0 in stage 1.0 (TID 1) (192.168.29.182, executor driver, partition 0, PROCESS_LOCAL, 9645 bytes) 
25/01/01 11:32:43 INFO Executor: Running task 0.0 in stage 1.0 (TID 1)
25/01/01 11:32:43 INFO CodeGenerator: Code generated in 26.151002 ms
25/01/01 11:32:43 INFO CodeGenerator: Code generated in 20.855919 ms
25/01/01 11:32:43 INFO FileScanRDD: Reading File path: file:///home/bidut/Desktop/dev/pyspark_learn/Course01Learn/16-RankingDemo/data/summary.parquet, range: 0-2486, partition values: [empty row]
25/01/01 11:32:43 INFO CodecPool: Got brand-new decompressor [.snappy]
25/01/01 11:32:44 INFO Executor: Finished task 0.0 in stage 1.0 (TID 1). 2242 bytes result sent to driver
25/01/01 11:32:44 INFO TaskSetManager: Finished task 0.0 in stage 1.0 (TID 1) in 433 ms on 192.168.29.182 (executor driver) (1/1)
25/01/01 11:32:44 INFO TaskSchedulerImpl: Removed TaskSet 1.0, whose tasks have all completed, from pool 
25/01/01 11:32:44 INFO DAGScheduler: ShuffleMapStage 1 (showString at NativeMethodAccessorImpl.java:0) finished in 0.486 s
25/01/01 11:32:44 INFO DAGScheduler: looking for newly runnable stages
25/01/01 11:32:44 INFO DAGScheduler: running: Set()
25/01/01 11:32:44 INFO DAGScheduler: waiting: Set()
25/01/01 11:32:44 INFO DAGScheduler: failed: Set()
25/01/01 11:32:44 INFO ShufflePartitionsUtil: For shuffle(0), advisory target size: 67108864, actual target size 1048576, minimum partition size: 1048576
25/01/01 11:32:44 INFO BlockManagerInfo: Removed broadcast_2_piece0 on 192.168.29.182:35017 in memory (size: 8.3 KiB, free: 434.4 MiB)
25/01/01 11:32:44 INFO CodeGenerator: Code generated in 16.488637 ms
25/01/01 11:32:44 INFO CodeGenerator: Code generated in 11.437123 ms
25/01/01 11:32:44 INFO SparkContext: Starting job: showString at NativeMethodAccessorImpl.java:0
25/01/01 11:32:44 INFO DAGScheduler: Got job 2 (showString at NativeMethodAccessorImpl.java:0) with 1 output partitions
25/01/01 11:32:44 INFO DAGScheduler: Final stage: ResultStage 3 (showString at NativeMethodAccessorImpl.java:0)
25/01/01 11:32:44 INFO DAGScheduler: Parents of final stage: List(ShuffleMapStage 2)
25/01/01 11:32:44 INFO DAGScheduler: Missing parents: List()
25/01/01 11:32:44 INFO DAGScheduler: Submitting ResultStage 3 (MapPartitionsRDD[10] at showString at NativeMethodAccessorImpl.java:0), which has no missing parents
25/01/01 11:32:44 INFO MemoryStore: Block broadcast_3 stored as values in memory (estimated size 38.5 KiB, free 434.1 MiB)
25/01/01 11:32:44 INFO MemoryStore: Block broadcast_3_piece0 stored as bytes in memory (estimated size 17.5 KiB, free 434.1 MiB)
25/01/01 11:32:44 INFO BlockManagerInfo: Added broadcast_3_piece0 in memory on 192.168.29.182:35017 (size: 17.5 KiB, free: 434.3 MiB)
25/01/01 11:32:44 INFO SparkContext: Created broadcast 3 from broadcast at DAGScheduler.scala:1585
25/01/01 11:32:44 INFO DAGScheduler: Submitting 1 missing tasks from ResultStage 3 (MapPartitionsRDD[10] at showString at NativeMethodAccessorImpl.java:0) (first 15 tasks are for partitions Vector(0))
25/01/01 11:32:44 INFO TaskSchedulerImpl: Adding task set 3.0 with 1 tasks resource profile 0
25/01/01 11:32:44 INFO TaskSetManager: Starting task 0.0 in stage 3.0 (TID 2) (192.168.29.182, executor driver, partition 0, NODE_LOCAL, 8999 bytes) 
25/01/01 11:32:44 INFO Executor: Running task 0.0 in stage 3.0 (TID 2)
25/01/01 11:32:44 INFO ShuffleBlockFetcherIterator: Getting 1 (3.0 KiB) non-empty blocks including 1 (3.0 KiB) local and 0 (0.0 B) host-local and 0 (0.0 B) push-merged-local and 0 (0.0 B) remote blocks
25/01/01 11:32:44 INFO ShuffleBlockFetcherIterator: Started 0 remote fetches in 8 ms
25/01/01 11:32:44 INFO CodeGenerator: Code generated in 8.707086 ms
25/01/01 11:32:44 INFO CodeGenerator: Code generated in 17.486615 ms
25/01/01 11:32:44 INFO CodeGenerator: Code generated in 9.574413 ms
25/01/01 11:32:44 INFO CodeGenerator: Code generated in 9.141867 ms
25/01/01 11:32:44 INFO CodeGenerator: Code generated in 5.942365 ms
25/01/01 11:32:44 INFO CodeGenerator: Code generated in 6.049231 ms
25/01/01 11:32:44 INFO CodeGenerator: Code generated in 7.607881 ms
25/01/01 11:32:44 INFO CodeGenerator: Code generated in 5.715646 ms
25/01/01 11:32:44 INFO CodeGenerator: Code generated in 9.468609 ms
25/01/01 11:32:44 INFO Executor: Finished task 0.0 in stage 3.0 (TID 2). 5901 bytes result sent to driver
25/01/01 11:32:44 INFO TaskSetManager: Finished task 0.0 in stage 3.0 (TID 2) in 245 ms on 192.168.29.182 (executor driver) (1/1)
25/01/01 11:32:44 INFO TaskSchedulerImpl: Removed TaskSet 3.0, whose tasks have all completed, from pool 
25/01/01 11:32:44 INFO DAGScheduler: ResultStage 3 (showString at NativeMethodAccessorImpl.java:0) finished in 0.260 s
25/01/01 11:32:44 INFO DAGScheduler: Job 2 is finished. Cancelling potential speculative or zombie tasks for this job
25/01/01 11:32:44 INFO TaskSchedulerImpl: Killing all running tasks in stage 3: Stage finished
25/01/01 11:32:44 INFO DAGScheduler: Job 2 finished: showString at NativeMethodAccessorImpl.java:0, took 0.275950 s
25/01/01 11:32:45 INFO BlockManagerInfo: Removed broadcast_3_piece0 on 192.168.29.182:35017 in memory (size: 17.5 KiB, free: 434.4 MiB)
25/01/01 11:32:45 INFO CodeGenerator: Code generated in 9.65961 ms
25/01/01 11:32:45 INFO SparkContext: Invoking stop() from shutdown hook
25/01/01 11:32:45 INFO SparkContext: SparkContext is stopping with exitCode 0.
25/01/01 11:32:45 INFO AbstractConnector: Stopped Spark@12b5f0f6{HTTP/1.1, (http/1.1)}{0.0.0.0:4041}
25/01/01 11:32:45 INFO SparkUI: Stopped Spark web UI at http://192.168.29.182:4041
25/01/01 11:32:45 INFO MapOutputTrackerMasterEndpoint: MapOutputTrackerMasterEndpoint stopped!
25/01/01 11:32:45 INFO MemoryStore: MemoryStore cleared
25/01/01 11:32:45 INFO BlockManager: BlockManager stopped
25/01/01 11:32:45 INFO BlockManagerMaster: BlockManagerMaster stopped
25/01/01 11:32:45 INFO OutputCommitCoordinator$OutputCommitCoordinatorEndpoint: OutputCommitCoordinator stopped!
25/01/01 11:32:45 INFO SparkContext: Successfully stopped SparkContext
25/01/01 11:32:45 INFO ShutdownHookManager: Shutdown hook called
25/01/01 11:32:45 INFO ShutdownHookManager: Deleting directory /tmp/spark-aea75b5b-f3a3-49ca-b77a-852e98b98ad8/pyspark-6434dbdc-891c-411d-9910-abce9fb53100
25/01/01 11:32:45 INFO ShutdownHookManager: Deleting directory /tmp/spark-aea75b5b-f3a3-49ca-b77a-852e98b98ad8
25/01/01 11:32:45 INFO ShutdownHookManager: Deleting directory /tmp/spark-9ca3b943-3ce9-4d04-b3c3-be26eafc3a9f
25/01/01 11:33:08 WARN Utils: Your hostname, bidut-HP-Laptop-14s-fq1xxx resolves to a loopback address: 127.0.1.1; using 192.168.29.182 instead (on interface wlo1)
25/01/01 11:33:08 WARN Utils: Set SPARK_LOCAL_IP if you need to bind to another address
25/01/01 11:33:08 INFO SparkContext: Running Spark version 3.5.4
25/01/01 11:33:08 INFO SparkContext: OS info Linux, 5.15.0-126-generic, amd64
25/01/01 11:33:08 INFO SparkContext: Java version 11.0.25
25/01/01 11:33:08 WARN NativeCodeLoader: Unable to load native-hadoop library for your platform... using builtin-java classes where applicable
25/01/01 11:33:08 INFO ResourceUtils: ==============================================================
25/01/01 11:33:08 INFO ResourceUtils: No custom resources configured for spark.driver.
25/01/01 11:33:08 INFO ResourceUtils: ==============================================================
25/01/01 11:33:08 INFO SparkContext: Submitted application: GroupingDemo
25/01/01 11:33:08 INFO ResourceProfile: Default ResourceProfile created, executor resources: Map(cores -> name: cores, amount: 1, script: , vendor: , memory -> name: memory, amount: 1024, script: , vendor: , offHeap -> name: offHeap, amount: 0, script: , vendor: ), task resources: Map(cpus -> name: cpus, amount: 1.0)
25/01/01 11:33:08 INFO ResourceProfile: Limiting resource is cpu
25/01/01 11:33:08 INFO ResourceProfileManager: Added ResourceProfile id: 0
25/01/01 11:33:08 INFO SecurityManager: Changing view acls to: bidut
25/01/01 11:33:08 INFO SecurityManager: Changing modify acls to: bidut
25/01/01 11:33:08 INFO SecurityManager: Changing view acls groups to: 
25/01/01 11:33:08 INFO SecurityManager: Changing modify acls groups to: 
25/01/01 11:33:08 INFO SecurityManager: SecurityManager: authentication disabled; ui acls disabled; users with view permissions: bidut; groups with view permissions: EMPTY; users with modify permissions: bidut; groups with modify permissions: EMPTY
25/01/01 11:33:09 INFO Utils: Successfully started service 'sparkDriver' on port 44011.
25/01/01 11:33:09 INFO SparkEnv: Registering MapOutputTracker
25/01/01 11:33:09 INFO SparkEnv: Registering BlockManagerMaster
25/01/01 11:33:09 INFO BlockManagerMasterEndpoint: Using org.apache.spark.storage.DefaultTopologyMapper for getting topology information
25/01/01 11:33:09 INFO BlockManagerMasterEndpoint: BlockManagerMasterEndpoint up
25/01/01 11:33:09 INFO SparkEnv: Registering BlockManagerMasterHeartbeat
25/01/01 11:33:09 INFO DiskBlockManager: Created local directory at /tmp/blockmgr-9393314c-2ff8-4818-b794-bdb18a5a6c41
25/01/01 11:33:09 INFO MemoryStore: MemoryStore started with capacity 434.4 MiB
25/01/01 11:33:09 INFO SparkEnv: Registering OutputCommitCoordinator
25/01/01 11:33:09 INFO log: Logging initialized @2626ms to org.sparkproject.jetty.util.log.Slf4jLog
25/01/01 11:33:09 INFO JettyUtils: Start Jetty 0.0.0.0:4040 for SparkUI
25/01/01 11:33:09 INFO Server: jetty-9.4.56.v20240826; built: 2024-08-26T17:15:05.868Z; git: ec6782ff5ead824dabdcf47fa98f90a4aedff401; jvm 11.0.25+9-post-Ubuntu-1ubuntu120.04
25/01/01 11:33:09 INFO Server: Started @2770ms
25/01/01 11:33:09 WARN Utils: Service 'SparkUI' could not bind on port 4040. Attempting port 4041.
25/01/01 11:33:09 INFO AbstractConnector: Started ServerConnector@2c83d014{HTTP/1.1, (http/1.1)}{0.0.0.0:4041}
25/01/01 11:33:09 INFO Utils: Successfully started service 'SparkUI' on port 4041.
25/01/01 11:33:09 INFO ContextHandler: Started o.s.j.s.ServletContextHandler@2f4c0182{/,null,AVAILABLE,@Spark}
25/01/01 11:33:09 INFO Executor: Starting executor ID driver on host 192.168.29.182
25/01/01 11:33:09 INFO Executor: OS info Linux, 5.15.0-126-generic, amd64
25/01/01 11:33:09 INFO Executor: Java version 11.0.25
25/01/01 11:33:09 INFO Executor: Starting executor with user classpath (userClassPathFirst = false): ''
25/01/01 11:33:09 INFO Executor: Created or updated repl class loader org.apache.spark.util.MutableURLClassLoader@2da54024 for default.
25/01/01 11:33:09 INFO Utils: Successfully started service 'org.apache.spark.network.netty.NettyBlockTransferService' on port 45987.
25/01/01 11:33:09 INFO NettyBlockTransferService: Server created on 192.168.29.182:45987
25/01/01 11:33:09 INFO BlockManager: Using org.apache.spark.storage.RandomBlockReplicationPolicy for block replication policy
25/01/01 11:33:09 INFO BlockManagerMaster: Registering BlockManager BlockManagerId(driver, 192.168.29.182, 45987, None)
25/01/01 11:33:09 INFO BlockManagerMasterEndpoint: Registering block manager 192.168.29.182:45987 with 434.4 MiB RAM, BlockManagerId(driver, 192.168.29.182, 45987, None)
25/01/01 11:33:09 INFO BlockManagerMaster: Registered BlockManager BlockManagerId(driver, 192.168.29.182, 45987, None)
25/01/01 11:33:09 INFO BlockManager: Initialized BlockManager: BlockManagerId(driver, 192.168.29.182, 45987, None)
25/01/01 11:33:09 INFO ContextHandler: Stopped o.s.j.s.ServletContextHandler@2f4c0182{/,null,STOPPED,@Spark}
25/01/01 11:33:09 INFO ContextHandler: Started o.s.j.s.ServletContextHandler@59f28a5{/jobs,null,AVAILABLE,@Spark}
25/01/01 11:33:09 INFO ContextHandler: Started o.s.j.s.ServletContextHandler@26d74e9f{/jobs/json,null,AVAILABLE,@Spark}
25/01/01 11:33:09 INFO ContextHandler: Started o.s.j.s.ServletContextHandler@779fd08{/jobs/job,null,AVAILABLE,@Spark}
25/01/01 11:33:09 INFO ContextHandler: Started o.s.j.s.ServletContextHandler@4dab11c3{/jobs/job/json,null,AVAILABLE,@Spark}
25/01/01 11:33:09 INFO ContextHandler: Started o.s.j.s.ServletContextHandler@2942871a{/stages,null,AVAILABLE,@Spark}
25/01/01 11:33:09 INFO ContextHandler: Started o.s.j.s.ServletContextHandler@522011cb{/stages/json,null,AVAILABLE,@Spark}
25/01/01 11:33:09 INFO ContextHandler: Started o.s.j.s.ServletContextHandler@43be039d{/stages/stage,null,AVAILABLE,@Spark}
25/01/01 11:33:09 INFO ContextHandler: Started o.s.j.s.ServletContextHandler@765e243e{/stages/stage/json,null,AVAILABLE,@Spark}
25/01/01 11:33:09 INFO ContextHandler: Started o.s.j.s.ServletContextHandler@5bdd1ecb{/stages/pool,null,AVAILABLE,@Spark}
25/01/01 11:33:09 INFO ContextHandler: Started o.s.j.s.ServletContextHandler@5dee35fc{/stages/pool/json,null,AVAILABLE,@Spark}
25/01/01 11:33:09 INFO ContextHandler: Started o.s.j.s.ServletContextHandler@6465ba7d{/storage,null,AVAILABLE,@Spark}
25/01/01 11:33:09 INFO ContextHandler: Started o.s.j.s.ServletContextHandler@26daba7f{/storage/json,null,AVAILABLE,@Spark}
25/01/01 11:33:09 INFO ContextHandler: Started o.s.j.s.ServletContextHandler@5689795f{/storage/rdd,null,AVAILABLE,@Spark}
25/01/01 11:33:09 INFO ContextHandler: Started o.s.j.s.ServletContextHandler@160fc422{/storage/rdd/json,null,AVAILABLE,@Spark}
25/01/01 11:33:09 INFO ContextHandler: Started o.s.j.s.ServletContextHandler@2078ffe9{/environment,null,AVAILABLE,@Spark}
25/01/01 11:33:09 INFO ContextHandler: Started o.s.j.s.ServletContextHandler@19f7f11{/environment/json,null,AVAILABLE,@Spark}
25/01/01 11:33:09 INFO ContextHandler: Started o.s.j.s.ServletContextHandler@6a011e61{/executors,null,AVAILABLE,@Spark}
25/01/01 11:33:09 INFO ContextHandler: Started o.s.j.s.ServletContextHandler@35a66d14{/executors/json,null,AVAILABLE,@Spark}
25/01/01 11:33:09 INFO ContextHandler: Started o.s.j.s.ServletContextHandler@532fa354{/executors/threadDump,null,AVAILABLE,@Spark}
25/01/01 11:33:09 INFO ContextHandler: Started o.s.j.s.ServletContextHandler@456c7545{/executors/threadDump/json,null,AVAILABLE,@Spark}
25/01/01 11:33:09 INFO ContextHandler: Started o.s.j.s.ServletContextHandler@208b8c18{/executors/heapHistogram,null,AVAILABLE,@Spark}
25/01/01 11:33:09 INFO ContextHandler: Started o.s.j.s.ServletContextHandler@66d8f6c0{/executors/heapHistogram/json,null,AVAILABLE,@Spark}
25/01/01 11:33:09 INFO ContextHandler: Started o.s.j.s.ServletContextHandler@1108df32{/static,null,AVAILABLE,@Spark}
25/01/01 11:33:09 INFO ContextHandler: Started o.s.j.s.ServletContextHandler@7252dd65{/,null,AVAILABLE,@Spark}
25/01/01 11:33:09 INFO ContextHandler: Started o.s.j.s.ServletContextHandler@7b50a07b{/api,null,AVAILABLE,@Spark}
25/01/01 11:33:09 INFO ContextHandler: Started o.s.j.s.ServletContextHandler@77212a33{/jobs/job/kill,null,AVAILABLE,@Spark}
25/01/01 11:33:09 INFO ContextHandler: Started o.s.j.s.ServletContextHandler@1d0be63e{/stages/stage/kill,null,AVAILABLE,@Spark}
25/01/01 11:33:09 INFO ContextHandler: Started o.s.j.s.ServletContextHandler@677e82c0{/metrics/json,null,AVAILABLE,@Spark}
25/01/01 11:33:10 INFO SharedState: Setting hive.metastore.warehouse.dir ('null') to the value of spark.sql.warehouse.dir.
25/01/01 11:33:10 INFO SharedState: Warehouse path is 'file:/home/bidut/Desktop/dev/pyspark_learn/Course01Learn/16-RankingDemo/spark-warehouse'.
25/01/01 11:33:10 INFO ContextHandler: Started o.s.j.s.ServletContextHandler@6b5071d1{/SQL,null,AVAILABLE,@Spark}
25/01/01 11:33:10 INFO ContextHandler: Started o.s.j.s.ServletContextHandler@34b0247d{/SQL/json,null,AVAILABLE,@Spark}
25/01/01 11:33:10 INFO ContextHandler: Started o.s.j.s.ServletContextHandler@4783c838{/SQL/execution,null,AVAILABLE,@Spark}
25/01/01 11:33:10 INFO ContextHandler: Started o.s.j.s.ServletContextHandler@3ced7ddb{/SQL/execution/json,null,AVAILABLE,@Spark}
25/01/01 11:33:10 INFO ContextHandler: Started o.s.j.s.ServletContextHandler@79869826{/static/sql,null,AVAILABLE,@Spark}
25/01/01 11:33:11 INFO InMemoryFileIndex: It took 40 ms to list leaf files for 1 paths.
25/01/01 11:33:11 INFO SparkContext: Starting job: parquet at NativeMethodAccessorImpl.java:0
25/01/01 11:33:11 INFO DAGScheduler: Got job 0 (parquet at NativeMethodAccessorImpl.java:0) with 1 output partitions
25/01/01 11:33:11 INFO DAGScheduler: Final stage: ResultStage 0 (parquet at NativeMethodAccessorImpl.java:0)
25/01/01 11:33:11 INFO DAGScheduler: Parents of final stage: List()
25/01/01 11:33:11 INFO DAGScheduler: Missing parents: List()
25/01/01 11:33:11 INFO DAGScheduler: Submitting ResultStage 0 (MapPartitionsRDD[1] at parquet at NativeMethodAccessorImpl.java:0), which has no missing parents
25/01/01 11:33:11 INFO MemoryStore: Block broadcast_0 stored as values in memory (estimated size 102.8 KiB, free 434.3 MiB)
25/01/01 11:33:11 INFO MemoryStore: Block broadcast_0_piece0 stored as bytes in memory (estimated size 37.1 KiB, free 434.3 MiB)
25/01/01 11:33:11 INFO BlockManagerInfo: Added broadcast_0_piece0 in memory on 192.168.29.182:45987 (size: 37.1 KiB, free: 434.4 MiB)
25/01/01 11:33:11 INFO SparkContext: Created broadcast 0 from broadcast at DAGScheduler.scala:1585
25/01/01 11:33:11 INFO DAGScheduler: Submitting 1 missing tasks from ResultStage 0 (MapPartitionsRDD[1] at parquet at NativeMethodAccessorImpl.java:0) (first 15 tasks are for partitions Vector(0))
25/01/01 11:33:11 INFO TaskSchedulerImpl: Adding task set 0.0 with 1 tasks resource profile 0
25/01/01 11:33:11 INFO TaskSetManager: Starting task 0.0 in stage 0.0 (TID 0) (192.168.29.182, executor driver, partition 0, PROCESS_LOCAL, 9186 bytes) 
25/01/01 11:33:11 INFO Executor: Running task 0.0 in stage 0.0 (TID 0)
25/01/01 11:33:12 INFO Executor: Finished task 0.0 in stage 0.0 (TID 0). 2029 bytes result sent to driver
25/01/01 11:33:12 INFO TaskSetManager: Finished task 0.0 in stage 0.0 (TID 0) in 401 ms on 192.168.29.182 (executor driver) (1/1)
25/01/01 11:33:12 INFO TaskSchedulerImpl: Removed TaskSet 0.0, whose tasks have all completed, from pool 
25/01/01 11:33:12 INFO DAGScheduler: ResultStage 0 (parquet at NativeMethodAccessorImpl.java:0) finished in 0.561 s
25/01/01 11:33:12 INFO DAGScheduler: Job 0 is finished. Cancelling potential speculative or zombie tasks for this job
25/01/01 11:33:12 INFO TaskSchedulerImpl: Killing all running tasks in stage 0: Stage finished
25/01/01 11:33:12 INFO DAGScheduler: Job 0 finished: parquet at NativeMethodAccessorImpl.java:0, took 0.598401 s
25/01/01 11:33:12 INFO BlockManagerInfo: Removed broadcast_0_piece0 on 192.168.29.182:45987 in memory (size: 37.1 KiB, free: 434.4 MiB)
25/01/01 11:33:13 INFO FileSourceStrategy: Pushed Filters: 
25/01/01 11:33:13 INFO FileSourceStrategy: Post-Scan Filters: 
25/01/01 11:33:13 INFO CodeGenerator: Code generated in 205.542282 ms
25/01/01 11:33:13 INFO CodeGenerator: Code generated in 27.45495 ms
25/01/01 11:33:13 INFO MemoryStore: Block broadcast_1 stored as values in memory (estimated size 201.1 KiB, free 434.2 MiB)
25/01/01 11:33:13 INFO MemoryStore: Block broadcast_1_piece0 stored as bytes in memory (estimated size 35.0 KiB, free 434.2 MiB)
25/01/01 11:33:13 INFO BlockManagerInfo: Added broadcast_1_piece0 in memory on 192.168.29.182:45987 (size: 35.0 KiB, free: 434.4 MiB)
25/01/01 11:33:13 INFO SparkContext: Created broadcast 1 from showString at NativeMethodAccessorImpl.java:0
25/01/01 11:33:13 INFO FileSourceScanExec: Planning scan with bin packing, max size: 4194304 bytes, open cost is considered as scanning 4194304 bytes.
25/01/01 11:33:14 INFO SparkContext: Starting job: showString at NativeMethodAccessorImpl.java:0
25/01/01 11:33:14 INFO DAGScheduler: Got job 1 (showString at NativeMethodAccessorImpl.java:0) with 1 output partitions
25/01/01 11:33:14 INFO DAGScheduler: Final stage: ResultStage 1 (showString at NativeMethodAccessorImpl.java:0)
25/01/01 11:33:14 INFO DAGScheduler: Parents of final stage: List()
25/01/01 11:33:14 INFO DAGScheduler: Missing parents: List()
25/01/01 11:33:14 INFO DAGScheduler: Submitting ResultStage 1 (MapPartitionsRDD[6] at showString at NativeMethodAccessorImpl.java:0), which has no missing parents
25/01/01 11:33:14 INFO MemoryStore: Block broadcast_2 stored as values in memory (estimated size 19.3 KiB, free 434.2 MiB)
25/01/01 11:33:14 INFO MemoryStore: Block broadcast_2_piece0 stored as bytes in memory (estimated size 7.8 KiB, free 434.1 MiB)
25/01/01 11:33:14 INFO BlockManagerInfo: Added broadcast_2_piece0 in memory on 192.168.29.182:45987 (size: 7.8 KiB, free: 434.4 MiB)
25/01/01 11:33:14 INFO SparkContext: Created broadcast 2 from broadcast at DAGScheduler.scala:1585
25/01/01 11:33:14 INFO DAGScheduler: Submitting 1 missing tasks from ResultStage 1 (MapPartitionsRDD[6] at showString at NativeMethodAccessorImpl.java:0) (first 15 tasks are for partitions Vector(0))
25/01/01 11:33:14 INFO TaskSchedulerImpl: Adding task set 1.0 with 1 tasks resource profile 0
25/01/01 11:33:14 INFO TaskSetManager: Starting task 0.0 in stage 1.0 (TID 1) (192.168.29.182, executor driver, partition 0, PROCESS_LOCAL, 9656 bytes) 
25/01/01 11:33:14 INFO Executor: Running task 0.0 in stage 1.0 (TID 1)
25/01/01 11:33:14 INFO CodeGenerator: Code generated in 9.709185 ms
25/01/01 11:33:14 INFO CodeGenerator: Code generated in 16.158641 ms
25/01/01 11:33:14 INFO FileScanRDD: Reading File path: file:///home/bidut/Desktop/dev/pyspark_learn/Course01Learn/16-RankingDemo/data/summary.parquet, range: 0-2486, partition values: [empty row]
25/01/01 11:33:14 INFO CodecPool: Got brand-new decompressor [.snappy]
25/01/01 11:33:14 INFO Executor: Finished task 0.0 in stage 1.0 (TID 1). 3366 bytes result sent to driver
25/01/01 11:33:14 INFO TaskSetManager: Finished task 0.0 in stage 1.0 (TID 1) in 369 ms on 192.168.29.182 (executor driver) (1/1)
25/01/01 11:33:14 INFO TaskSchedulerImpl: Removed TaskSet 1.0, whose tasks have all completed, from pool 
25/01/01 11:33:14 INFO DAGScheduler: ResultStage 1 (showString at NativeMethodAccessorImpl.java:0) finished in 0.384 s
25/01/01 11:33:14 INFO DAGScheduler: Job 1 is finished. Cancelling potential speculative or zombie tasks for this job
25/01/01 11:33:14 INFO TaskSchedulerImpl: Killing all running tasks in stage 1: Stage finished
25/01/01 11:33:14 INFO DAGScheduler: Job 1 finished: showString at NativeMethodAccessorImpl.java:0, took 0.398307 s
25/01/01 11:33:14 INFO CodeGenerator: Code generated in 15.970204 ms
25/01/01 11:33:15 INFO BlockManagerInfo: Removed broadcast_2_piece0 on 192.168.29.182:45987 in memory (size: 7.8 KiB, free: 434.4 MiB)
25/01/01 11:33:15 INFO CodeGenerator: Code generated in 11.869116 ms
25/01/01 11:33:15 INFO FileSourceStrategy: Pushed Filters: 
25/01/01 11:33:15 INFO FileSourceStrategy: Post-Scan Filters: 
25/01/01 11:33:15 INFO CodeGenerator: Code generated in 23.257396 ms
25/01/01 11:33:15 INFO MemoryStore: Block broadcast_3 stored as values in memory (estimated size 201.1 KiB, free 434.0 MiB)
25/01/01 11:33:15 INFO MemoryStore: Block broadcast_3_piece0 stored as bytes in memory (estimated size 35.0 KiB, free 433.9 MiB)
25/01/01 11:33:15 INFO BlockManagerInfo: Added broadcast_3_piece0 in memory on 192.168.29.182:45987 (size: 35.0 KiB, free: 434.3 MiB)
25/01/01 11:33:15 INFO SparkContext: Created broadcast 3 from showString at NativeMethodAccessorImpl.java:0
25/01/01 11:33:15 INFO FileSourceScanExec: Planning scan with bin packing, max size: 4194304 bytes, open cost is considered as scanning 4194304 bytes.
25/01/01 11:33:15 INFO DAGScheduler: Registering RDD 11 (showString at NativeMethodAccessorImpl.java:0) as input to shuffle 0
25/01/01 11:33:15 INFO DAGScheduler: Got map stage job 2 (showString at NativeMethodAccessorImpl.java:0) with 1 output partitions
25/01/01 11:33:15 INFO DAGScheduler: Final stage: ShuffleMapStage 2 (showString at NativeMethodAccessorImpl.java:0)
25/01/01 11:33:15 INFO DAGScheduler: Parents of final stage: List()
25/01/01 11:33:15 INFO DAGScheduler: Missing parents: List()
25/01/01 11:33:15 INFO DAGScheduler: Submitting ShuffleMapStage 2 (MapPartitionsRDD[11] at showString at NativeMethodAccessorImpl.java:0), which has no missing parents
25/01/01 11:33:15 INFO MemoryStore: Block broadcast_4 stored as values in memory (estimated size 35.4 KiB, free 433.9 MiB)
25/01/01 11:33:15 INFO MemoryStore: Block broadcast_4_piece0 stored as bytes in memory (estimated size 15.7 KiB, free 433.9 MiB)
25/01/01 11:33:15 INFO BlockManagerInfo: Added broadcast_4_piece0 in memory on 192.168.29.182:45987 (size: 15.7 KiB, free: 434.3 MiB)
25/01/01 11:33:15 INFO SparkContext: Created broadcast 4 from broadcast at DAGScheduler.scala:1585
25/01/01 11:33:15 INFO DAGScheduler: Submitting 1 missing tasks from ShuffleMapStage 2 (MapPartitionsRDD[11] at showString at NativeMethodAccessorImpl.java:0) (first 15 tasks are for partitions Vector(0))
25/01/01 11:33:15 INFO TaskSchedulerImpl: Adding task set 2.0 with 1 tasks resource profile 0
25/01/01 11:33:15 INFO TaskSetManager: Starting task 0.0 in stage 2.0 (TID 2) (192.168.29.182, executor driver, partition 0, PROCESS_LOCAL, 9645 bytes) 
25/01/01 11:33:15 INFO Executor: Running task 0.0 in stage 2.0 (TID 2)
25/01/01 11:33:15 INFO CodeGenerator: Code generated in 23.253048 ms
25/01/01 11:33:15 INFO CodeGenerator: Code generated in 12.111332 ms
25/01/01 11:33:15 INFO CodeGenerator: Code generated in 10.936638 ms
25/01/01 11:33:15 INFO CodeGenerator: Code generated in 7.818741 ms
25/01/01 11:33:15 INFO FileScanRDD: Reading File path: file:///home/bidut/Desktop/dev/pyspark_learn/Course01Learn/16-RankingDemo/data/summary.parquet, range: 0-2486, partition values: [empty row]
25/01/01 11:33:15 INFO CodeGenerator: Code generated in 11.030561 ms
25/01/01 11:33:15 INFO CodeGenerator: Code generated in 8.814146 ms
25/01/01 11:33:15 INFO Executor: Finished task 0.0 in stage 2.0 (TID 2). 2782 bytes result sent to driver
25/01/01 11:33:15 INFO TaskSetManager: Finished task 0.0 in stage 2.0 (TID 2) in 221 ms on 192.168.29.182 (executor driver) (1/1)
25/01/01 11:33:15 INFO TaskSchedulerImpl: Removed TaskSet 2.0, whose tasks have all completed, from pool 
25/01/01 11:33:15 INFO DAGScheduler: ShuffleMapStage 2 (showString at NativeMethodAccessorImpl.java:0) finished in 0.264 s
25/01/01 11:33:15 INFO DAGScheduler: looking for newly runnable stages
25/01/01 11:33:15 INFO DAGScheduler: running: Set()
25/01/01 11:33:15 INFO DAGScheduler: waiting: Set()
25/01/01 11:33:15 INFO DAGScheduler: failed: Set()
25/01/01 11:33:16 INFO ShufflePartitionsUtil: For shuffle(0), advisory target size: 67108864, actual target size 1048576, minimum partition size: 1048576
25/01/01 11:33:16 INFO CodeGenerator: Code generated in 11.07857 ms
25/01/01 11:33:16 INFO CodeGenerator: Code generated in 13.524698 ms
25/01/01 11:33:16 INFO SparkContext: Starting job: showString at NativeMethodAccessorImpl.java:0
25/01/01 11:33:16 INFO DAGScheduler: Got job 3 (showString at NativeMethodAccessorImpl.java:0) with 1 output partitions
25/01/01 11:33:16 INFO DAGScheduler: Final stage: ResultStage 4 (showString at NativeMethodAccessorImpl.java:0)
25/01/01 11:33:16 INFO DAGScheduler: Parents of final stage: List(ShuffleMapStage 3)
25/01/01 11:33:16 INFO DAGScheduler: Missing parents: List()
25/01/01 11:33:16 INFO DAGScheduler: Submitting ResultStage 4 (MapPartitionsRDD[18] at showString at NativeMethodAccessorImpl.java:0), which has no missing parents
25/01/01 11:33:16 INFO MemoryStore: Block broadcast_5 stored as values in memory (estimated size 44.1 KiB, free 433.8 MiB)
25/01/01 11:33:16 INFO MemoryStore: Block broadcast_5_piece0 stored as bytes in memory (estimated size 20.0 KiB, free 433.8 MiB)
25/01/01 11:33:16 INFO BlockManagerInfo: Added broadcast_5_piece0 in memory on 192.168.29.182:45987 (size: 20.0 KiB, free: 434.3 MiB)
25/01/01 11:33:16 INFO SparkContext: Created broadcast 5 from broadcast at DAGScheduler.scala:1585
25/01/01 11:33:16 INFO DAGScheduler: Submitting 1 missing tasks from ResultStage 4 (MapPartitionsRDD[18] at showString at NativeMethodAccessorImpl.java:0) (first 15 tasks are for partitions Vector(0))
25/01/01 11:33:16 INFO TaskSchedulerImpl: Adding task set 4.0 with 1 tasks resource profile 0
25/01/01 11:33:16 INFO TaskSetManager: Starting task 0.0 in stage 4.0 (TID 3) (192.168.29.182, executor driver, partition 0, NODE_LOCAL, 8999 bytes) 
25/01/01 11:33:16 INFO Executor: Running task 0.0 in stage 4.0 (TID 3)
25/01/01 11:33:16 INFO ShuffleBlockFetcherIterator: Getting 1 (2.7 KiB) non-empty blocks including 1 (2.7 KiB) local and 0 (0.0 B) host-local and 0 (0.0 B) push-merged-local and 0 (0.0 B) remote blocks
25/01/01 11:33:16 INFO ShuffleBlockFetcherIterator: Started 0 remote fetches in 9 ms
25/01/01 11:33:16 INFO CodeGenerator: Code generated in 8.969241 ms
25/01/01 11:33:16 INFO CodeGenerator: Code generated in 17.518339 ms
25/01/01 11:33:16 INFO BlockManagerInfo: Removed broadcast_1_piece0 on 192.168.29.182:45987 in memory (size: 35.0 KiB, free: 434.3 MiB)
25/01/01 11:33:16 INFO BlockManagerInfo: Removed broadcast_4_piece0 on 192.168.29.182:45987 in memory (size: 15.7 KiB, free: 434.3 MiB)
25/01/01 11:33:16 INFO CodeGenerator: Code generated in 5.006337 ms
25/01/01 11:33:16 INFO CodeGenerator: Code generated in 7.822658 ms
25/01/01 11:33:16 INFO CodeGenerator: Code generated in 4.230938 ms
25/01/01 11:33:16 INFO CodeGenerator: Code generated in 7.323448 ms
25/01/01 11:33:16 INFO Executor: Finished task 0.0 in stage 4.0 (TID 3). 6921 bytes result sent to driver
25/01/01 11:33:16 INFO TaskSetManager: Finished task 0.0 in stage 4.0 (TID 3) in 179 ms on 192.168.29.182 (executor driver) (1/1)
25/01/01 11:33:16 INFO TaskSchedulerImpl: Removed TaskSet 4.0, whose tasks have all completed, from pool 
25/01/01 11:33:16 INFO DAGScheduler: ResultStage 4 (showString at NativeMethodAccessorImpl.java:0) finished in 0.197 s
25/01/01 11:33:16 INFO DAGScheduler: Job 3 is finished. Cancelling potential speculative or zombie tasks for this job
25/01/01 11:33:16 INFO TaskSchedulerImpl: Killing all running tasks in stage 4: Stage finished
25/01/01 11:33:16 INFO DAGScheduler: Job 3 finished: showString at NativeMethodAccessorImpl.java:0, took 0.212831 s
25/01/01 11:33:16 INFO CodeGenerator: Code generated in 9.996916 ms
25/01/01 11:33:16 INFO CodeGenerator: Code generated in 7.037581 ms
25/01/01 11:33:16 INFO SparkContext: Invoking stop() from shutdown hook
25/01/01 11:33:16 INFO SparkContext: SparkContext is stopping with exitCode 0.
25/01/01 11:33:16 INFO AbstractConnector: Stopped Spark@2c83d014{HTTP/1.1, (http/1.1)}{0.0.0.0:4041}
25/01/01 11:33:16 INFO SparkUI: Stopped Spark web UI at http://192.168.29.182:4041
25/01/01 11:33:16 INFO MapOutputTrackerMasterEndpoint: MapOutputTrackerMasterEndpoint stopped!
25/01/01 11:33:16 INFO MemoryStore: MemoryStore cleared
25/01/01 11:33:16 INFO BlockManager: BlockManager stopped
25/01/01 11:33:16 INFO BlockManagerMaster: BlockManagerMaster stopped
25/01/01 11:33:16 INFO OutputCommitCoordinator$OutputCommitCoordinatorEndpoint: OutputCommitCoordinator stopped!
25/01/01 11:33:16 INFO SparkContext: Successfully stopped SparkContext
25/01/01 11:33:16 INFO ShutdownHookManager: Shutdown hook called
25/01/01 11:33:16 INFO ShutdownHookManager: Deleting directory /tmp/spark-0ab95fd2-56cf-4c38-a40a-356a0149abaa
25/01/01 11:33:16 INFO ShutdownHookManager: Deleting directory /tmp/spark-0ab95fd2-56cf-4c38-a40a-356a0149abaa/pyspark-3f817c99-3b1e-4694-83bf-cd88ba66ca00
25/01/01 11:33:16 INFO ShutdownHookManager: Deleting directory /tmp/spark-ab6bd7a2-8fce-4145-b8a6-bd6a46025ab8
25/01/01 11:35:38 WARN Utils: Your hostname, bidut-HP-Laptop-14s-fq1xxx resolves to a loopback address: 127.0.1.1; using 192.168.29.182 instead (on interface wlo1)
25/01/01 11:35:38 WARN Utils: Set SPARK_LOCAL_IP if you need to bind to another address
25/01/01 11:35:38 INFO SparkContext: Running Spark version 3.5.4
25/01/01 11:35:38 INFO SparkContext: OS info Linux, 5.15.0-126-generic, amd64
25/01/01 11:35:38 INFO SparkContext: Java version 11.0.25
25/01/01 11:35:38 WARN NativeCodeLoader: Unable to load native-hadoop library for your platform... using builtin-java classes where applicable
25/01/01 11:35:39 INFO ResourceUtils: ==============================================================
25/01/01 11:35:39 INFO ResourceUtils: No custom resources configured for spark.driver.
25/01/01 11:35:39 INFO ResourceUtils: ==============================================================
25/01/01 11:35:39 INFO SparkContext: Submitted application: GroupingDemo
25/01/01 11:35:39 INFO ResourceProfile: Default ResourceProfile created, executor resources: Map(cores -> name: cores, amount: 1, script: , vendor: , memory -> name: memory, amount: 1024, script: , vendor: , offHeap -> name: offHeap, amount: 0, script: , vendor: ), task resources: Map(cpus -> name: cpus, amount: 1.0)
25/01/01 11:35:39 INFO ResourceProfile: Limiting resource is cpu
25/01/01 11:35:39 INFO ResourceProfileManager: Added ResourceProfile id: 0
25/01/01 11:35:39 INFO SecurityManager: Changing view acls to: bidut
25/01/01 11:35:39 INFO SecurityManager: Changing modify acls to: bidut
25/01/01 11:35:39 INFO SecurityManager: Changing view acls groups to: 
25/01/01 11:35:39 INFO SecurityManager: Changing modify acls groups to: 
25/01/01 11:35:39 INFO SecurityManager: SecurityManager: authentication disabled; ui acls disabled; users with view permissions: bidut; groups with view permissions: EMPTY; users with modify permissions: bidut; groups with modify permissions: EMPTY
25/01/01 11:35:39 INFO Utils: Successfully started service 'sparkDriver' on port 40595.
25/01/01 11:35:39 INFO SparkEnv: Registering MapOutputTracker
25/01/01 11:35:39 INFO SparkEnv: Registering BlockManagerMaster
25/01/01 11:35:39 INFO BlockManagerMasterEndpoint: Using org.apache.spark.storage.DefaultTopologyMapper for getting topology information
25/01/01 11:35:39 INFO BlockManagerMasterEndpoint: BlockManagerMasterEndpoint up
25/01/01 11:35:39 INFO SparkEnv: Registering BlockManagerMasterHeartbeat
25/01/01 11:35:39 INFO DiskBlockManager: Created local directory at /tmp/blockmgr-3ef0c9ca-5096-40c3-8957-566007467ae3
25/01/01 11:35:39 INFO MemoryStore: MemoryStore started with capacity 434.4 MiB
25/01/01 11:35:39 INFO SparkEnv: Registering OutputCommitCoordinator
25/01/01 11:35:39 INFO log: Logging initialized @2602ms to org.sparkproject.jetty.util.log.Slf4jLog
25/01/01 11:35:39 INFO JettyUtils: Start Jetty 0.0.0.0:4040 for SparkUI
25/01/01 11:35:39 INFO Server: jetty-9.4.56.v20240826; built: 2024-08-26T17:15:05.868Z; git: ec6782ff5ead824dabdcf47fa98f90a4aedff401; jvm 11.0.25+9-post-Ubuntu-1ubuntu120.04
25/01/01 11:35:39 INFO Server: Started @2735ms
25/01/01 11:35:39 WARN Utils: Service 'SparkUI' could not bind on port 4040. Attempting port 4041.
25/01/01 11:35:39 INFO AbstractConnector: Started ServerConnector@7b1784c9{HTTP/1.1, (http/1.1)}{0.0.0.0:4041}
25/01/01 11:35:39 INFO Utils: Successfully started service 'SparkUI' on port 4041.
25/01/01 11:35:39 INFO ContextHandler: Started o.s.j.s.ServletContextHandler@76287548{/,null,AVAILABLE,@Spark}
25/01/01 11:35:39 INFO Executor: Starting executor ID driver on host 192.168.29.182
25/01/01 11:35:39 INFO Executor: OS info Linux, 5.15.0-126-generic, amd64
25/01/01 11:35:39 INFO Executor: Java version 11.0.25
25/01/01 11:35:39 INFO Executor: Starting executor with user classpath (userClassPathFirst = false): ''
25/01/01 11:35:39 INFO Executor: Created or updated repl class loader org.apache.spark.util.MutableURLClassLoader@5e8710db for default.
25/01/01 11:35:39 INFO Utils: Successfully started service 'org.apache.spark.network.netty.NettyBlockTransferService' on port 35237.
25/01/01 11:35:39 INFO NettyBlockTransferService: Server created on 192.168.29.182:35237
25/01/01 11:35:39 INFO BlockManager: Using org.apache.spark.storage.RandomBlockReplicationPolicy for block replication policy
25/01/01 11:35:39 INFO BlockManagerMaster: Registering BlockManager BlockManagerId(driver, 192.168.29.182, 35237, None)
25/01/01 11:35:39 INFO BlockManagerMasterEndpoint: Registering block manager 192.168.29.182:35237 with 434.4 MiB RAM, BlockManagerId(driver, 192.168.29.182, 35237, None)
25/01/01 11:35:39 INFO BlockManagerMaster: Registered BlockManager BlockManagerId(driver, 192.168.29.182, 35237, None)
25/01/01 11:35:39 INFO BlockManager: Initialized BlockManager: BlockManagerId(driver, 192.168.29.182, 35237, None)
25/01/01 11:35:40 INFO ContextHandler: Stopped o.s.j.s.ServletContextHandler@76287548{/,null,STOPPED,@Spark}
25/01/01 11:35:40 INFO ContextHandler: Started o.s.j.s.ServletContextHandler@66cb9509{/jobs,null,AVAILABLE,@Spark}
25/01/01 11:35:40 INFO ContextHandler: Started o.s.j.s.ServletContextHandler@50f1d732{/jobs/json,null,AVAILABLE,@Spark}
25/01/01 11:35:40 INFO ContextHandler: Started o.s.j.s.ServletContextHandler@6cdc61b0{/jobs/job,null,AVAILABLE,@Spark}
25/01/01 11:35:40 INFO ContextHandler: Started o.s.j.s.ServletContextHandler@1b376367{/jobs/job/json,null,AVAILABLE,@Spark}
25/01/01 11:35:40 INFO ContextHandler: Started o.s.j.s.ServletContextHandler@7586591f{/stages,null,AVAILABLE,@Spark}
25/01/01 11:35:40 INFO ContextHandler: Started o.s.j.s.ServletContextHandler@192f7af9{/stages/json,null,AVAILABLE,@Spark}
25/01/01 11:35:40 INFO ContextHandler: Started o.s.j.s.ServletContextHandler@2ce4312c{/stages/stage,null,AVAILABLE,@Spark}
25/01/01 11:35:40 INFO ContextHandler: Started o.s.j.s.ServletContextHandler@1cda0f89{/stages/stage/json,null,AVAILABLE,@Spark}
25/01/01 11:35:40 INFO ContextHandler: Started o.s.j.s.ServletContextHandler@202df264{/stages/pool,null,AVAILABLE,@Spark}
25/01/01 11:35:40 INFO ContextHandler: Started o.s.j.s.ServletContextHandler@fef595f{/stages/pool/json,null,AVAILABLE,@Spark}
25/01/01 11:35:40 INFO ContextHandler: Started o.s.j.s.ServletContextHandler@34d66f8{/storage,null,AVAILABLE,@Spark}
25/01/01 11:35:40 INFO ContextHandler: Started o.s.j.s.ServletContextHandler@18f15512{/storage/json,null,AVAILABLE,@Spark}
25/01/01 11:35:40 INFO ContextHandler: Started o.s.j.s.ServletContextHandler@5cedf55f{/storage/rdd,null,AVAILABLE,@Spark}
25/01/01 11:35:40 INFO ContextHandler: Started o.s.j.s.ServletContextHandler@2d86bab8{/storage/rdd/json,null,AVAILABLE,@Spark}
25/01/01 11:35:40 INFO ContextHandler: Started o.s.j.s.ServletContextHandler@53bcb582{/environment,null,AVAILABLE,@Spark}
25/01/01 11:35:40 INFO ContextHandler: Started o.s.j.s.ServletContextHandler@1d60c695{/environment/json,null,AVAILABLE,@Spark}
25/01/01 11:35:40 INFO ContextHandler: Started o.s.j.s.ServletContextHandler@c371abe{/executors,null,AVAILABLE,@Spark}
25/01/01 11:35:40 INFO ContextHandler: Started o.s.j.s.ServletContextHandler@4d760089{/executors/json,null,AVAILABLE,@Spark}
25/01/01 11:35:40 INFO ContextHandler: Started o.s.j.s.ServletContextHandler@4e40b91a{/executors/threadDump,null,AVAILABLE,@Spark}
25/01/01 11:35:40 INFO ContextHandler: Started o.s.j.s.ServletContextHandler@2cecb412{/executors/threadDump/json,null,AVAILABLE,@Spark}
25/01/01 11:35:40 INFO ContextHandler: Started o.s.j.s.ServletContextHandler@28867456{/executors/heapHistogram,null,AVAILABLE,@Spark}
25/01/01 11:35:40 INFO ContextHandler: Started o.s.j.s.ServletContextHandler@2c0a2d42{/executors/heapHistogram/json,null,AVAILABLE,@Spark}
25/01/01 11:35:40 INFO ContextHandler: Started o.s.j.s.ServletContextHandler@78f5ba14{/static,null,AVAILABLE,@Spark}
25/01/01 11:35:40 INFO ContextHandler: Started o.s.j.s.ServletContextHandler@3e09df8a{/,null,AVAILABLE,@Spark}
25/01/01 11:35:40 INFO ContextHandler: Started o.s.j.s.ServletContextHandler@7e9919c5{/api,null,AVAILABLE,@Spark}
25/01/01 11:35:40 INFO ContextHandler: Started o.s.j.s.ServletContextHandler@605b8d56{/jobs/job/kill,null,AVAILABLE,@Spark}
25/01/01 11:35:40 INFO ContextHandler: Started o.s.j.s.ServletContextHandler@15cc757c{/stages/stage/kill,null,AVAILABLE,@Spark}
25/01/01 11:35:40 INFO ContextHandler: Started o.s.j.s.ServletContextHandler@12b010cb{/metrics/json,null,AVAILABLE,@Spark}
25/01/01 11:35:40 INFO SharedState: Setting hive.metastore.warehouse.dir ('null') to the value of spark.sql.warehouse.dir.
25/01/01 11:35:40 INFO SharedState: Warehouse path is 'file:/home/bidut/Desktop/dev/pyspark_learn/Course01Learn/17-SparkJoinDemo/spark-warehouse'.
25/01/01 11:35:40 INFO ContextHandler: Started o.s.j.s.ServletContextHandler@36bf1496{/SQL,null,AVAILABLE,@Spark}
25/01/01 11:35:40 INFO ContextHandler: Started o.s.j.s.ServletContextHandler@60d2a929{/SQL/json,null,AVAILABLE,@Spark}
25/01/01 11:35:40 INFO ContextHandler: Started o.s.j.s.ServletContextHandler@1c23bbeb{/SQL/execution,null,AVAILABLE,@Spark}
25/01/01 11:35:40 INFO ContextHandler: Started o.s.j.s.ServletContextHandler@64d2073c{/SQL/execution/json,null,AVAILABLE,@Spark}
25/01/01 11:35:40 INFO ContextHandler: Started o.s.j.s.ServletContextHandler@2e335b0b{/static/sql,null,AVAILABLE,@Spark}
25/01/01 11:35:43 INFO CodeGenerator: Code generated in 197.638373 ms
25/01/01 11:35:43 INFO SparkContext: Starting job: showString at NativeMethodAccessorImpl.java:0
25/01/01 11:35:43 INFO DAGScheduler: Got job 0 (showString at NativeMethodAccessorImpl.java:0) with 1 output partitions
25/01/01 11:35:43 INFO DAGScheduler: Final stage: ResultStage 0 (showString at NativeMethodAccessorImpl.java:0)
25/01/01 11:35:43 INFO DAGScheduler: Parents of final stage: List()
25/01/01 11:35:43 INFO DAGScheduler: Missing parents: List()
25/01/01 11:35:43 INFO DAGScheduler: Submitting ResultStage 0 (MapPartitionsRDD[11] at showString at NativeMethodAccessorImpl.java:0), which has no missing parents
25/01/01 11:35:43 INFO MemoryStore: Block broadcast_0 stored as values in memory (estimated size 13.4 KiB, free 434.4 MiB)
25/01/01 11:35:43 INFO MemoryStore: Block broadcast_0_piece0 stored as bytes in memory (estimated size 6.8 KiB, free 434.4 MiB)
25/01/01 11:35:43 INFO BlockManagerInfo: Added broadcast_0_piece0 in memory on 192.168.29.182:35237 (size: 6.8 KiB, free: 434.4 MiB)
25/01/01 11:35:43 INFO SparkContext: Created broadcast 0 from broadcast at DAGScheduler.scala:1585
25/01/01 11:35:43 INFO DAGScheduler: Submitting 1 missing tasks from ResultStage 0 (MapPartitionsRDD[11] at showString at NativeMethodAccessorImpl.java:0) (first 15 tasks are for partitions Vector(0))
25/01/01 11:35:43 INFO TaskSchedulerImpl: Adding task set 0.0 with 1 tasks resource profile 0
25/01/01 11:35:43 INFO TaskSetManager: Starting task 0.0 in stage 0.0 (TID 0) (192.168.29.182, executor driver, partition 0, PROCESS_LOCAL, 9061 bytes) 
25/01/01 11:35:43 INFO Executor: Running task 0.0 in stage 0.0 (TID 0)
25/01/01 11:35:44 INFO CodeGenerator: Code generated in 14.208288 ms
25/01/01 11:35:44 INFO PythonRunner: Times: total = 701, boot = 644, init = 57, finish = 0
25/01/01 11:35:44 INFO Executor: Finished task 0.0 in stage 0.0 (TID 0). 1988 bytes result sent to driver
25/01/01 11:35:44 INFO TaskSetManager: Finished task 0.0 in stage 0.0 (TID 0) in 893 ms on 192.168.29.182 (executor driver) (1/1)
25/01/01 11:35:44 INFO TaskSchedulerImpl: Removed TaskSet 0.0, whose tasks have all completed, from pool 
25/01/01 11:35:44 INFO PythonAccumulatorV2: Connected to AccumulatorServer at host: 127.0.0.1 port: 58547
25/01/01 11:35:44 INFO DAGScheduler: ResultStage 0 (showString at NativeMethodAccessorImpl.java:0) finished in 1.114 s
25/01/01 11:35:44 INFO DAGScheduler: Job 0 is finished. Cancelling potential speculative or zombie tasks for this job
25/01/01 11:35:44 INFO TaskSchedulerImpl: Killing all running tasks in stage 0: Stage finished
25/01/01 11:35:44 INFO DAGScheduler: Job 0 finished: showString at NativeMethodAccessorImpl.java:0, took 1.163227 s
25/01/01 11:35:44 INFO SparkContext: Starting job: showString at NativeMethodAccessorImpl.java:0
25/01/01 11:35:44 INFO DAGScheduler: Got job 1 (showString at NativeMethodAccessorImpl.java:0) with 2 output partitions
25/01/01 11:35:44 INFO DAGScheduler: Final stage: ResultStage 1 (showString at NativeMethodAccessorImpl.java:0)
25/01/01 11:35:44 INFO DAGScheduler: Parents of final stage: List()
25/01/01 11:35:44 INFO DAGScheduler: Missing parents: List()
25/01/01 11:35:44 INFO DAGScheduler: Submitting ResultStage 1 (MapPartitionsRDD[11] at showString at NativeMethodAccessorImpl.java:0), which has no missing parents
25/01/01 11:35:44 INFO MemoryStore: Block broadcast_1 stored as values in memory (estimated size 13.4 KiB, free 434.4 MiB)
25/01/01 11:35:44 INFO MemoryStore: Block broadcast_1_piece0 stored as bytes in memory (estimated size 6.8 KiB, free 434.4 MiB)
25/01/01 11:35:44 INFO BlockManagerInfo: Added broadcast_1_piece0 in memory on 192.168.29.182:35237 (size: 6.8 KiB, free: 434.4 MiB)
25/01/01 11:35:44 INFO SparkContext: Created broadcast 1 from broadcast at DAGScheduler.scala:1585
25/01/01 11:35:44 INFO DAGScheduler: Submitting 2 missing tasks from ResultStage 1 (MapPartitionsRDD[11] at showString at NativeMethodAccessorImpl.java:0) (first 15 tasks are for partitions Vector(1, 2))
25/01/01 11:35:44 INFO TaskSchedulerImpl: Adding task set 1.0 with 2 tasks resource profile 0
25/01/01 11:35:44 INFO TaskSetManager: Starting task 0.0 in stage 1.0 (TID 1) (192.168.29.182, executor driver, partition 1, PROCESS_LOCAL, 9068 bytes) 
25/01/01 11:35:44 INFO TaskSetManager: Starting task 1.0 in stage 1.0 (TID 2) (192.168.29.182, executor driver, partition 2, PROCESS_LOCAL, 9168 bytes) 
25/01/01 11:35:44 INFO Executor: Running task 0.0 in stage 1.0 (TID 1)
25/01/01 11:35:44 INFO Executor: Running task 1.0 in stage 1.0 (TID 2)
25/01/01 11:35:44 INFO PythonRunner: Times: total = 44, boot = -112, init = 156, finish = 0
25/01/01 11:35:44 INFO Executor: Finished task 0.0 in stage 1.0 (TID 1). 2012 bytes result sent to driver
25/01/01 11:35:44 INFO PythonRunner: Times: total = 49, boot = 6, init = 43, finish = 0
25/01/01 11:35:44 INFO TaskSetManager: Finished task 0.0 in stage 1.0 (TID 1) in 73 ms on 192.168.29.182 (executor driver) (1/2)
25/01/01 11:35:44 INFO Executor: Finished task 1.0 in stage 1.0 (TID 2). 2091 bytes result sent to driver
25/01/01 11:35:44 INFO TaskSetManager: Finished task 1.0 in stage 1.0 (TID 2) in 88 ms on 192.168.29.182 (executor driver) (2/2)
25/01/01 11:35:44 INFO DAGScheduler: ResultStage 1 (showString at NativeMethodAccessorImpl.java:0) finished in 0.105 s
25/01/01 11:35:44 INFO TaskSchedulerImpl: Removed TaskSet 1.0, whose tasks have all completed, from pool 
25/01/01 11:35:44 INFO DAGScheduler: Job 1 is finished. Cancelling potential speculative or zombie tasks for this job
25/01/01 11:35:44 INFO TaskSchedulerImpl: Killing all running tasks in stage 1: Stage finished
25/01/01 11:35:44 INFO DAGScheduler: Job 1 finished: showString at NativeMethodAccessorImpl.java:0, took 0.117406 s
25/01/01 11:35:44 INFO BlockManagerInfo: Removed broadcast_0_piece0 on 192.168.29.182:35237 in memory (size: 6.8 KiB, free: 434.4 MiB)
25/01/01 11:35:44 INFO BlockManagerInfo: Removed broadcast_1_piece0 on 192.168.29.182:35237 in memory (size: 6.8 KiB, free: 434.4 MiB)
25/01/01 11:35:45 INFO CodeGenerator: Code generated in 16.873436 ms
25/01/01 11:35:45 INFO SparkContext: Starting job: showString at NativeMethodAccessorImpl.java:0
25/01/01 11:35:45 INFO DAGScheduler: Got job 2 (showString at NativeMethodAccessorImpl.java:0) with 1 output partitions
25/01/01 11:35:45 INFO DAGScheduler: Final stage: ResultStage 2 (showString at NativeMethodAccessorImpl.java:0)
25/01/01 11:35:45 INFO DAGScheduler: Parents of final stage: List()
25/01/01 11:35:45 INFO DAGScheduler: Missing parents: List()
25/01/01 11:35:45 INFO DAGScheduler: Submitting ResultStage 2 (MapPartitionsRDD[13] at showString at NativeMethodAccessorImpl.java:0), which has no missing parents
25/01/01 11:35:45 INFO MemoryStore: Block broadcast_2 stored as values in memory (estimated size 13.4 KiB, free 434.4 MiB)
25/01/01 11:35:45 INFO MemoryStore: Block broadcast_2_piece0 stored as bytes in memory (estimated size 6.8 KiB, free 434.4 MiB)
25/01/01 11:35:45 INFO BlockManagerInfo: Added broadcast_2_piece0 in memory on 192.168.29.182:35237 (size: 6.8 KiB, free: 434.4 MiB)
25/01/01 11:35:45 INFO SparkContext: Created broadcast 2 from broadcast at DAGScheduler.scala:1585
25/01/01 11:35:45 INFO DAGScheduler: Submitting 1 missing tasks from ResultStage 2 (MapPartitionsRDD[13] at showString at NativeMethodAccessorImpl.java:0) (first 15 tasks are for partitions Vector(0))
25/01/01 11:35:45 INFO TaskSchedulerImpl: Adding task set 2.0 with 1 tasks resource profile 0
25/01/01 11:35:45 INFO TaskSetManager: Starting task 0.0 in stage 2.0 (TID 3) (192.168.29.182, executor driver, partition 0, PROCESS_LOCAL, 9053 bytes) 
25/01/01 11:35:45 INFO Executor: Running task 0.0 in stage 2.0 (TID 3)
25/01/01 11:35:45 INFO PythonRunner: Times: total = 42, boot = -1226, init = 1268, finish = 0
25/01/01 11:35:45 INFO Executor: Finished task 0.0 in stage 2.0 (TID 3). 1935 bytes result sent to driver
25/01/01 11:35:45 INFO TaskSetManager: Finished task 0.0 in stage 2.0 (TID 3) in 61 ms on 192.168.29.182 (executor driver) (1/1)
25/01/01 11:35:45 INFO TaskSchedulerImpl: Removed TaskSet 2.0, whose tasks have all completed, from pool 
25/01/01 11:35:45 INFO DAGScheduler: ResultStage 2 (showString at NativeMethodAccessorImpl.java:0) finished in 0.077 s
25/01/01 11:35:45 INFO DAGScheduler: Job 2 is finished. Cancelling potential speculative or zombie tasks for this job
25/01/01 11:35:45 INFO TaskSchedulerImpl: Killing all running tasks in stage 2: Stage finished
25/01/01 11:35:45 INFO DAGScheduler: Job 2 finished: showString at NativeMethodAccessorImpl.java:0, took 0.088263 s
25/01/01 11:35:45 INFO SparkContext: Starting job: showString at NativeMethodAccessorImpl.java:0
25/01/01 11:35:45 INFO DAGScheduler: Got job 3 (showString at NativeMethodAccessorImpl.java:0) with 2 output partitions
25/01/01 11:35:45 INFO DAGScheduler: Final stage: ResultStage 3 (showString at NativeMethodAccessorImpl.java:0)
25/01/01 11:35:45 INFO DAGScheduler: Parents of final stage: List()
25/01/01 11:35:45 INFO DAGScheduler: Missing parents: List()
25/01/01 11:35:45 INFO DAGScheduler: Submitting ResultStage 3 (MapPartitionsRDD[13] at showString at NativeMethodAccessorImpl.java:0), which has no missing parents
25/01/01 11:35:45 INFO MemoryStore: Block broadcast_3 stored as values in memory (estimated size 13.4 KiB, free 434.4 MiB)
25/01/01 11:35:45 INFO MemoryStore: Block broadcast_3_piece0 stored as bytes in memory (estimated size 6.8 KiB, free 434.4 MiB)
25/01/01 11:35:45 INFO BlockManagerInfo: Added broadcast_3_piece0 in memory on 192.168.29.182:35237 (size: 6.8 KiB, free: 434.4 MiB)
25/01/01 11:35:45 INFO SparkContext: Created broadcast 3 from broadcast at DAGScheduler.scala:1585
25/01/01 11:35:45 INFO DAGScheduler: Submitting 2 missing tasks from ResultStage 3 (MapPartitionsRDD[13] at showString at NativeMethodAccessorImpl.java:0) (first 15 tasks are for partitions Vector(1, 2))
25/01/01 11:35:45 INFO TaskSchedulerImpl: Adding task set 3.0 with 2 tasks resource profile 0
25/01/01 11:35:45 INFO TaskSetManager: Starting task 0.0 in stage 3.0 (TID 4) (192.168.29.182, executor driver, partition 1, PROCESS_LOCAL, 9051 bytes) 
25/01/01 11:35:45 INFO TaskSetManager: Starting task 1.0 in stage 3.0 (TID 5) (192.168.29.182, executor driver, partition 2, PROCESS_LOCAL, 9056 bytes) 
25/01/01 11:35:45 INFO Executor: Running task 0.0 in stage 3.0 (TID 4)
25/01/01 11:35:45 INFO Executor: Running task 1.0 in stage 3.0 (TID 5)
25/01/01 11:35:45 INFO PythonRunner: Times: total = 43, boot = -31, init = 74, finish = 0
25/01/01 11:35:45 INFO PythonRunner: Times: total = 44, boot = -1299, init = 1343, finish = 0
25/01/01 11:35:45 INFO Executor: Finished task 1.0 in stage 3.0 (TID 5). 1953 bytes result sent to driver
25/01/01 11:35:45 INFO Executor: Finished task 0.0 in stage 3.0 (TID 4). 1936 bytes result sent to driver
25/01/01 11:35:45 INFO TaskSetManager: Finished task 0.0 in stage 3.0 (TID 4) in 85 ms on 192.168.29.182 (executor driver) (1/2)
25/01/01 11:35:45 INFO BlockManagerInfo: Removed broadcast_2_piece0 on 192.168.29.182:35237 in memory (size: 6.8 KiB, free: 434.4 MiB)
25/01/01 11:35:45 INFO TaskSetManager: Finished task 1.0 in stage 3.0 (TID 5) in 86 ms on 192.168.29.182 (executor driver) (2/2)
25/01/01 11:35:45 INFO TaskSchedulerImpl: Removed TaskSet 3.0, whose tasks have all completed, from pool 
25/01/01 11:35:45 INFO DAGScheduler: ResultStage 3 (showString at NativeMethodAccessorImpl.java:0) finished in 0.101 s
25/01/01 11:35:45 INFO DAGScheduler: Job 3 is finished. Cancelling potential speculative or zombie tasks for this job
25/01/01 11:35:45 INFO TaskSchedulerImpl: Killing all running tasks in stage 3: Stage finished
25/01/01 11:35:45 INFO DAGScheduler: Job 3 finished: showString at NativeMethodAccessorImpl.java:0, took 0.109536 s
25/01/01 11:35:46 INFO CodeGenerator: Code generated in 12.528657 ms
25/01/01 11:35:46 INFO DAGScheduler: Registering RDD 15 (showString at NativeMethodAccessorImpl.java:0) as input to shuffle 0
25/01/01 11:35:46 INFO DAGScheduler: Got map stage job 4 (showString at NativeMethodAccessorImpl.java:0) with 3 output partitions
25/01/01 11:35:46 INFO DAGScheduler: Final stage: ShuffleMapStage 4 (showString at NativeMethodAccessorImpl.java:0)
25/01/01 11:35:46 INFO DAGScheduler: Parents of final stage: List()
25/01/01 11:35:46 INFO DAGScheduler: Missing parents: List()
25/01/01 11:35:46 INFO DAGScheduler: Submitting ShuffleMapStage 4 (MapPartitionsRDD[15] at showString at NativeMethodAccessorImpl.java:0), which has no missing parents
25/01/01 11:35:46 INFO CodeGenerator: Code generated in 13.173438 ms
25/01/01 11:35:46 INFO MemoryStore: Block broadcast_4 stored as values in memory (estimated size 16.3 KiB, free 434.4 MiB)
25/01/01 11:35:46 INFO MemoryStore: Block broadcast_4_piece0 stored as bytes in memory (estimated size 8.3 KiB, free 434.4 MiB)
25/01/01 11:35:46 INFO BlockManagerInfo: Added broadcast_4_piece0 in memory on 192.168.29.182:35237 (size: 8.3 KiB, free: 434.4 MiB)
25/01/01 11:35:46 INFO SparkContext: Created broadcast 4 from broadcast at DAGScheduler.scala:1585
25/01/01 11:35:46 INFO DAGScheduler: Submitting 3 missing tasks from ShuffleMapStage 4 (MapPartitionsRDD[15] at showString at NativeMethodAccessorImpl.java:0) (first 15 tasks are for partitions Vector(0, 1, 2))
25/01/01 11:35:46 INFO TaskSchedulerImpl: Adding task set 4.0 with 3 tasks resource profile 0
25/01/01 11:35:46 INFO DAGScheduler: Registering RDD 17 (showString at NativeMethodAccessorImpl.java:0) as input to shuffle 1
25/01/01 11:35:46 INFO DAGScheduler: Got map stage job 5 (showString at NativeMethodAccessorImpl.java:0) with 3 output partitions
25/01/01 11:35:46 INFO DAGScheduler: Final stage: ShuffleMapStage 5 (showString at NativeMethodAccessorImpl.java:0)
25/01/01 11:35:46 INFO DAGScheduler: Parents of final stage: List()
25/01/01 11:35:46 INFO TaskSetManager: Starting task 0.0 in stage 4.0 (TID 6) (192.168.29.182, executor driver, partition 0, PROCESS_LOCAL, 9042 bytes) 
25/01/01 11:35:46 INFO DAGScheduler: Missing parents: List()
25/01/01 11:35:46 INFO TaskSetManager: Starting task 1.0 in stage 4.0 (TID 7) (192.168.29.182, executor driver, partition 1, PROCESS_LOCAL, 9040 bytes) 
25/01/01 11:35:46 INFO DAGScheduler: Submitting ShuffleMapStage 5 (MapPartitionsRDD[17] at showString at NativeMethodAccessorImpl.java:0), which has no missing parents
25/01/01 11:35:46 INFO TaskSetManager: Starting task 2.0 in stage 4.0 (TID 8) (192.168.29.182, executor driver, partition 2, PROCESS_LOCAL, 9045 bytes) 
25/01/01 11:35:46 INFO Executor: Running task 0.0 in stage 4.0 (TID 6)
25/01/01 11:35:46 INFO Executor: Running task 1.0 in stage 4.0 (TID 7)
25/01/01 11:35:46 INFO Executor: Running task 2.0 in stage 4.0 (TID 8)
25/01/01 11:35:46 INFO MemoryStore: Block broadcast_5 stored as values in memory (estimated size 16.0 KiB, free 434.3 MiB)
25/01/01 11:35:46 INFO MemoryStore: Block broadcast_5_piece0 stored as bytes in memory (estimated size 8.2 KiB, free 434.3 MiB)
25/01/01 11:35:46 INFO BlockManagerInfo: Added broadcast_5_piece0 in memory on 192.168.29.182:35237 (size: 8.2 KiB, free: 434.4 MiB)
25/01/01 11:35:46 INFO SparkContext: Created broadcast 5 from broadcast at DAGScheduler.scala:1585
25/01/01 11:35:46 INFO DAGScheduler: Submitting 3 missing tasks from ShuffleMapStage 5 (MapPartitionsRDD[17] at showString at NativeMethodAccessorImpl.java:0) (first 15 tasks are for partitions Vector(0, 1, 2))
25/01/01 11:35:46 INFO TaskSchedulerImpl: Adding task set 5.0 with 3 tasks resource profile 0
25/01/01 11:35:46 INFO CodeGenerator: Code generated in 16.468272 ms
25/01/01 11:35:46 INFO CodeGenerator: Code generated in 10.58905 ms
25/01/01 11:35:46 INFO PythonRunner: Times: total = 45, boot = -590, init = 634, finish = 1
25/01/01 11:35:46 INFO PythonRunner: Times: total = 57, boot = 8, init = 49, finish = 0
25/01/01 11:35:46 INFO PythonRunner: Times: total = 48, boot = -590, init = 638, finish = 0
25/01/01 11:35:46 INFO Executor: Finished task 2.0 in stage 4.0 (TID 8). 2438 bytes result sent to driver
25/01/01 11:35:46 INFO Executor: Finished task 1.0 in stage 4.0 (TID 7). 2438 bytes result sent to driver
25/01/01 11:35:46 INFO Executor: Finished task 0.0 in stage 4.0 (TID 6). 2438 bytes result sent to driver
25/01/01 11:35:46 INFO TaskSetManager: Starting task 0.0 in stage 5.0 (TID 9) (192.168.29.182, executor driver, partition 0, PROCESS_LOCAL, 9050 bytes) 
25/01/01 11:35:46 INFO Executor: Running task 0.0 in stage 5.0 (TID 9)
25/01/01 11:35:46 INFO TaskSetManager: Starting task 1.0 in stage 5.0 (TID 10) (192.168.29.182, executor driver, partition 1, PROCESS_LOCAL, 9057 bytes) 
25/01/01 11:35:46 INFO TaskSetManager: Finished task 2.0 in stage 4.0 (TID 8) in 162 ms on 192.168.29.182 (executor driver) (1/3)
25/01/01 11:35:46 INFO Executor: Running task 1.0 in stage 5.0 (TID 10)
25/01/01 11:35:46 INFO TaskSetManager: Starting task 2.0 in stage 5.0 (TID 11) (192.168.29.182, executor driver, partition 2, PROCESS_LOCAL, 9157 bytes) 
25/01/01 11:35:46 INFO TaskSetManager: Finished task 1.0 in stage 4.0 (TID 7) in 168 ms on 192.168.29.182 (executor driver) (2/3)
25/01/01 11:35:46 INFO Executor: Running task 2.0 in stage 5.0 (TID 11)
25/01/01 11:35:46 INFO TaskSetManager: Finished task 0.0 in stage 4.0 (TID 6) in 172 ms on 192.168.29.182 (executor driver) (3/3)
25/01/01 11:35:46 INFO TaskSchedulerImpl: Removed TaskSet 4.0, whose tasks have all completed, from pool 
25/01/01 11:35:46 INFO DAGScheduler: ShuffleMapStage 4 (showString at NativeMethodAccessorImpl.java:0) finished in 0.211 s
25/01/01 11:35:46 INFO DAGScheduler: looking for newly runnable stages
25/01/01 11:35:46 INFO DAGScheduler: running: Set(ShuffleMapStage 5)
25/01/01 11:35:46 INFO DAGScheduler: waiting: Set()
25/01/01 11:35:46 INFO DAGScheduler: failed: Set()
25/01/01 11:35:46 INFO CodeGenerator: Code generated in 11.313453 ms
25/01/01 11:35:46 INFO CodeGenerator: Code generated in 11.772933 ms
25/01/01 11:35:46 INFO PythonRunner: Times: total = 44, boot = -68, init = 112, finish = 0
25/01/01 11:35:46 INFO PythonRunner: Times: total = 45, boot = -69, init = 114, finish = 0
25/01/01 11:35:46 INFO PythonRunner: Times: total = 47, boot = -61, init = 108, finish = 0
25/01/01 11:35:46 INFO Executor: Finished task 0.0 in stage 5.0 (TID 9). 2395 bytes result sent to driver
25/01/01 11:35:46 INFO Executor: Finished task 1.0 in stage 5.0 (TID 10). 2395 bytes result sent to driver
25/01/01 11:35:46 INFO Executor: Finished task 2.0 in stage 5.0 (TID 11). 2395 bytes result sent to driver
25/01/01 11:35:46 INFO TaskSetManager: Finished task 0.0 in stage 5.0 (TID 9) in 79 ms on 192.168.29.182 (executor driver) (1/3)
25/01/01 11:35:46 INFO TaskSetManager: Finished task 1.0 in stage 5.0 (TID 10) in 78 ms on 192.168.29.182 (executor driver) (2/3)
25/01/01 11:35:46 INFO TaskSetManager: Finished task 2.0 in stage 5.0 (TID 11) in 77 ms on 192.168.29.182 (executor driver) (3/3)
25/01/01 11:35:46 INFO TaskSchedulerImpl: Removed TaskSet 5.0, whose tasks have all completed, from pool 
25/01/01 11:35:46 INFO DAGScheduler: ShuffleMapStage 5 (showString at NativeMethodAccessorImpl.java:0) finished in 0.240 s
25/01/01 11:35:46 INFO DAGScheduler: looking for newly runnable stages
25/01/01 11:35:46 INFO DAGScheduler: running: Set()
25/01/01 11:35:46 INFO DAGScheduler: waiting: Set()
25/01/01 11:35:46 INFO DAGScheduler: failed: Set()
25/01/01 11:35:46 INFO ShufflePartitionsUtil: For shuffle(0, 1), advisory target size: 67108864, actual target size 1048576, minimum partition size: 1048576
25/01/01 11:35:46 INFO CodeGenerator: Code generated in 33.327566 ms
25/01/01 11:35:46 INFO CodeGenerator: Code generated in 14.00865 ms
25/01/01 11:35:46 INFO CodeGenerator: Code generated in 8.271638 ms
25/01/01 11:35:46 INFO SparkContext: Starting job: showString at NativeMethodAccessorImpl.java:0
25/01/01 11:35:46 INFO DAGScheduler: Got job 6 (showString at NativeMethodAccessorImpl.java:0) with 1 output partitions
25/01/01 11:35:46 INFO DAGScheduler: Final stage: ResultStage 8 (showString at NativeMethodAccessorImpl.java:0)
25/01/01 11:35:46 INFO DAGScheduler: Parents of final stage: List(ShuffleMapStage 6, ShuffleMapStage 7)
25/01/01 11:35:46 INFO DAGScheduler: Missing parents: List()
25/01/01 11:35:46 INFO DAGScheduler: Submitting ResultStage 8 (MapPartitionsRDD[24] at showString at NativeMethodAccessorImpl.java:0), which has no missing parents
25/01/01 11:35:47 INFO MemoryStore: Block broadcast_6 stored as values in memory (estimated size 50.1 KiB, free 434.3 MiB)
25/01/01 11:35:47 INFO MemoryStore: Block broadcast_6_piece0 stored as bytes in memory (estimated size 23.3 KiB, free 434.3 MiB)
25/01/01 11:35:47 INFO BlockManagerInfo: Added broadcast_6_piece0 in memory on 192.168.29.182:35237 (size: 23.3 KiB, free: 434.4 MiB)
25/01/01 11:35:47 INFO SparkContext: Created broadcast 6 from broadcast at DAGScheduler.scala:1585
25/01/01 11:35:47 INFO DAGScheduler: Submitting 1 missing tasks from ResultStage 8 (MapPartitionsRDD[24] at showString at NativeMethodAccessorImpl.java:0) (first 15 tasks are for partitions Vector(0))
25/01/01 11:35:47 INFO TaskSchedulerImpl: Adding task set 8.0 with 1 tasks resource profile 0
25/01/01 11:35:47 INFO TaskSetManager: Starting task 0.0 in stage 8.0 (TID 12) (192.168.29.182, executor driver, partition 0, NODE_LOCAL, 9281 bytes) 
25/01/01 11:35:47 INFO Executor: Running task 0.0 in stage 8.0 (TID 12)
25/01/01 11:35:47 INFO ShuffleBlockFetcherIterator: Getting 3 (819.0 B) non-empty blocks including 3 (819.0 B) local and 0 (0.0 B) host-local and 0 (0.0 B) push-merged-local and 0 (0.0 B) remote blocks
25/01/01 11:35:47 INFO ShuffleBlockFetcherIterator: Started 0 remote fetches in 15 ms
25/01/01 11:35:47 INFO CodeGenerator: Code generated in 10.109002 ms
25/01/01 11:35:47 INFO CodeGenerator: Code generated in 18.697435 ms
25/01/01 11:35:47 INFO CodeGenerator: Code generated in 8.743431 ms
25/01/01 11:35:47 INFO ShuffleBlockFetcherIterator: Getting 3 (821.0 B) non-empty blocks including 3 (821.0 B) local and 0 (0.0 B) host-local and 0 (0.0 B) push-merged-local and 0 (0.0 B) remote blocks
25/01/01 11:35:47 INFO ShuffleBlockFetcherIterator: Started 0 remote fetches in 1 ms
25/01/01 11:35:47 INFO CodeGenerator: Code generated in 11.925852 ms
25/01/01 11:35:47 INFO CodeGenerator: Code generated in 6.266838 ms
25/01/01 11:35:47 INFO CodeGenerator: Code generated in 8.000472 ms
25/01/01 11:35:47 INFO CodeGenerator: Code generated in 44.865568 ms
25/01/01 11:35:47 INFO BlockManagerInfo: Removed broadcast_3_piece0 on 192.168.29.182:35237 in memory (size: 6.8 KiB, free: 434.4 MiB)
25/01/01 11:35:47 INFO BlockManagerInfo: Removed broadcast_4_piece0 on 192.168.29.182:35237 in memory (size: 8.3 KiB, free: 434.4 MiB)
25/01/01 11:35:47 INFO BlockManagerInfo: Removed broadcast_5_piece0 on 192.168.29.182:35237 in memory (size: 8.2 KiB, free: 434.4 MiB)
25/01/01 11:35:47 INFO Executor: Finished task 0.0 in stage 8.0 (TID 12). 6847 bytes result sent to driver
25/01/01 11:35:47 INFO TaskSetManager: Finished task 0.0 in stage 8.0 (TID 12) in 270 ms on 192.168.29.182 (executor driver) (1/1)
25/01/01 11:35:47 INFO TaskSchedulerImpl: Removed TaskSet 8.0, whose tasks have all completed, from pool 
25/01/01 11:35:47 INFO DAGScheduler: ResultStage 8 (showString at NativeMethodAccessorImpl.java:0) finished in 0.296 s
25/01/01 11:35:47 INFO DAGScheduler: Job 6 is finished. Cancelling potential speculative or zombie tasks for this job
25/01/01 11:35:47 INFO TaskSchedulerImpl: Killing all running tasks in stage 8: Stage finished
25/01/01 11:35:47 INFO DAGScheduler: Job 6 finished: showString at NativeMethodAccessorImpl.java:0, took 0.316786 s
25/01/01 11:35:47 INFO CodeGenerator: Code generated in 11.870772 ms
25/01/01 11:35:47 INFO SparkContext: Invoking stop() from shutdown hook
25/01/01 11:35:47 INFO SparkContext: SparkContext is stopping with exitCode 0.
25/01/01 11:35:47 INFO AbstractConnector: Stopped Spark@7b1784c9{HTTP/1.1, (http/1.1)}{0.0.0.0:4041}
25/01/01 11:35:47 INFO SparkUI: Stopped Spark web UI at http://192.168.29.182:4041
25/01/01 11:35:47 INFO MapOutputTrackerMasterEndpoint: MapOutputTrackerMasterEndpoint stopped!
25/01/01 11:35:47 INFO MemoryStore: MemoryStore cleared
25/01/01 11:35:47 INFO BlockManager: BlockManager stopped
25/01/01 11:35:47 INFO BlockManagerMaster: BlockManagerMaster stopped
25/01/01 11:35:47 INFO OutputCommitCoordinator$OutputCommitCoordinatorEndpoint: OutputCommitCoordinator stopped!
25/01/01 11:35:47 INFO SparkContext: Successfully stopped SparkContext
25/01/01 11:35:47 INFO ShutdownHookManager: Shutdown hook called
25/01/01 11:35:47 INFO ShutdownHookManager: Deleting directory /tmp/spark-920b1986-7bff-4ca6-a063-08840973e652
25/01/01 11:35:47 INFO ShutdownHookManager: Deleting directory /tmp/spark-c83e0412-b138-4b9b-a1c0-55e14e47b943/pyspark-d87a552f-5755-4fc0-a3f5-afcdab81eb48
25/01/01 11:35:47 INFO ShutdownHookManager: Deleting directory /tmp/spark-c83e0412-b138-4b9b-a1c0-55e14e47b943
25/01/01 11:48:14 WARN Utils: Your hostname, bidut-HP-Laptop-14s-fq1xxx resolves to a loopback address: 127.0.1.1; using 192.168.29.182 instead (on interface wlo1)
25/01/01 11:48:14 WARN Utils: Set SPARK_LOCAL_IP if you need to bind to another address
25/01/01 11:48:15 INFO SparkContext: Running Spark version 3.5.4
25/01/01 11:48:15 INFO SparkContext: OS info Linux, 5.15.0-126-generic, amd64
25/01/01 11:48:15 INFO SparkContext: Java version 11.0.25
25/01/01 11:48:15 WARN NativeCodeLoader: Unable to load native-hadoop library for your platform... using builtin-java classes where applicable
25/01/01 11:48:15 INFO ResourceUtils: ==============================================================
25/01/01 11:48:15 INFO ResourceUtils: No custom resources configured for spark.driver.
25/01/01 11:48:15 INFO ResourceUtils: ==============================================================
25/01/01 11:48:15 INFO SparkContext: Submitted application: GroupingDemo
25/01/01 11:48:15 INFO ResourceProfile: Default ResourceProfile created, executor resources: Map(cores -> name: cores, amount: 1, script: , vendor: , memory -> name: memory, amount: 1024, script: , vendor: , offHeap -> name: offHeap, amount: 0, script: , vendor: ), task resources: Map(cpus -> name: cpus, amount: 1.0)
25/01/01 11:48:15 INFO ResourceProfile: Limiting resource is cpu
25/01/01 11:48:15 INFO ResourceProfileManager: Added ResourceProfile id: 0
25/01/01 11:48:15 INFO SecurityManager: Changing view acls to: bidut
25/01/01 11:48:15 INFO SecurityManager: Changing modify acls to: bidut
25/01/01 11:48:15 INFO SecurityManager: Changing view acls groups to: 
25/01/01 11:48:15 INFO SecurityManager: Changing modify acls groups to: 
25/01/01 11:48:15 INFO SecurityManager: SecurityManager: authentication disabled; ui acls disabled; users with view permissions: bidut; groups with view permissions: EMPTY; users with modify permissions: bidut; groups with modify permissions: EMPTY
25/01/01 11:48:15 INFO Utils: Successfully started service 'sparkDriver' on port 34457.
25/01/01 11:48:15 INFO SparkEnv: Registering MapOutputTracker
25/01/01 11:48:16 INFO SparkEnv: Registering BlockManagerMaster
25/01/01 11:48:16 INFO BlockManagerMasterEndpoint: Using org.apache.spark.storage.DefaultTopologyMapper for getting topology information
25/01/01 11:48:16 INFO BlockManagerMasterEndpoint: BlockManagerMasterEndpoint up
25/01/01 11:48:16 INFO SparkEnv: Registering BlockManagerMasterHeartbeat
25/01/01 11:48:16 INFO DiskBlockManager: Created local directory at /tmp/blockmgr-59a3b32c-c34f-4a86-a068-a8f39971cc2c
25/01/01 11:48:16 INFO MemoryStore: MemoryStore started with capacity 434.4 MiB
25/01/01 11:48:16 INFO SparkEnv: Registering OutputCommitCoordinator
25/01/01 11:48:16 INFO log: Logging initialized @2673ms to org.sparkproject.jetty.util.log.Slf4jLog
25/01/01 11:48:16 INFO JettyUtils: Start Jetty 0.0.0.0:4040 for SparkUI
25/01/01 11:48:16 INFO Server: jetty-9.4.56.v20240826; built: 2024-08-26T17:15:05.868Z; git: ec6782ff5ead824dabdcf47fa98f90a4aedff401; jvm 11.0.25+9-post-Ubuntu-1ubuntu120.04
25/01/01 11:48:16 INFO Server: Started @2801ms
25/01/01 11:48:16 WARN Utils: Service 'SparkUI' could not bind on port 4040. Attempting port 4041.
25/01/01 11:48:16 INFO AbstractConnector: Started ServerConnector@4f6bafa7{HTTP/1.1, (http/1.1)}{0.0.0.0:4041}
25/01/01 11:48:16 INFO Utils: Successfully started service 'SparkUI' on port 4041.
25/01/01 11:48:16 INFO ContextHandler: Started o.s.j.s.ServletContextHandler@4218cb51{/,null,AVAILABLE,@Spark}
25/01/01 11:48:16 INFO Executor: Starting executor ID driver on host 192.168.29.182
25/01/01 11:48:16 INFO Executor: OS info Linux, 5.15.0-126-generic, amd64
25/01/01 11:48:16 INFO Executor: Java version 11.0.25
25/01/01 11:48:16 INFO Executor: Starting executor with user classpath (userClassPathFirst = false): ''
25/01/01 11:48:16 INFO Executor: Created or updated repl class loader org.apache.spark.util.MutableURLClassLoader@17e28e6b for default.
25/01/01 11:48:16 INFO Utils: Successfully started service 'org.apache.spark.network.netty.NettyBlockTransferService' on port 38557.
25/01/01 11:48:16 INFO NettyBlockTransferService: Server created on 192.168.29.182:38557
25/01/01 11:48:16 INFO BlockManager: Using org.apache.spark.storage.RandomBlockReplicationPolicy for block replication policy
25/01/01 11:48:16 INFO BlockManagerMaster: Registering BlockManager BlockManagerId(driver, 192.168.29.182, 38557, None)
25/01/01 11:48:16 INFO BlockManagerMasterEndpoint: Registering block manager 192.168.29.182:38557 with 434.4 MiB RAM, BlockManagerId(driver, 192.168.29.182, 38557, None)
25/01/01 11:48:16 INFO BlockManagerMaster: Registered BlockManager BlockManagerId(driver, 192.168.29.182, 38557, None)
25/01/01 11:48:16 INFO BlockManager: Initialized BlockManager: BlockManagerId(driver, 192.168.29.182, 38557, None)
25/01/01 11:48:16 INFO ContextHandler: Stopped o.s.j.s.ServletContextHandler@4218cb51{/,null,STOPPED,@Spark}
25/01/01 11:48:16 INFO ContextHandler: Started o.s.j.s.ServletContextHandler@2c84557b{/jobs,null,AVAILABLE,@Spark}
25/01/01 11:48:16 INFO ContextHandler: Started o.s.j.s.ServletContextHandler@4efbf04b{/jobs/json,null,AVAILABLE,@Spark}
25/01/01 11:48:16 INFO ContextHandler: Started o.s.j.s.ServletContextHandler@323737e3{/jobs/job,null,AVAILABLE,@Spark}
25/01/01 11:48:16 INFO ContextHandler: Started o.s.j.s.ServletContextHandler@31a8b86d{/jobs/job/json,null,AVAILABLE,@Spark}
25/01/01 11:48:16 INFO ContextHandler: Started o.s.j.s.ServletContextHandler@66bb7272{/stages,null,AVAILABLE,@Spark}
25/01/01 11:48:16 INFO ContextHandler: Started o.s.j.s.ServletContextHandler@574e5879{/stages/json,null,AVAILABLE,@Spark}
25/01/01 11:48:16 INFO ContextHandler: Started o.s.j.s.ServletContextHandler@5bceeea7{/stages/stage,null,AVAILABLE,@Spark}
25/01/01 11:48:16 INFO ContextHandler: Started o.s.j.s.ServletContextHandler@3e81d1d7{/stages/stage/json,null,AVAILABLE,@Spark}
25/01/01 11:48:16 INFO ContextHandler: Started o.s.j.s.ServletContextHandler@2ac7400b{/stages/pool,null,AVAILABLE,@Spark}
25/01/01 11:48:16 INFO ContextHandler: Started o.s.j.s.ServletContextHandler@1235b3bd{/stages/pool/json,null,AVAILABLE,@Spark}
25/01/01 11:48:16 INFO ContextHandler: Started o.s.j.s.ServletContextHandler@558ecc4{/storage,null,AVAILABLE,@Spark}
25/01/01 11:48:16 INFO ContextHandler: Started o.s.j.s.ServletContextHandler@4ebb50bf{/storage/json,null,AVAILABLE,@Spark}
25/01/01 11:48:16 INFO ContextHandler: Started o.s.j.s.ServletContextHandler@602faadd{/storage/rdd,null,AVAILABLE,@Spark}
25/01/01 11:48:16 INFO ContextHandler: Started o.s.j.s.ServletContextHandler@6056b461{/storage/rdd/json,null,AVAILABLE,@Spark}
25/01/01 11:48:16 INFO ContextHandler: Started o.s.j.s.ServletContextHandler@45bd0bd4{/environment,null,AVAILABLE,@Spark}
25/01/01 11:48:16 INFO ContextHandler: Started o.s.j.s.ServletContextHandler@513afa5{/environment/json,null,AVAILABLE,@Spark}
25/01/01 11:48:16 INFO ContextHandler: Started o.s.j.s.ServletContextHandler@39cf4d83{/executors,null,AVAILABLE,@Spark}
25/01/01 11:48:16 INFO ContextHandler: Started o.s.j.s.ServletContextHandler@6e26f130{/executors/json,null,AVAILABLE,@Spark}
25/01/01 11:48:16 INFO ContextHandler: Started o.s.j.s.ServletContextHandler@31e0d9f9{/executors/threadDump,null,AVAILABLE,@Spark}
25/01/01 11:48:16 INFO ContextHandler: Started o.s.j.s.ServletContextHandler@1e86a964{/executors/threadDump/json,null,AVAILABLE,@Spark}
25/01/01 11:48:16 INFO ContextHandler: Started o.s.j.s.ServletContextHandler@5a664bc5{/executors/heapHistogram,null,AVAILABLE,@Spark}
25/01/01 11:48:16 INFO ContextHandler: Started o.s.j.s.ServletContextHandler@354a3edd{/executors/heapHistogram/json,null,AVAILABLE,@Spark}
25/01/01 11:48:16 INFO ContextHandler: Started o.s.j.s.ServletContextHandler@43be24c5{/static,null,AVAILABLE,@Spark}
25/01/01 11:48:16 INFO ContextHandler: Started o.s.j.s.ServletContextHandler@6c393ca8{/,null,AVAILABLE,@Spark}
25/01/01 11:48:16 INFO ContextHandler: Started o.s.j.s.ServletContextHandler@7cd1a9f6{/api,null,AVAILABLE,@Spark}
25/01/01 11:48:16 INFO ContextHandler: Started o.s.j.s.ServletContextHandler@79fc9b0e{/jobs/job/kill,null,AVAILABLE,@Spark}
25/01/01 11:48:16 INFO ContextHandler: Started o.s.j.s.ServletContextHandler@6402a166{/stages/stage/kill,null,AVAILABLE,@Spark}
25/01/01 11:48:16 INFO ContextHandler: Started o.s.j.s.ServletContextHandler@60163567{/metrics/json,null,AVAILABLE,@Spark}
25/01/01 11:48:16 INFO SharedState: Setting hive.metastore.warehouse.dir ('null') to the value of spark.sql.warehouse.dir.
25/01/01 11:48:16 INFO SharedState: Warehouse path is 'file:/home/bidut/Desktop/dev/pyspark_learn/Course01Learn/18-OuterJoinDemo/spark-warehouse'.
25/01/01 11:48:16 INFO ContextHandler: Started o.s.j.s.ServletContextHandler@237ac5d2{/SQL,null,AVAILABLE,@Spark}
25/01/01 11:48:16 INFO ContextHandler: Started o.s.j.s.ServletContextHandler@347f3ff2{/SQL/json,null,AVAILABLE,@Spark}
25/01/01 11:48:16 INFO ContextHandler: Started o.s.j.s.ServletContextHandler@4d51f79{/SQL/execution,null,AVAILABLE,@Spark}
25/01/01 11:48:16 INFO ContextHandler: Started o.s.j.s.ServletContextHandler@1fae97f6{/SQL/execution/json,null,AVAILABLE,@Spark}
25/01/01 11:48:16 INFO ContextHandler: Started o.s.j.s.ServletContextHandler@dfd9cc1{/static/sql,null,AVAILABLE,@Spark}
25/01/01 11:48:19 INFO CodeGenerator: Code generated in 138.388031 ms
25/01/01 11:48:19 INFO SparkContext: Starting job: showString at NativeMethodAccessorImpl.java:0
25/01/01 11:48:19 INFO DAGScheduler: Got job 0 (showString at NativeMethodAccessorImpl.java:0) with 1 output partitions
25/01/01 11:48:19 INFO DAGScheduler: Final stage: ResultStage 0 (showString at NativeMethodAccessorImpl.java:0)
25/01/01 11:48:19 INFO DAGScheduler: Parents of final stage: List()
25/01/01 11:48:19 INFO DAGScheduler: Missing parents: List()
25/01/01 11:48:19 INFO DAGScheduler: Submitting ResultStage 0 (MapPartitionsRDD[11] at showString at NativeMethodAccessorImpl.java:0), which has no missing parents
25/01/01 11:48:19 INFO MemoryStore: Block broadcast_0 stored as values in memory (estimated size 13.4 KiB, free 434.4 MiB)
25/01/01 11:48:19 INFO MemoryStore: Block broadcast_0_piece0 stored as bytes in memory (estimated size 6.8 KiB, free 434.4 MiB)
25/01/01 11:48:19 INFO BlockManagerInfo: Added broadcast_0_piece0 in memory on 192.168.29.182:38557 (size: 6.8 KiB, free: 434.4 MiB)
25/01/01 11:48:19 INFO SparkContext: Created broadcast 0 from broadcast at DAGScheduler.scala:1585
25/01/01 11:48:19 INFO DAGScheduler: Submitting 1 missing tasks from ResultStage 0 (MapPartitionsRDD[11] at showString at NativeMethodAccessorImpl.java:0) (first 15 tasks are for partitions Vector(0))
25/01/01 11:48:19 INFO TaskSchedulerImpl: Adding task set 0.0 with 1 tasks resource profile 0
25/01/01 11:48:19 INFO TaskSetManager: Starting task 0.0 in stage 0.0 (TID 0) (192.168.29.182, executor driver, partition 0, PROCESS_LOCAL, 9061 bytes) 
25/01/01 11:48:19 INFO Executor: Running task 0.0 in stage 0.0 (TID 0)
25/01/01 11:48:20 INFO CodeGenerator: Code generated in 18.658748 ms
25/01/01 11:48:20 INFO PythonRunner: Times: total = 668, boot = 610, init = 58, finish = 0
25/01/01 11:48:20 INFO Executor: Finished task 0.0 in stage 0.0 (TID 0). 1988 bytes result sent to driver
25/01/01 11:48:20 INFO TaskSetManager: Finished task 0.0 in stage 0.0 (TID 0) in 840 ms on 192.168.29.182 (executor driver) (1/1)
25/01/01 11:48:20 INFO TaskSchedulerImpl: Removed TaskSet 0.0, whose tasks have all completed, from pool 
25/01/01 11:48:20 INFO PythonAccumulatorV2: Connected to AccumulatorServer at host: 127.0.0.1 port: 51671
25/01/01 11:48:20 INFO DAGScheduler: ResultStage 0 (showString at NativeMethodAccessorImpl.java:0) finished in 1.043 s
25/01/01 11:48:20 INFO DAGScheduler: Job 0 is finished. Cancelling potential speculative or zombie tasks for this job
25/01/01 11:48:20 INFO TaskSchedulerImpl: Killing all running tasks in stage 0: Stage finished
25/01/01 11:48:20 INFO DAGScheduler: Job 0 finished: showString at NativeMethodAccessorImpl.java:0, took 1.087399 s
25/01/01 11:48:20 INFO SparkContext: Starting job: showString at NativeMethodAccessorImpl.java:0
25/01/01 11:48:20 INFO DAGScheduler: Got job 1 (showString at NativeMethodAccessorImpl.java:0) with 2 output partitions
25/01/01 11:48:20 INFO DAGScheduler: Final stage: ResultStage 1 (showString at NativeMethodAccessorImpl.java:0)
25/01/01 11:48:20 INFO DAGScheduler: Parents of final stage: List()
25/01/01 11:48:20 INFO DAGScheduler: Missing parents: List()
25/01/01 11:48:20 INFO DAGScheduler: Submitting ResultStage 1 (MapPartitionsRDD[11] at showString at NativeMethodAccessorImpl.java:0), which has no missing parents
25/01/01 11:48:20 INFO MemoryStore: Block broadcast_1 stored as values in memory (estimated size 13.4 KiB, free 434.4 MiB)
25/01/01 11:48:20 INFO MemoryStore: Block broadcast_1_piece0 stored as bytes in memory (estimated size 6.8 KiB, free 434.4 MiB)
25/01/01 11:48:20 INFO BlockManagerInfo: Added broadcast_1_piece0 in memory on 192.168.29.182:38557 (size: 6.8 KiB, free: 434.4 MiB)
25/01/01 11:48:20 INFO SparkContext: Created broadcast 1 from broadcast at DAGScheduler.scala:1585
25/01/01 11:48:20 INFO DAGScheduler: Submitting 2 missing tasks from ResultStage 1 (MapPartitionsRDD[11] at showString at NativeMethodAccessorImpl.java:0) (first 15 tasks are for partitions Vector(1, 2))
25/01/01 11:48:20 INFO TaskSchedulerImpl: Adding task set 1.0 with 2 tasks resource profile 0
25/01/01 11:48:20 INFO TaskSetManager: Starting task 0.0 in stage 1.0 (TID 1) (192.168.29.182, executor driver, partition 1, PROCESS_LOCAL, 9068 bytes) 
25/01/01 11:48:20 INFO TaskSetManager: Starting task 1.0 in stage 1.0 (TID 2) (192.168.29.182, executor driver, partition 2, PROCESS_LOCAL, 9168 bytes) 
25/01/01 11:48:20 INFO Executor: Running task 0.0 in stage 1.0 (TID 1)
25/01/01 11:48:20 INFO Executor: Running task 1.0 in stage 1.0 (TID 2)
25/01/01 11:48:20 INFO PythonRunner: Times: total = 47, boot = -116, init = 163, finish = 0
25/01/01 11:48:20 INFO PythonRunner: Times: total = 53, boot = 7, init = 46, finish = 0
25/01/01 11:48:20 INFO Executor: Finished task 0.0 in stage 1.0 (TID 1). 2012 bytes result sent to driver
25/01/01 11:48:20 INFO TaskSetManager: Finished task 0.0 in stage 1.0 (TID 1) in 84 ms on 192.168.29.182 (executor driver) (1/2)
25/01/01 11:48:20 INFO Executor: Finished task 1.0 in stage 1.0 (TID 2). 2091 bytes result sent to driver
25/01/01 11:48:20 INFO TaskSetManager: Finished task 1.0 in stage 1.0 (TID 2) in 89 ms on 192.168.29.182 (executor driver) (2/2)
25/01/01 11:48:20 INFO TaskSchedulerImpl: Removed TaskSet 1.0, whose tasks have all completed, from pool 
25/01/01 11:48:20 INFO DAGScheduler: ResultStage 1 (showString at NativeMethodAccessorImpl.java:0) finished in 0.106 s
25/01/01 11:48:20 INFO DAGScheduler: Job 1 is finished. Cancelling potential speculative or zombie tasks for this job
25/01/01 11:48:20 INFO TaskSchedulerImpl: Killing all running tasks in stage 1: Stage finished
25/01/01 11:48:20 INFO DAGScheduler: Job 1 finished: showString at NativeMethodAccessorImpl.java:0, took 0.117637 s
25/01/01 11:48:21 INFO BlockManagerInfo: Removed broadcast_0_piece0 on 192.168.29.182:38557 in memory (size: 6.8 KiB, free: 434.4 MiB)
25/01/01 11:48:21 INFO BlockManagerInfo: Removed broadcast_1_piece0 on 192.168.29.182:38557 in memory (size: 6.8 KiB, free: 434.4 MiB)
25/01/01 11:48:22 INFO CodeGenerator: Code generated in 25.912283 ms
25/01/01 11:48:22 INFO SparkContext: Starting job: showString at NativeMethodAccessorImpl.java:0
25/01/01 11:48:22 INFO DAGScheduler: Got job 2 (showString at NativeMethodAccessorImpl.java:0) with 1 output partitions
25/01/01 11:48:22 INFO DAGScheduler: Final stage: ResultStage 2 (showString at NativeMethodAccessorImpl.java:0)
25/01/01 11:48:22 INFO DAGScheduler: Parents of final stage: List()
25/01/01 11:48:22 INFO DAGScheduler: Missing parents: List()
25/01/01 11:48:22 INFO DAGScheduler: Submitting ResultStage 2 (MapPartitionsRDD[13] at showString at NativeMethodAccessorImpl.java:0), which has no missing parents
25/01/01 11:48:22 INFO MemoryStore: Block broadcast_2 stored as values in memory (estimated size 13.4 KiB, free 434.4 MiB)
25/01/01 11:48:22 INFO MemoryStore: Block broadcast_2_piece0 stored as bytes in memory (estimated size 6.8 KiB, free 434.4 MiB)
25/01/01 11:48:22 INFO BlockManagerInfo: Added broadcast_2_piece0 in memory on 192.168.29.182:38557 (size: 6.8 KiB, free: 434.4 MiB)
25/01/01 11:48:22 INFO SparkContext: Created broadcast 2 from broadcast at DAGScheduler.scala:1585
25/01/01 11:48:22 INFO DAGScheduler: Submitting 1 missing tasks from ResultStage 2 (MapPartitionsRDD[13] at showString at NativeMethodAccessorImpl.java:0) (first 15 tasks are for partitions Vector(0))
25/01/01 11:48:22 INFO TaskSchedulerImpl: Adding task set 2.0 with 1 tasks resource profile 0
25/01/01 11:48:22 INFO TaskSetManager: Starting task 0.0 in stage 2.0 (TID 3) (192.168.29.182, executor driver, partition 0, PROCESS_LOCAL, 9053 bytes) 
25/01/01 11:48:22 INFO Executor: Running task 0.0 in stage 2.0 (TID 3)
25/01/01 11:48:22 INFO PythonRunner: Times: total = 43, boot = -1275, init = 1318, finish = 0
25/01/01 11:48:22 INFO Executor: Finished task 0.0 in stage 2.0 (TID 3). 1935 bytes result sent to driver
25/01/01 11:48:22 INFO TaskSetManager: Finished task 0.0 in stage 2.0 (TID 3) in 67 ms on 192.168.29.182 (executor driver) (1/1)
25/01/01 11:48:22 INFO TaskSchedulerImpl: Removed TaskSet 2.0, whose tasks have all completed, from pool 
25/01/01 11:48:22 INFO DAGScheduler: ResultStage 2 (showString at NativeMethodAccessorImpl.java:0) finished in 0.085 s
25/01/01 11:48:22 INFO DAGScheduler: Job 2 is finished. Cancelling potential speculative or zombie tasks for this job
25/01/01 11:48:22 INFO TaskSchedulerImpl: Killing all running tasks in stage 2: Stage finished
25/01/01 11:48:22 INFO DAGScheduler: Job 2 finished: showString at NativeMethodAccessorImpl.java:0, took 0.093858 s
25/01/01 11:48:22 INFO SparkContext: Starting job: showString at NativeMethodAccessorImpl.java:0
25/01/01 11:48:22 INFO DAGScheduler: Got job 3 (showString at NativeMethodAccessorImpl.java:0) with 2 output partitions
25/01/01 11:48:22 INFO DAGScheduler: Final stage: ResultStage 3 (showString at NativeMethodAccessorImpl.java:0)
25/01/01 11:48:22 INFO DAGScheduler: Parents of final stage: List()
25/01/01 11:48:22 INFO DAGScheduler: Missing parents: List()
25/01/01 11:48:22 INFO DAGScheduler: Submitting ResultStage 3 (MapPartitionsRDD[13] at showString at NativeMethodAccessorImpl.java:0), which has no missing parents
25/01/01 11:48:22 INFO MemoryStore: Block broadcast_3 stored as values in memory (estimated size 13.4 KiB, free 434.4 MiB)
25/01/01 11:48:22 INFO MemoryStore: Block broadcast_3_piece0 stored as bytes in memory (estimated size 6.8 KiB, free 434.4 MiB)
25/01/01 11:48:22 INFO BlockManagerInfo: Added broadcast_3_piece0 in memory on 192.168.29.182:38557 (size: 6.8 KiB, free: 434.4 MiB)
25/01/01 11:48:22 INFO SparkContext: Created broadcast 3 from broadcast at DAGScheduler.scala:1585
25/01/01 11:48:22 INFO DAGScheduler: Submitting 2 missing tasks from ResultStage 3 (MapPartitionsRDD[13] at showString at NativeMethodAccessorImpl.java:0) (first 15 tasks are for partitions Vector(1, 2))
25/01/01 11:48:22 INFO TaskSchedulerImpl: Adding task set 3.0 with 2 tasks resource profile 0
25/01/01 11:48:22 INFO TaskSetManager: Starting task 0.0 in stage 3.0 (TID 4) (192.168.29.182, executor driver, partition 1, PROCESS_LOCAL, 9051 bytes) 
25/01/01 11:48:22 INFO TaskSetManager: Starting task 1.0 in stage 3.0 (TID 5) (192.168.29.182, executor driver, partition 2, PROCESS_LOCAL, 9056 bytes) 
25/01/01 11:48:22 INFO Executor: Running task 0.0 in stage 3.0 (TID 4)
25/01/01 11:48:22 INFO Executor: Running task 1.0 in stage 3.0 (TID 5)
25/01/01 11:48:22 INFO PythonRunner: Times: total = 45, boot = -49, init = 94, finish = 0
25/01/01 11:48:22 INFO PythonRunner: Times: total = 50, boot = -1371, init = 1421, finish = 0
25/01/01 11:48:22 INFO Executor: Finished task 1.0 in stage 3.0 (TID 5). 1996 bytes result sent to driver
25/01/01 11:48:22 INFO Executor: Finished task 0.0 in stage 3.0 (TID 4). 2022 bytes result sent to driver
25/01/01 11:48:22 INFO BlockManagerInfo: Removed broadcast_2_piece0 on 192.168.29.182:38557 in memory (size: 6.8 KiB, free: 434.4 MiB)
25/01/01 11:48:22 INFO TaskSetManager: Finished task 0.0 in stage 3.0 (TID 4) in 90 ms on 192.168.29.182 (executor driver) (1/2)
25/01/01 11:48:22 INFO TaskSetManager: Finished task 1.0 in stage 3.0 (TID 5) in 90 ms on 192.168.29.182 (executor driver) (2/2)
25/01/01 11:48:22 INFO TaskSchedulerImpl: Removed TaskSet 3.0, whose tasks have all completed, from pool 
25/01/01 11:48:22 INFO DAGScheduler: ResultStage 3 (showString at NativeMethodAccessorImpl.java:0) finished in 0.107 s
25/01/01 11:48:22 INFO DAGScheduler: Job 3 is finished. Cancelling potential speculative or zombie tasks for this job
25/01/01 11:48:22 INFO TaskSchedulerImpl: Killing all running tasks in stage 3: Stage finished
25/01/01 11:48:22 INFO DAGScheduler: Job 3 finished: showString at NativeMethodAccessorImpl.java:0, took 0.118294 s
25/01/01 11:48:22 INFO CodeGenerator: Code generated in 10.846822 ms
25/01/01 11:48:22 INFO DAGScheduler: Registering RDD 15 (showString at NativeMethodAccessorImpl.java:0) as input to shuffle 0
25/01/01 11:48:22 INFO DAGScheduler: Got map stage job 4 (showString at NativeMethodAccessorImpl.java:0) with 3 output partitions
25/01/01 11:48:22 INFO DAGScheduler: Final stage: ShuffleMapStage 4 (showString at NativeMethodAccessorImpl.java:0)
25/01/01 11:48:22 INFO DAGScheduler: Parents of final stage: List()
25/01/01 11:48:22 INFO DAGScheduler: Missing parents: List()
25/01/01 11:48:22 INFO DAGScheduler: Submitting ShuffleMapStage 4 (MapPartitionsRDD[15] at showString at NativeMethodAccessorImpl.java:0), which has no missing parents
25/01/01 11:48:22 INFO CodeGenerator: Code generated in 12.174178 ms
25/01/01 11:48:22 INFO MemoryStore: Block broadcast_4 stored as values in memory (estimated size 15.9 KiB, free 434.4 MiB)
25/01/01 11:48:22 INFO MemoryStore: Block broadcast_4_piece0 stored as bytes in memory (estimated size 8.2 KiB, free 434.4 MiB)
25/01/01 11:48:22 INFO BlockManagerInfo: Added broadcast_4_piece0 in memory on 192.168.29.182:38557 (size: 8.2 KiB, free: 434.4 MiB)
25/01/01 11:48:22 INFO SparkContext: Created broadcast 4 from broadcast at DAGScheduler.scala:1585
25/01/01 11:48:22 INFO DAGScheduler: Submitting 3 missing tasks from ShuffleMapStage 4 (MapPartitionsRDD[15] at showString at NativeMethodAccessorImpl.java:0) (first 15 tasks are for partitions Vector(0, 1, 2))
25/01/01 11:48:22 INFO TaskSchedulerImpl: Adding task set 4.0 with 3 tasks resource profile 0
25/01/01 11:48:22 INFO DAGScheduler: Registering RDD 17 (showString at NativeMethodAccessorImpl.java:0) as input to shuffle 1
25/01/01 11:48:22 INFO DAGScheduler: Got map stage job 5 (showString at NativeMethodAccessorImpl.java:0) with 3 output partitions
25/01/01 11:48:22 INFO TaskSetManager: Starting task 0.0 in stage 4.0 (TID 6) (192.168.29.182, executor driver, partition 0, PROCESS_LOCAL, 9042 bytes) 
25/01/01 11:48:22 INFO DAGScheduler: Final stage: ShuffleMapStage 5 (showString at NativeMethodAccessorImpl.java:0)
25/01/01 11:48:22 INFO DAGScheduler: Parents of final stage: List()
25/01/01 11:48:22 INFO DAGScheduler: Missing parents: List()
25/01/01 11:48:22 INFO TaskSetManager: Starting task 1.0 in stage 4.0 (TID 7) (192.168.29.182, executor driver, partition 1, PROCESS_LOCAL, 9040 bytes) 
25/01/01 11:48:22 INFO DAGScheduler: Submitting ShuffleMapStage 5 (MapPartitionsRDD[17] at showString at NativeMethodAccessorImpl.java:0), which has no missing parents
25/01/01 11:48:22 INFO TaskSetManager: Starting task 2.0 in stage 4.0 (TID 8) (192.168.29.182, executor driver, partition 2, PROCESS_LOCAL, 9045 bytes) 
25/01/01 11:48:22 INFO Executor: Running task 1.0 in stage 4.0 (TID 7)
25/01/01 11:48:22 INFO Executor: Running task 0.0 in stage 4.0 (TID 6)
25/01/01 11:48:22 INFO Executor: Running task 2.0 in stage 4.0 (TID 8)
25/01/01 11:48:22 INFO MemoryStore: Block broadcast_5 stored as values in memory (estimated size 16.0 KiB, free 434.3 MiB)
25/01/01 11:48:22 INFO MemoryStore: Block broadcast_5_piece0 stored as bytes in memory (estimated size 8.2 KiB, free 434.3 MiB)
25/01/01 11:48:22 INFO BlockManagerInfo: Added broadcast_5_piece0 in memory on 192.168.29.182:38557 (size: 8.2 KiB, free: 434.4 MiB)
25/01/01 11:48:22 INFO SparkContext: Created broadcast 5 from broadcast at DAGScheduler.scala:1585
25/01/01 11:48:22 INFO DAGScheduler: Submitting 3 missing tasks from ShuffleMapStage 5 (MapPartitionsRDD[17] at showString at NativeMethodAccessorImpl.java:0) (first 15 tasks are for partitions Vector(0, 1, 2))
25/01/01 11:48:22 INFO TaskSchedulerImpl: Adding task set 5.0 with 3 tasks resource profile 0
25/01/01 11:48:22 INFO CodeGenerator: Code generated in 13.227413 ms
25/01/01 11:48:22 INFO CodeGenerator: Code generated in 9.645171 ms
25/01/01 11:48:23 INFO BlockManagerInfo: Removed broadcast_3_piece0 on 192.168.29.182:38557 in memory (size: 6.8 KiB, free: 434.4 MiB)
25/01/01 11:48:23 INFO PythonRunner: Times: total = 52, boot = 7, init = 44, finish = 1
25/01/01 11:48:23 INFO PythonRunner: Times: total = 43, boot = -631, init = 674, finish = 0
25/01/01 11:48:23 INFO PythonRunner: Times: total = 43, boot = -629, init = 672, finish = 0
25/01/01 11:48:23 INFO Executor: Finished task 2.0 in stage 4.0 (TID 8). 2425 bytes result sent to driver
25/01/01 11:48:23 INFO Executor: Finished task 1.0 in stage 4.0 (TID 7). 2425 bytes result sent to driver
25/01/01 11:48:23 INFO Executor: Finished task 0.0 in stage 4.0 (TID 6). 2425 bytes result sent to driver
25/01/01 11:48:23 INFO TaskSetManager: Starting task 0.0 in stage 5.0 (TID 9) (192.168.29.182, executor driver, partition 0, PROCESS_LOCAL, 9050 bytes) 
25/01/01 11:48:23 INFO Executor: Running task 0.0 in stage 5.0 (TID 9)
25/01/01 11:48:23 INFO TaskSetManager: Starting task 1.0 in stage 5.0 (TID 10) (192.168.29.182, executor driver, partition 1, PROCESS_LOCAL, 9057 bytes) 
25/01/01 11:48:23 INFO TaskSetManager: Finished task 2.0 in stage 4.0 (TID 8) in 161 ms on 192.168.29.182 (executor driver) (1/3)
25/01/01 11:48:23 INFO Executor: Running task 1.0 in stage 5.0 (TID 10)
25/01/01 11:48:23 INFO TaskSetManager: Finished task 1.0 in stage 4.0 (TID 7) in 164 ms on 192.168.29.182 (executor driver) (2/3)
25/01/01 11:48:23 INFO TaskSetManager: Starting task 2.0 in stage 5.0 (TID 11) (192.168.29.182, executor driver, partition 2, PROCESS_LOCAL, 9157 bytes) 
25/01/01 11:48:23 INFO TaskSetManager: Finished task 0.0 in stage 4.0 (TID 6) in 171 ms on 192.168.29.182 (executor driver) (3/3)
25/01/01 11:48:23 INFO Executor: Running task 2.0 in stage 5.0 (TID 11)
25/01/01 11:48:23 INFO TaskSchedulerImpl: Removed TaskSet 4.0, whose tasks have all completed, from pool 
25/01/01 11:48:23 INFO DAGScheduler: ShuffleMapStage 4 (showString at NativeMethodAccessorImpl.java:0) finished in 0.200 s
25/01/01 11:48:23 INFO DAGScheduler: looking for newly runnable stages
25/01/01 11:48:23 INFO DAGScheduler: running: Set(ShuffleMapStage 5)
25/01/01 11:48:23 INFO DAGScheduler: waiting: Set()
25/01/01 11:48:23 INFO DAGScheduler: failed: Set()
25/01/01 11:48:23 INFO CodeGenerator: Code generated in 16.980746 ms
25/01/01 11:48:23 INFO CodeGenerator: Code generated in 14.057025 ms
25/01/01 11:48:23 INFO PythonRunner: Times: total = 42, boot = -61, init = 103, finish = 0
25/01/01 11:48:23 INFO PythonRunner: Times: total = 44, boot = -65, init = 109, finish = 0
25/01/01 11:48:23 INFO Executor: Finished task 0.0 in stage 5.0 (TID 9). 2395 bytes result sent to driver
25/01/01 11:48:23 INFO TaskSetManager: Finished task 0.0 in stage 5.0 (TID 9) in 69 ms on 192.168.29.182 (executor driver) (1/3)
25/01/01 11:48:23 INFO Executor: Finished task 1.0 in stage 5.0 (TID 10). 2395 bytes result sent to driver
25/01/01 11:48:23 INFO TaskSetManager: Finished task 1.0 in stage 5.0 (TID 10) in 70 ms on 192.168.29.182 (executor driver) (2/3)
25/01/01 11:48:23 INFO PythonRunner: Times: total = 45, boot = -56, init = 101, finish = 0
25/01/01 11:48:23 INFO Executor: Finished task 2.0 in stage 5.0 (TID 11). 2395 bytes result sent to driver
25/01/01 11:48:23 INFO TaskSetManager: Finished task 2.0 in stage 5.0 (TID 11) in 75 ms on 192.168.29.182 (executor driver) (3/3)
25/01/01 11:48:23 INFO TaskSchedulerImpl: Removed TaskSet 5.0, whose tasks have all completed, from pool 
25/01/01 11:48:23 INFO DAGScheduler: ShuffleMapStage 5 (showString at NativeMethodAccessorImpl.java:0) finished in 0.238 s
25/01/01 11:48:23 INFO DAGScheduler: looking for newly runnable stages
25/01/01 11:48:23 INFO DAGScheduler: running: Set()
25/01/01 11:48:23 INFO DAGScheduler: waiting: Set()
25/01/01 11:48:23 INFO DAGScheduler: failed: Set()
25/01/01 11:48:23 INFO ShufflePartitionsUtil: For shuffle(1), advisory target size: 67108864, actual target size 1048576, minimum partition size: 1048576
25/01/01 11:48:23 INFO SparkContext: Starting job: $anonfun$withThreadLocalCaptured$1 at FutureTask.java:264
25/01/01 11:48:23 INFO DAGScheduler: Got job 6 ($anonfun$withThreadLocalCaptured$1 at FutureTask.java:264) with 1 output partitions
25/01/01 11:48:23 INFO DAGScheduler: Final stage: ResultStage 7 ($anonfun$withThreadLocalCaptured$1 at FutureTask.java:264)
25/01/01 11:48:23 INFO DAGScheduler: Parents of final stage: List(ShuffleMapStage 6)
25/01/01 11:48:23 INFO DAGScheduler: Missing parents: List()
25/01/01 11:48:23 INFO DAGScheduler: Submitting ResultStage 7 (MapPartitionsRDD[19] at $anonfun$withThreadLocalCaptured$1 at FutureTask.java:264), which has no missing parents
25/01/01 11:48:23 INFO MemoryStore: Block broadcast_6 stored as values in memory (estimated size 8.2 KiB, free 434.3 MiB)
25/01/01 11:48:23 INFO MemoryStore: Block broadcast_6_piece0 stored as bytes in memory (estimated size 4.2 KiB, free 434.3 MiB)
25/01/01 11:48:23 INFO BlockManagerInfo: Added broadcast_6_piece0 in memory on 192.168.29.182:38557 (size: 4.2 KiB, free: 434.4 MiB)
25/01/01 11:48:23 INFO SparkContext: Created broadcast 6 from broadcast at DAGScheduler.scala:1585
25/01/01 11:48:23 INFO DAGScheduler: Submitting 1 missing tasks from ResultStage 7 (MapPartitionsRDD[19] at $anonfun$withThreadLocalCaptured$1 at FutureTask.java:264) (first 15 tasks are for partitions Vector(0))
25/01/01 11:48:23 INFO TaskSchedulerImpl: Adding task set 7.0 with 1 tasks resource profile 0
25/01/01 11:48:23 INFO TaskSetManager: Starting task 0.0 in stage 7.0 (TID 12) (192.168.29.182, executor driver, partition 0, NODE_LOCAL, 9015 bytes) 
25/01/01 11:48:23 INFO Executor: Running task 0.0 in stage 7.0 (TID 12)
25/01/01 11:48:23 INFO ShuffleBlockFetcherIterator: Getting 3 (821.0 B) non-empty blocks including 3 (821.0 B) local and 0 (0.0 B) host-local and 0 (0.0 B) push-merged-local and 0 (0.0 B) remote blocks
25/01/01 11:48:23 INFO ShuffleBlockFetcherIterator: Started 0 remote fetches in 9 ms
25/01/01 11:48:23 INFO BlockManagerInfo: Removed broadcast_4_piece0 on 192.168.29.182:38557 in memory (size: 8.2 KiB, free: 434.4 MiB)
25/01/01 11:48:23 INFO Executor: Finished task 0.0 in stage 7.0 (TID 12). 4034 bytes result sent to driver
25/01/01 11:48:23 INFO TaskSetManager: Finished task 0.0 in stage 7.0 (TID 12) in 66 ms on 192.168.29.182 (executor driver) (1/1)
25/01/01 11:48:23 INFO TaskSchedulerImpl: Removed TaskSet 7.0, whose tasks have all completed, from pool 
25/01/01 11:48:23 INFO DAGScheduler: ResultStage 7 ($anonfun$withThreadLocalCaptured$1 at FutureTask.java:264) finished in 0.080 s
25/01/01 11:48:23 INFO BlockManagerInfo: Removed broadcast_5_piece0 on 192.168.29.182:38557 in memory (size: 8.2 KiB, free: 434.4 MiB)
25/01/01 11:48:23 INFO DAGScheduler: Job 6 is finished. Cancelling potential speculative or zombie tasks for this job
25/01/01 11:48:23 INFO TaskSchedulerImpl: Killing all running tasks in stage 7: Stage finished
25/01/01 11:48:23 INFO DAGScheduler: Job 6 finished: $anonfun$withThreadLocalCaptured$1 at FutureTask.java:264, took 0.092767 s
25/01/01 11:48:23 INFO CodeGenerator: Code generated in 8.069767 ms
25/01/01 11:48:23 INFO MemoryStore: Block broadcast_7 stored as values in memory (estimated size 8.0 MiB, free 426.4 MiB)
25/01/01 11:48:23 INFO MemoryStore: Block broadcast_7_piece0 stored as bytes in memory (estimated size 477.0 B, free 426.4 MiB)
25/01/01 11:48:23 INFO BlockManagerInfo: Removed broadcast_6_piece0 on 192.168.29.182:38557 in memory (size: 4.2 KiB, free: 434.4 MiB)
25/01/01 11:48:23 INFO BlockManagerInfo: Added broadcast_7_piece0 in memory on 192.168.29.182:38557 (size: 477.0 B, free: 434.4 MiB)
25/01/01 11:48:23 INFO SparkContext: Created broadcast 7 from $anonfun$withThreadLocalCaptured$1 at FutureTask.java:264
25/01/01 11:48:23 INFO ShufflePartitionsUtil: For shuffle(0), advisory target size: 67108864, actual target size 1048576, minimum partition size: 1048576
25/01/01 11:48:23 INFO CodeGenerator: Code generated in 11.181574 ms
25/01/01 11:48:23 INFO CodeGenerator: Code generated in 11.787492 ms
25/01/01 11:48:23 INFO SparkContext: Starting job: showString at NativeMethodAccessorImpl.java:0
25/01/01 11:48:23 INFO DAGScheduler: Got job 7 (showString at NativeMethodAccessorImpl.java:0) with 1 output partitions
25/01/01 11:48:23 INFO DAGScheduler: Final stage: ResultStage 9 (showString at NativeMethodAccessorImpl.java:0)
25/01/01 11:48:23 INFO DAGScheduler: Parents of final stage: List(ShuffleMapStage 8)
25/01/01 11:48:23 INFO DAGScheduler: Missing parents: List()
25/01/01 11:48:23 INFO DAGScheduler: Submitting ResultStage 9 (MapPartitionsRDD[23] at showString at NativeMethodAccessorImpl.java:0), which has no missing parents
25/01/01 11:48:23 INFO MemoryStore: Block broadcast_8 stored as values in memory (estimated size 18.1 KiB, free 426.4 MiB)
25/01/01 11:48:23 INFO MemoryStore: Block broadcast_8_piece0 stored as bytes in memory (estimated size 8.0 KiB, free 426.4 MiB)
25/01/01 11:48:23 INFO BlockManagerInfo: Added broadcast_8_piece0 in memory on 192.168.29.182:38557 (size: 8.0 KiB, free: 434.4 MiB)
25/01/01 11:48:23 INFO SparkContext: Created broadcast 8 from broadcast at DAGScheduler.scala:1585
25/01/01 11:48:23 INFO DAGScheduler: Submitting 1 missing tasks from ResultStage 9 (MapPartitionsRDD[23] at showString at NativeMethodAccessorImpl.java:0) (first 15 tasks are for partitions Vector(0))
25/01/01 11:48:23 INFO TaskSchedulerImpl: Adding task set 9.0 with 1 tasks resource profile 0
25/01/01 11:48:23 INFO TaskSetManager: Starting task 0.0 in stage 9.0 (TID 13) (192.168.29.182, executor driver, partition 0, NODE_LOCAL, 9015 bytes) 
25/01/01 11:48:23 INFO Executor: Running task 0.0 in stage 9.0 (TID 13)
25/01/01 11:48:23 INFO CodeGenerator: Code generated in 4.996908 ms
25/01/01 11:48:23 INFO ShuffleBlockFetcherIterator: Getting 3 (819.0 B) non-empty blocks including 3 (819.0 B) local and 0 (0.0 B) host-local and 0 (0.0 B) push-merged-local and 0 (0.0 B) remote blocks
25/01/01 11:48:23 INFO ShuffleBlockFetcherIterator: Started 0 remote fetches in 0 ms
25/01/01 11:48:23 INFO CodeGenerator: Code generated in 9.604709 ms
25/01/01 11:48:23 INFO Executor: Finished task 0.0 in stage 9.0 (TID 13). 4964 bytes result sent to driver
25/01/01 11:48:23 INFO TaskSetManager: Finished task 0.0 in stage 9.0 (TID 13) in 89 ms on 192.168.29.182 (executor driver) (1/1)
25/01/01 11:48:23 INFO TaskSchedulerImpl: Removed TaskSet 9.0, whose tasks have all completed, from pool 
25/01/01 11:48:23 INFO DAGScheduler: ResultStage 9 (showString at NativeMethodAccessorImpl.java:0) finished in 0.111 s
25/01/01 11:48:23 INFO DAGScheduler: Job 7 is finished. Cancelling potential speculative or zombie tasks for this job
25/01/01 11:48:23 INFO TaskSchedulerImpl: Killing all running tasks in stage 9: Stage finished
25/01/01 11:48:23 INFO DAGScheduler: Job 7 finished: showString at NativeMethodAccessorImpl.java:0, took 0.118133 s
25/01/01 11:48:23 INFO CodeGenerator: Code generated in 21.258314 ms
25/01/01 11:48:23 INFO CodeGenerator: Code generated in 7.397344 ms
25/01/01 11:48:23 INFO SparkContext: Invoking stop() from shutdown hook
25/01/01 11:48:23 INFO SparkContext: SparkContext is stopping with exitCode 0.
25/01/01 11:48:23 INFO AbstractConnector: Stopped Spark@4f6bafa7{HTTP/1.1, (http/1.1)}{0.0.0.0:4041}
25/01/01 11:48:23 INFO SparkUI: Stopped Spark web UI at http://192.168.29.182:4041
25/01/01 11:48:23 INFO MapOutputTrackerMasterEndpoint: MapOutputTrackerMasterEndpoint stopped!
25/01/01 11:48:23 INFO MemoryStore: MemoryStore cleared
25/01/01 11:48:23 INFO BlockManager: BlockManager stopped
25/01/01 11:48:23 INFO BlockManagerMaster: BlockManagerMaster stopped
25/01/01 11:48:23 INFO OutputCommitCoordinator$OutputCommitCoordinatorEndpoint: OutputCommitCoordinator stopped!
25/01/01 11:48:23 INFO SparkContext: Successfully stopped SparkContext
25/01/01 11:48:23 INFO ShutdownHookManager: Shutdown hook called
25/01/01 11:48:23 INFO ShutdownHookManager: Deleting directory /tmp/spark-ec5aa84e-104c-44f5-ad16-756a7323d6cd/pyspark-2b55a03e-1288-479b-befd-a34f15a99c90
25/01/01 11:48:23 INFO ShutdownHookManager: Deleting directory /tmp/spark-1dc546e9-179f-46db-816f-49ad6835947c
25/01/01 11:48:23 INFO ShutdownHookManager: Deleting directory /tmp/spark-ec5aa84e-104c-44f5-ad16-756a7323d6cd
