25/01/01 11:32:10 WARN Utils: Your hostname, bidut-HP-Laptop-14s-fq1xxx resolves to a loopback address: 127.0.1.1; using 192.168.29.182 instead (on interface wlo1)
25/01/01 11:32:10 WARN Utils: Set SPARK_LOCAL_IP if you need to bind to another address
25/01/01 11:32:10 INFO SparkContext: Running Spark version 3.5.4
25/01/01 11:32:10 INFO SparkContext: OS info Linux, 5.15.0-126-generic, amd64
25/01/01 11:32:10 INFO SparkContext: Java version 11.0.25
25/01/01 11:32:10 WARN NativeCodeLoader: Unable to load native-hadoop library for your platform... using builtin-java classes where applicable
25/01/01 11:32:10 INFO ResourceUtils: ==============================================================
25/01/01 11:32:10 INFO ResourceUtils: No custom resources configured for spark.driver.
25/01/01 11:32:10 INFO ResourceUtils: ==============================================================
25/01/01 11:32:10 INFO SparkContext: Submitted application: GroupingDemo
25/01/01 11:32:10 INFO ResourceProfile: Default ResourceProfile created, executor resources: Map(cores -> name: cores, amount: 1, script: , vendor: , memory -> name: memory, amount: 1024, script: , vendor: , offHeap -> name: offHeap, amount: 0, script: , vendor: ), task resources: Map(cpus -> name: cpus, amount: 1.0)
25/01/01 11:32:10 INFO ResourceProfile: Limiting resource is cpu
25/01/01 11:32:10 INFO ResourceProfileManager: Added ResourceProfile id: 0
25/01/01 11:32:10 INFO SecurityManager: Changing view acls to: bidut
25/01/01 11:32:10 INFO SecurityManager: Changing modify acls to: bidut
25/01/01 11:32:10 INFO SecurityManager: Changing view acls groups to: 
25/01/01 11:32:10 INFO SecurityManager: Changing modify acls groups to: 
25/01/01 11:32:10 INFO SecurityManager: SecurityManager: authentication disabled; ui acls disabled; users with view permissions: bidut; groups with view permissions: EMPTY; users with modify permissions: bidut; groups with modify permissions: EMPTY
25/01/01 11:32:11 INFO Utils: Successfully started service 'sparkDriver' on port 34443.
25/01/01 11:32:11 INFO SparkEnv: Registering MapOutputTracker
25/01/01 11:32:11 INFO SparkEnv: Registering BlockManagerMaster
25/01/01 11:32:11 INFO BlockManagerMasterEndpoint: Using org.apache.spark.storage.DefaultTopologyMapper for getting topology information
25/01/01 11:32:11 INFO BlockManagerMasterEndpoint: BlockManagerMasterEndpoint up
25/01/01 11:32:11 INFO SparkEnv: Registering BlockManagerMasterHeartbeat
25/01/01 11:32:11 INFO DiskBlockManager: Created local directory at /tmp/blockmgr-72936cbe-76e2-46b5-bfb7-ef767619f5e2
25/01/01 11:32:11 INFO MemoryStore: MemoryStore started with capacity 434.4 MiB
25/01/01 11:32:11 INFO SparkEnv: Registering OutputCommitCoordinator
25/01/01 11:32:11 INFO log: Logging initialized @2568ms to org.sparkproject.jetty.util.log.Slf4jLog
25/01/01 11:32:11 INFO JettyUtils: Start Jetty 0.0.0.0:4040 for SparkUI
25/01/01 11:32:11 INFO Server: jetty-9.4.56.v20240826; built: 2024-08-26T17:15:05.868Z; git: ec6782ff5ead824dabdcf47fa98f90a4aedff401; jvm 11.0.25+9-post-Ubuntu-1ubuntu120.04
25/01/01 11:32:11 INFO Server: Started @2710ms
25/01/01 11:32:11 WARN Utils: Service 'SparkUI' could not bind on port 4040. Attempting port 4041.
25/01/01 11:32:11 INFO AbstractConnector: Started ServerConnector@7f2c471d{HTTP/1.1, (http/1.1)}{0.0.0.0:4041}
25/01/01 11:32:11 INFO Utils: Successfully started service 'SparkUI' on port 4041.
25/01/01 11:32:11 INFO ContextHandler: Started o.s.j.s.ServletContextHandler@144bf6af{/,null,AVAILABLE,@Spark}
25/01/01 11:32:11 INFO Executor: Starting executor ID driver on host 192.168.29.182
25/01/01 11:32:11 INFO Executor: OS info Linux, 5.15.0-126-generic, amd64
25/01/01 11:32:11 INFO Executor: Java version 11.0.25
25/01/01 11:32:11 INFO Executor: Starting executor with user classpath (userClassPathFirst = false): ''
25/01/01 11:32:11 INFO Executor: Created or updated repl class loader org.apache.spark.util.MutableURLClassLoader@63296066 for default.
25/01/01 11:32:11 INFO Utils: Successfully started service 'org.apache.spark.network.netty.NettyBlockTransferService' on port 33857.
25/01/01 11:32:11 INFO NettyBlockTransferService: Server created on 192.168.29.182:33857
25/01/01 11:32:11 INFO BlockManager: Using org.apache.spark.storage.RandomBlockReplicationPolicy for block replication policy
25/01/01 11:32:11 INFO BlockManagerMaster: Registering BlockManager BlockManagerId(driver, 192.168.29.182, 33857, None)
25/01/01 11:32:11 INFO BlockManagerMasterEndpoint: Registering block manager 192.168.29.182:33857 with 434.4 MiB RAM, BlockManagerId(driver, 192.168.29.182, 33857, None)
25/01/01 11:32:11 INFO BlockManagerMaster: Registered BlockManager BlockManagerId(driver, 192.168.29.182, 33857, None)
25/01/01 11:32:11 INFO BlockManager: Initialized BlockManager: BlockManagerId(driver, 192.168.29.182, 33857, None)
25/01/01 11:32:11 INFO ContextHandler: Stopped o.s.j.s.ServletContextHandler@144bf6af{/,null,STOPPED,@Spark}
25/01/01 11:32:11 INFO ContextHandler: Started o.s.j.s.ServletContextHandler@19059b29{/jobs,null,AVAILABLE,@Spark}
25/01/01 11:32:11 INFO ContextHandler: Started o.s.j.s.ServletContextHandler@4f41d1ec{/jobs/json,null,AVAILABLE,@Spark}
25/01/01 11:32:11 INFO ContextHandler: Started o.s.j.s.ServletContextHandler@3a5e17ef{/jobs/job,null,AVAILABLE,@Spark}
25/01/01 11:32:11 INFO ContextHandler: Started o.s.j.s.ServletContextHandler@47a70ac8{/jobs/job/json,null,AVAILABLE,@Spark}
25/01/01 11:32:11 INFO ContextHandler: Started o.s.j.s.ServletContextHandler@7d13d2b4{/stages,null,AVAILABLE,@Spark}
25/01/01 11:32:11 INFO ContextHandler: Started o.s.j.s.ServletContextHandler@4d195b9f{/stages/json,null,AVAILABLE,@Spark}
25/01/01 11:32:11 INFO ContextHandler: Started o.s.j.s.ServletContextHandler@1dbaeccd{/stages/stage,null,AVAILABLE,@Spark}
25/01/01 11:32:11 INFO ContextHandler: Started o.s.j.s.ServletContextHandler@90b880d{/stages/stage/json,null,AVAILABLE,@Spark}
25/01/01 11:32:11 INFO ContextHandler: Started o.s.j.s.ServletContextHandler@104e28f5{/stages/pool,null,AVAILABLE,@Spark}
25/01/01 11:32:11 INFO ContextHandler: Started o.s.j.s.ServletContextHandler@514d57f5{/stages/pool/json,null,AVAILABLE,@Spark}
25/01/01 11:32:11 INFO ContextHandler: Started o.s.j.s.ServletContextHandler@29bb8917{/storage,null,AVAILABLE,@Spark}
25/01/01 11:32:11 INFO ContextHandler: Started o.s.j.s.ServletContextHandler@95e4c86{/storage/json,null,AVAILABLE,@Spark}
25/01/01 11:32:11 INFO ContextHandler: Started o.s.j.s.ServletContextHandler@2c904508{/storage/rdd,null,AVAILABLE,@Spark}
25/01/01 11:32:11 INFO ContextHandler: Started o.s.j.s.ServletContextHandler@5f700c9f{/storage/rdd/json,null,AVAILABLE,@Spark}
25/01/01 11:32:11 INFO ContextHandler: Started o.s.j.s.ServletContextHandler@1cfd36c1{/environment,null,AVAILABLE,@Spark}
25/01/01 11:32:11 INFO ContextHandler: Started o.s.j.s.ServletContextHandler@6d5e5352{/environment/json,null,AVAILABLE,@Spark}
25/01/01 11:32:11 INFO ContextHandler: Started o.s.j.s.ServletContextHandler@760929f4{/executors,null,AVAILABLE,@Spark}
25/01/01 11:32:11 INFO ContextHandler: Started o.s.j.s.ServletContextHandler@7673ee17{/executors/json,null,AVAILABLE,@Spark}
25/01/01 11:32:11 INFO ContextHandler: Started o.s.j.s.ServletContextHandler@7067d69e{/executors/threadDump,null,AVAILABLE,@Spark}
25/01/01 11:32:11 INFO ContextHandler: Started o.s.j.s.ServletContextHandler@372e77c4{/executors/threadDump/json,null,AVAILABLE,@Spark}
25/01/01 11:32:11 INFO ContextHandler: Started o.s.j.s.ServletContextHandler@46129b18{/executors/heapHistogram,null,AVAILABLE,@Spark}
25/01/01 11:32:11 INFO ContextHandler: Started o.s.j.s.ServletContextHandler@7db71ce9{/executors/heapHistogram/json,null,AVAILABLE,@Spark}
25/01/01 11:32:11 INFO ContextHandler: Started o.s.j.s.ServletContextHandler@5cae169c{/static,null,AVAILABLE,@Spark}
25/01/01 11:32:11 INFO ContextHandler: Started o.s.j.s.ServletContextHandler@5452ac78{/,null,AVAILABLE,@Spark}
25/01/01 11:32:11 INFO ContextHandler: Started o.s.j.s.ServletContextHandler@42ec8f87{/api,null,AVAILABLE,@Spark}
25/01/01 11:32:11 INFO ContextHandler: Started o.s.j.s.ServletContextHandler@716a724c{/jobs/job/kill,null,AVAILABLE,@Spark}
25/01/01 11:32:11 INFO ContextHandler: Started o.s.j.s.ServletContextHandler@3899aa99{/stages/stage/kill,null,AVAILABLE,@Spark}
25/01/01 11:32:11 INFO ContextHandler: Started o.s.j.s.ServletContextHandler@37500cb5{/metrics/json,null,AVAILABLE,@Spark}
25/01/01 11:32:12 INFO SharedState: Setting hive.metastore.warehouse.dir ('null') to the value of spark.sql.warehouse.dir.
25/01/01 11:32:12 INFO SharedState: Warehouse path is 'file:/home/bidut/Desktop/dev/pyspark_learn/Course01Learn/16-RankingDemo/spark-warehouse'.
25/01/01 11:32:12 INFO ContextHandler: Started o.s.j.s.ServletContextHandler@566dc509{/SQL,null,AVAILABLE,@Spark}
25/01/01 11:32:12 INFO ContextHandler: Started o.s.j.s.ServletContextHandler@13734322{/SQL/json,null,AVAILABLE,@Spark}
25/01/01 11:32:12 INFO ContextHandler: Started o.s.j.s.ServletContextHandler@1729c402{/SQL/execution,null,AVAILABLE,@Spark}
25/01/01 11:32:12 INFO ContextHandler: Started o.s.j.s.ServletContextHandler@7f4356a7{/SQL/execution/json,null,AVAILABLE,@Spark}
25/01/01 11:32:12 INFO ContextHandler: Started o.s.j.s.ServletContextHandler@6c8ec518{/static/sql,null,AVAILABLE,@Spark}
25/01/01 11:32:13 INFO SparkContext: Invoking stop() from shutdown hook
25/01/01 11:32:13 INFO SparkContext: SparkContext is stopping with exitCode 0.
25/01/01 11:32:13 INFO AbstractConnector: Stopped Spark@7f2c471d{HTTP/1.1, (http/1.1)}{0.0.0.0:4041}
25/01/01 11:32:13 INFO SparkUI: Stopped Spark web UI at http://192.168.29.182:4041
25/01/01 11:32:13 INFO MapOutputTrackerMasterEndpoint: MapOutputTrackerMasterEndpoint stopped!
25/01/01 11:32:13 INFO MemoryStore: MemoryStore cleared
25/01/01 11:32:13 INFO BlockManager: BlockManager stopped
25/01/01 11:32:13 INFO BlockManagerMaster: BlockManagerMaster stopped
25/01/01 11:32:13 INFO OutputCommitCoordinator$OutputCommitCoordinatorEndpoint: OutputCommitCoordinator stopped!
25/01/01 11:32:13 INFO SparkContext: Successfully stopped SparkContext
25/01/01 11:32:13 INFO ShutdownHookManager: Shutdown hook called
25/01/01 11:32:13 INFO ShutdownHookManager: Deleting directory /tmp/spark-9dea258c-b319-4091-a4c6-87cd9fa3165b/pyspark-5f75f845-0051-4448-afc9-d9d827cb7c45
25/01/01 11:32:13 INFO ShutdownHookManager: Deleting directory /tmp/spark-9dea258c-b319-4091-a4c6-87cd9fa3165b
25/01/01 11:32:13 INFO ShutdownHookManager: Deleting directory /tmp/spark-8f34da8f-50ee-4a1a-b849-3c31e630a836
25/01/01 11:32:37 WARN Utils: Your hostname, bidut-HP-Laptop-14s-fq1xxx resolves to a loopback address: 127.0.1.1; using 192.168.29.182 instead (on interface wlo1)
25/01/01 11:32:37 WARN Utils: Set SPARK_LOCAL_IP if you need to bind to another address
25/01/01 11:32:38 INFO SparkContext: Running Spark version 3.5.4
25/01/01 11:32:38 INFO SparkContext: OS info Linux, 5.15.0-126-generic, amd64
25/01/01 11:32:38 INFO SparkContext: Java version 11.0.25
25/01/01 11:32:38 WARN NativeCodeLoader: Unable to load native-hadoop library for your platform... using builtin-java classes where applicable
25/01/01 11:32:38 INFO ResourceUtils: ==============================================================
25/01/01 11:32:38 INFO ResourceUtils: No custom resources configured for spark.driver.
25/01/01 11:32:38 INFO ResourceUtils: ==============================================================
25/01/01 11:32:38 INFO SparkContext: Submitted application: GroupingDemo
25/01/01 11:32:38 INFO ResourceProfile: Default ResourceProfile created, executor resources: Map(cores -> name: cores, amount: 1, script: , vendor: , memory -> name: memory, amount: 1024, script: , vendor: , offHeap -> name: offHeap, amount: 0, script: , vendor: ), task resources: Map(cpus -> name: cpus, amount: 1.0)
25/01/01 11:32:38 INFO ResourceProfile: Limiting resource is cpu
25/01/01 11:32:38 INFO ResourceProfileManager: Added ResourceProfile id: 0
25/01/01 11:32:38 INFO SecurityManager: Changing view acls to: bidut
25/01/01 11:32:38 INFO SecurityManager: Changing modify acls to: bidut
25/01/01 11:32:38 INFO SecurityManager: Changing view acls groups to: 
25/01/01 11:32:38 INFO SecurityManager: Changing modify acls groups to: 
25/01/01 11:32:38 INFO SecurityManager: SecurityManager: authentication disabled; ui acls disabled; users with view permissions: bidut; groups with view permissions: EMPTY; users with modify permissions: bidut; groups with modify permissions: EMPTY
25/01/01 11:32:38 INFO Utils: Successfully started service 'sparkDriver' on port 41189.
25/01/01 11:32:38 INFO SparkEnv: Registering MapOutputTracker
25/01/01 11:32:39 INFO SparkEnv: Registering BlockManagerMaster
25/01/01 11:32:39 INFO BlockManagerMasterEndpoint: Using org.apache.spark.storage.DefaultTopologyMapper for getting topology information
25/01/01 11:32:39 INFO BlockManagerMasterEndpoint: BlockManagerMasterEndpoint up
25/01/01 11:32:39 INFO SparkEnv: Registering BlockManagerMasterHeartbeat
25/01/01 11:32:39 INFO DiskBlockManager: Created local directory at /tmp/blockmgr-6ca28ac8-61dd-4866-9ba1-810aa3218489
25/01/01 11:32:39 INFO MemoryStore: MemoryStore started with capacity 434.4 MiB
25/01/01 11:32:39 INFO SparkEnv: Registering OutputCommitCoordinator
25/01/01 11:32:39 INFO log: Logging initialized @2430ms to org.sparkproject.jetty.util.log.Slf4jLog
25/01/01 11:32:39 INFO JettyUtils: Start Jetty 0.0.0.0:4040 for SparkUI
25/01/01 11:32:39 INFO Server: jetty-9.4.56.v20240826; built: 2024-08-26T17:15:05.868Z; git: ec6782ff5ead824dabdcf47fa98f90a4aedff401; jvm 11.0.25+9-post-Ubuntu-1ubuntu120.04
25/01/01 11:32:39 INFO Server: Started @2569ms
25/01/01 11:32:39 WARN Utils: Service 'SparkUI' could not bind on port 4040. Attempting port 4041.
25/01/01 11:32:39 INFO AbstractConnector: Started ServerConnector@12b5f0f6{HTTP/1.1, (http/1.1)}{0.0.0.0:4041}
25/01/01 11:32:39 INFO Utils: Successfully started service 'SparkUI' on port 4041.
25/01/01 11:32:39 INFO ContextHandler: Started o.s.j.s.ServletContextHandler@6ed20bf1{/,null,AVAILABLE,@Spark}
25/01/01 11:32:39 INFO Executor: Starting executor ID driver on host 192.168.29.182
25/01/01 11:32:39 INFO Executor: OS info Linux, 5.15.0-126-generic, amd64
25/01/01 11:32:39 INFO Executor: Java version 11.0.25
25/01/01 11:32:39 INFO Executor: Starting executor with user classpath (userClassPathFirst = false): ''
25/01/01 11:32:39 INFO Executor: Created or updated repl class loader org.apache.spark.util.MutableURLClassLoader@48ba1bca for default.
25/01/01 11:32:39 INFO Utils: Successfully started service 'org.apache.spark.network.netty.NettyBlockTransferService' on port 35017.
25/01/01 11:32:39 INFO NettyBlockTransferService: Server created on 192.168.29.182:35017
25/01/01 11:32:39 INFO BlockManager: Using org.apache.spark.storage.RandomBlockReplicationPolicy for block replication policy
25/01/01 11:32:39 INFO BlockManagerMaster: Registering BlockManager BlockManagerId(driver, 192.168.29.182, 35017, None)
25/01/01 11:32:39 INFO BlockManagerMasterEndpoint: Registering block manager 192.168.29.182:35017 with 434.4 MiB RAM, BlockManagerId(driver, 192.168.29.182, 35017, None)
25/01/01 11:32:39 INFO BlockManagerMaster: Registered BlockManager BlockManagerId(driver, 192.168.29.182, 35017, None)
25/01/01 11:32:39 INFO BlockManager: Initialized BlockManager: BlockManagerId(driver, 192.168.29.182, 35017, None)
25/01/01 11:32:39 INFO ContextHandler: Stopped o.s.j.s.ServletContextHandler@6ed20bf1{/,null,STOPPED,@Spark}
25/01/01 11:32:39 INFO ContextHandler: Started o.s.j.s.ServletContextHandler@6c928e6e{/jobs,null,AVAILABLE,@Spark}
25/01/01 11:32:39 INFO ContextHandler: Started o.s.j.s.ServletContextHandler@25b2e381{/jobs/json,null,AVAILABLE,@Spark}
25/01/01 11:32:39 INFO ContextHandler: Started o.s.j.s.ServletContextHandler@4d74dce7{/jobs/job,null,AVAILABLE,@Spark}
25/01/01 11:32:39 INFO ContextHandler: Started o.s.j.s.ServletContextHandler@7d63c032{/jobs/job/json,null,AVAILABLE,@Spark}
25/01/01 11:32:39 INFO ContextHandler: Started o.s.j.s.ServletContextHandler@2dfb7dab{/stages,null,AVAILABLE,@Spark}
25/01/01 11:32:39 INFO ContextHandler: Started o.s.j.s.ServletContextHandler@782931d4{/stages/json,null,AVAILABLE,@Spark}
25/01/01 11:32:39 INFO ContextHandler: Started o.s.j.s.ServletContextHandler@4dc92e9f{/stages/stage,null,AVAILABLE,@Spark}
25/01/01 11:32:39 INFO ContextHandler: Started o.s.j.s.ServletContextHandler@4d66fd41{/stages/stage/json,null,AVAILABLE,@Spark}
25/01/01 11:32:39 INFO ContextHandler: Started o.s.j.s.ServletContextHandler@21f47ff0{/stages/pool,null,AVAILABLE,@Spark}
25/01/01 11:32:39 INFO ContextHandler: Started o.s.j.s.ServletContextHandler@6ae6d45a{/stages/pool/json,null,AVAILABLE,@Spark}
25/01/01 11:32:39 INFO ContextHandler: Started o.s.j.s.ServletContextHandler@25ef7465{/storage,null,AVAILABLE,@Spark}
25/01/01 11:32:39 INFO ContextHandler: Started o.s.j.s.ServletContextHandler@6c0d86a7{/storage/json,null,AVAILABLE,@Spark}
25/01/01 11:32:39 INFO ContextHandler: Started o.s.j.s.ServletContextHandler@21ce62c6{/storage/rdd,null,AVAILABLE,@Spark}
25/01/01 11:32:39 INFO ContextHandler: Started o.s.j.s.ServletContextHandler@3f7afded{/storage/rdd/json,null,AVAILABLE,@Spark}
25/01/01 11:32:39 INFO ContextHandler: Started o.s.j.s.ServletContextHandler@71580d35{/environment,null,AVAILABLE,@Spark}
25/01/01 11:32:39 INFO ContextHandler: Started o.s.j.s.ServletContextHandler@35ab365c{/environment/json,null,AVAILABLE,@Spark}
25/01/01 11:32:39 INFO ContextHandler: Started o.s.j.s.ServletContextHandler@33d0a333{/executors,null,AVAILABLE,@Spark}
25/01/01 11:32:39 INFO ContextHandler: Started o.s.j.s.ServletContextHandler@33f38670{/executors/json,null,AVAILABLE,@Spark}
25/01/01 11:32:39 INFO ContextHandler: Started o.s.j.s.ServletContextHandler@6e07493{/executors/threadDump,null,AVAILABLE,@Spark}
25/01/01 11:32:39 INFO ContextHandler: Started o.s.j.s.ServletContextHandler@44f4bbd2{/executors/threadDump/json,null,AVAILABLE,@Spark}
25/01/01 11:32:39 INFO ContextHandler: Started o.s.j.s.ServletContextHandler@d62516f{/executors/heapHistogram,null,AVAILABLE,@Spark}
25/01/01 11:32:39 INFO ContextHandler: Started o.s.j.s.ServletContextHandler@5c84939c{/executors/heapHistogram/json,null,AVAILABLE,@Spark}
25/01/01 11:32:39 INFO ContextHandler: Started o.s.j.s.ServletContextHandler@5486eae8{/static,null,AVAILABLE,@Spark}
25/01/01 11:32:39 INFO ContextHandler: Started o.s.j.s.ServletContextHandler@7bb75597{/,null,AVAILABLE,@Spark}
25/01/01 11:32:39 INFO ContextHandler: Started o.s.j.s.ServletContextHandler@6eb29735{/api,null,AVAILABLE,@Spark}
25/01/01 11:32:39 INFO ContextHandler: Started o.s.j.s.ServletContextHandler@435c56a0{/jobs/job/kill,null,AVAILABLE,@Spark}
25/01/01 11:32:39 INFO ContextHandler: Started o.s.j.s.ServletContextHandler@34defc67{/stages/stage/kill,null,AVAILABLE,@Spark}
25/01/01 11:32:39 INFO ContextHandler: Started o.s.j.s.ServletContextHandler@1dea0420{/metrics/json,null,AVAILABLE,@Spark}
25/01/01 11:32:39 INFO SharedState: Setting hive.metastore.warehouse.dir ('null') to the value of spark.sql.warehouse.dir.
25/01/01 11:32:39 INFO SharedState: Warehouse path is 'file:/home/bidut/Desktop/dev/pyspark_learn/Course01Learn/16-RankingDemo/spark-warehouse'.
25/01/01 11:32:39 INFO ContextHandler: Started o.s.j.s.ServletContextHandler@2bf85e73{/SQL,null,AVAILABLE,@Spark}
25/01/01 11:32:39 INFO ContextHandler: Started o.s.j.s.ServletContextHandler@4dfb6451{/SQL/json,null,AVAILABLE,@Spark}
25/01/01 11:32:39 INFO ContextHandler: Started o.s.j.s.ServletContextHandler@607d59ce{/SQL/execution,null,AVAILABLE,@Spark}
25/01/01 11:32:39 INFO ContextHandler: Started o.s.j.s.ServletContextHandler@684500f0{/SQL/execution/json,null,AVAILABLE,@Spark}
25/01/01 11:32:40 INFO ContextHandler: Started o.s.j.s.ServletContextHandler@49f7dcd2{/static/sql,null,AVAILABLE,@Spark}
25/01/01 11:32:40 INFO InMemoryFileIndex: It took 36 ms to list leaf files for 1 paths.
25/01/01 11:32:41 INFO SparkContext: Starting job: parquet at NativeMethodAccessorImpl.java:0
25/01/01 11:32:41 INFO DAGScheduler: Got job 0 (parquet at NativeMethodAccessorImpl.java:0) with 1 output partitions
25/01/01 11:32:41 INFO DAGScheduler: Final stage: ResultStage 0 (parquet at NativeMethodAccessorImpl.java:0)
25/01/01 11:32:41 INFO DAGScheduler: Parents of final stage: List()
25/01/01 11:32:41 INFO DAGScheduler: Missing parents: List()
25/01/01 11:32:41 INFO DAGScheduler: Submitting ResultStage 0 (MapPartitionsRDD[1] at parquet at NativeMethodAccessorImpl.java:0), which has no missing parents
25/01/01 11:32:41 INFO MemoryStore: Block broadcast_0 stored as values in memory (estimated size 102.8 KiB, free 434.3 MiB)
25/01/01 11:32:41 INFO MemoryStore: Block broadcast_0_piece0 stored as bytes in memory (estimated size 37.2 KiB, free 434.3 MiB)
25/01/01 11:32:41 INFO BlockManagerInfo: Added broadcast_0_piece0 in memory on 192.168.29.182:35017 (size: 37.2 KiB, free: 434.4 MiB)
25/01/01 11:32:41 INFO SparkContext: Created broadcast 0 from broadcast at DAGScheduler.scala:1585
25/01/01 11:32:41 INFO DAGScheduler: Submitting 1 missing tasks from ResultStage 0 (MapPartitionsRDD[1] at parquet at NativeMethodAccessorImpl.java:0) (first 15 tasks are for partitions Vector(0))
25/01/01 11:32:41 INFO TaskSchedulerImpl: Adding task set 0.0 with 1 tasks resource profile 0
25/01/01 11:32:41 INFO TaskSetManager: Starting task 0.0 in stage 0.0 (TID 0) (192.168.29.182, executor driver, partition 0, PROCESS_LOCAL, 9186 bytes) 
25/01/01 11:32:41 INFO Executor: Running task 0.0 in stage 0.0 (TID 0)
25/01/01 11:32:41 INFO Executor: Finished task 0.0 in stage 0.0 (TID 0). 2029 bytes result sent to driver
25/01/01 11:32:41 INFO TaskSetManager: Finished task 0.0 in stage 0.0 (TID 0) in 375 ms on 192.168.29.182 (executor driver) (1/1)
25/01/01 11:32:41 INFO TaskSchedulerImpl: Removed TaskSet 0.0, whose tasks have all completed, from pool 
25/01/01 11:32:41 INFO DAGScheduler: ResultStage 0 (parquet at NativeMethodAccessorImpl.java:0) finished in 0.539 s
25/01/01 11:32:41 INFO DAGScheduler: Job 0 is finished. Cancelling potential speculative or zombie tasks for this job
25/01/01 11:32:41 INFO TaskSchedulerImpl: Killing all running tasks in stage 0: Stage finished
25/01/01 11:32:41 INFO DAGScheduler: Job 0 finished: parquet at NativeMethodAccessorImpl.java:0, took 0.587673 s
25/01/01 11:32:42 INFO BlockManagerInfo: Removed broadcast_0_piece0 on 192.168.29.182:35017 in memory (size: 37.2 KiB, free: 434.4 MiB)
25/01/01 11:32:43 INFO FileSourceStrategy: Pushed Filters: 
25/01/01 11:32:43 INFO FileSourceStrategy: Post-Scan Filters: 
25/01/01 11:32:43 INFO CodeGenerator: Code generated in 181.664294 ms
25/01/01 11:32:43 INFO MemoryStore: Block broadcast_1 stored as values in memory (estimated size 201.1 KiB, free 434.2 MiB)
25/01/01 11:32:43 INFO MemoryStore: Block broadcast_1_piece0 stored as bytes in memory (estimated size 35.0 KiB, free 434.2 MiB)
25/01/01 11:32:43 INFO BlockManagerInfo: Added broadcast_1_piece0 in memory on 192.168.29.182:35017 (size: 35.0 KiB, free: 434.4 MiB)
25/01/01 11:32:43 INFO SparkContext: Created broadcast 1 from showString at NativeMethodAccessorImpl.java:0
25/01/01 11:32:43 INFO FileSourceScanExec: Planning scan with bin packing, max size: 4194304 bytes, open cost is considered as scanning 4194304 bytes.
25/01/01 11:32:43 INFO DAGScheduler: Registering RDD 5 (showString at NativeMethodAccessorImpl.java:0) as input to shuffle 0
25/01/01 11:32:43 INFO DAGScheduler: Got map stage job 1 (showString at NativeMethodAccessorImpl.java:0) with 1 output partitions
25/01/01 11:32:43 INFO DAGScheduler: Final stage: ShuffleMapStage 1 (showString at NativeMethodAccessorImpl.java:0)
25/01/01 11:32:43 INFO DAGScheduler: Parents of final stage: List()
25/01/01 11:32:43 INFO DAGScheduler: Missing parents: List()
25/01/01 11:32:43 INFO DAGScheduler: Submitting ShuffleMapStage 1 (MapPartitionsRDD[5] at showString at NativeMethodAccessorImpl.java:0), which has no missing parents
25/01/01 11:32:43 INFO MemoryStore: Block broadcast_2 stored as values in memory (estimated size 19.7 KiB, free 434.2 MiB)
25/01/01 11:32:43 INFO MemoryStore: Block broadcast_2_piece0 stored as bytes in memory (estimated size 8.3 KiB, free 434.1 MiB)
25/01/01 11:32:43 INFO BlockManagerInfo: Added broadcast_2_piece0 in memory on 192.168.29.182:35017 (size: 8.3 KiB, free: 434.4 MiB)
25/01/01 11:32:43 INFO SparkContext: Created broadcast 2 from broadcast at DAGScheduler.scala:1585
25/01/01 11:32:43 INFO DAGScheduler: Submitting 1 missing tasks from ShuffleMapStage 1 (MapPartitionsRDD[5] at showString at NativeMethodAccessorImpl.java:0) (first 15 tasks are for partitions Vector(0))
25/01/01 11:32:43 INFO TaskSchedulerImpl: Adding task set 1.0 with 1 tasks resource profile 0
25/01/01 11:32:43 INFO TaskSetManager: Starting task 0.0 in stage 1.0 (TID 1) (192.168.29.182, executor driver, partition 0, PROCESS_LOCAL, 9645 bytes) 
25/01/01 11:32:43 INFO Executor: Running task 0.0 in stage 1.0 (TID 1)
25/01/01 11:32:43 INFO CodeGenerator: Code generated in 26.151002 ms
25/01/01 11:32:43 INFO CodeGenerator: Code generated in 20.855919 ms
25/01/01 11:32:43 INFO FileScanRDD: Reading File path: file:///home/bidut/Desktop/dev/pyspark_learn/Course01Learn/16-RankingDemo/data/summary.parquet, range: 0-2486, partition values: [empty row]
25/01/01 11:32:43 INFO CodecPool: Got brand-new decompressor [.snappy]
25/01/01 11:32:44 INFO Executor: Finished task 0.0 in stage 1.0 (TID 1). 2242 bytes result sent to driver
25/01/01 11:32:44 INFO TaskSetManager: Finished task 0.0 in stage 1.0 (TID 1) in 433 ms on 192.168.29.182 (executor driver) (1/1)
25/01/01 11:32:44 INFO TaskSchedulerImpl: Removed TaskSet 1.0, whose tasks have all completed, from pool 
25/01/01 11:32:44 INFO DAGScheduler: ShuffleMapStage 1 (showString at NativeMethodAccessorImpl.java:0) finished in 0.486 s
25/01/01 11:32:44 INFO DAGScheduler: looking for newly runnable stages
25/01/01 11:32:44 INFO DAGScheduler: running: Set()
25/01/01 11:32:44 INFO DAGScheduler: waiting: Set()
25/01/01 11:32:44 INFO DAGScheduler: failed: Set()
25/01/01 11:32:44 INFO ShufflePartitionsUtil: For shuffle(0), advisory target size: 67108864, actual target size 1048576, minimum partition size: 1048576
25/01/01 11:32:44 INFO BlockManagerInfo: Removed broadcast_2_piece0 on 192.168.29.182:35017 in memory (size: 8.3 KiB, free: 434.4 MiB)
25/01/01 11:32:44 INFO CodeGenerator: Code generated in 16.488637 ms
25/01/01 11:32:44 INFO CodeGenerator: Code generated in 11.437123 ms
25/01/01 11:32:44 INFO SparkContext: Starting job: showString at NativeMethodAccessorImpl.java:0
25/01/01 11:32:44 INFO DAGScheduler: Got job 2 (showString at NativeMethodAccessorImpl.java:0) with 1 output partitions
25/01/01 11:32:44 INFO DAGScheduler: Final stage: ResultStage 3 (showString at NativeMethodAccessorImpl.java:0)
25/01/01 11:32:44 INFO DAGScheduler: Parents of final stage: List(ShuffleMapStage 2)
25/01/01 11:32:44 INFO DAGScheduler: Missing parents: List()
25/01/01 11:32:44 INFO DAGScheduler: Submitting ResultStage 3 (MapPartitionsRDD[10] at showString at NativeMethodAccessorImpl.java:0), which has no missing parents
25/01/01 11:32:44 INFO MemoryStore: Block broadcast_3 stored as values in memory (estimated size 38.5 KiB, free 434.1 MiB)
25/01/01 11:32:44 INFO MemoryStore: Block broadcast_3_piece0 stored as bytes in memory (estimated size 17.5 KiB, free 434.1 MiB)
25/01/01 11:32:44 INFO BlockManagerInfo: Added broadcast_3_piece0 in memory on 192.168.29.182:35017 (size: 17.5 KiB, free: 434.3 MiB)
25/01/01 11:32:44 INFO SparkContext: Created broadcast 3 from broadcast at DAGScheduler.scala:1585
25/01/01 11:32:44 INFO DAGScheduler: Submitting 1 missing tasks from ResultStage 3 (MapPartitionsRDD[10] at showString at NativeMethodAccessorImpl.java:0) (first 15 tasks are for partitions Vector(0))
25/01/01 11:32:44 INFO TaskSchedulerImpl: Adding task set 3.0 with 1 tasks resource profile 0
25/01/01 11:32:44 INFO TaskSetManager: Starting task 0.0 in stage 3.0 (TID 2) (192.168.29.182, executor driver, partition 0, NODE_LOCAL, 8999 bytes) 
25/01/01 11:32:44 INFO Executor: Running task 0.0 in stage 3.0 (TID 2)
25/01/01 11:32:44 INFO ShuffleBlockFetcherIterator: Getting 1 (3.0 KiB) non-empty blocks including 1 (3.0 KiB) local and 0 (0.0 B) host-local and 0 (0.0 B) push-merged-local and 0 (0.0 B) remote blocks
25/01/01 11:32:44 INFO ShuffleBlockFetcherIterator: Started 0 remote fetches in 8 ms
25/01/01 11:32:44 INFO CodeGenerator: Code generated in 8.707086 ms
25/01/01 11:32:44 INFO CodeGenerator: Code generated in 17.486615 ms
25/01/01 11:32:44 INFO CodeGenerator: Code generated in 9.574413 ms
25/01/01 11:32:44 INFO CodeGenerator: Code generated in 9.141867 ms
25/01/01 11:32:44 INFO CodeGenerator: Code generated in 5.942365 ms
25/01/01 11:32:44 INFO CodeGenerator: Code generated in 6.049231 ms
25/01/01 11:32:44 INFO CodeGenerator: Code generated in 7.607881 ms
25/01/01 11:32:44 INFO CodeGenerator: Code generated in 5.715646 ms
25/01/01 11:32:44 INFO CodeGenerator: Code generated in 9.468609 ms
25/01/01 11:32:44 INFO Executor: Finished task 0.0 in stage 3.0 (TID 2). 5901 bytes result sent to driver
25/01/01 11:32:44 INFO TaskSetManager: Finished task 0.0 in stage 3.0 (TID 2) in 245 ms on 192.168.29.182 (executor driver) (1/1)
25/01/01 11:32:44 INFO TaskSchedulerImpl: Removed TaskSet 3.0, whose tasks have all completed, from pool 
25/01/01 11:32:44 INFO DAGScheduler: ResultStage 3 (showString at NativeMethodAccessorImpl.java:0) finished in 0.260 s
25/01/01 11:32:44 INFO DAGScheduler: Job 2 is finished. Cancelling potential speculative or zombie tasks for this job
25/01/01 11:32:44 INFO TaskSchedulerImpl: Killing all running tasks in stage 3: Stage finished
25/01/01 11:32:44 INFO DAGScheduler: Job 2 finished: showString at NativeMethodAccessorImpl.java:0, took 0.275950 s
25/01/01 11:32:45 INFO BlockManagerInfo: Removed broadcast_3_piece0 on 192.168.29.182:35017 in memory (size: 17.5 KiB, free: 434.4 MiB)
25/01/01 11:32:45 INFO CodeGenerator: Code generated in 9.65961 ms
25/01/01 11:32:45 INFO SparkContext: Invoking stop() from shutdown hook
25/01/01 11:32:45 INFO SparkContext: SparkContext is stopping with exitCode 0.
25/01/01 11:32:45 INFO AbstractConnector: Stopped Spark@12b5f0f6{HTTP/1.1, (http/1.1)}{0.0.0.0:4041}
25/01/01 11:32:45 INFO SparkUI: Stopped Spark web UI at http://192.168.29.182:4041
25/01/01 11:32:45 INFO MapOutputTrackerMasterEndpoint: MapOutputTrackerMasterEndpoint stopped!
25/01/01 11:32:45 INFO MemoryStore: MemoryStore cleared
25/01/01 11:32:45 INFO BlockManager: BlockManager stopped
25/01/01 11:32:45 INFO BlockManagerMaster: BlockManagerMaster stopped
25/01/01 11:32:45 INFO OutputCommitCoordinator$OutputCommitCoordinatorEndpoint: OutputCommitCoordinator stopped!
25/01/01 11:32:45 INFO SparkContext: Successfully stopped SparkContext
25/01/01 11:32:45 INFO ShutdownHookManager: Shutdown hook called
25/01/01 11:32:45 INFO ShutdownHookManager: Deleting directory /tmp/spark-aea75b5b-f3a3-49ca-b77a-852e98b98ad8/pyspark-6434dbdc-891c-411d-9910-abce9fb53100
25/01/01 11:32:45 INFO ShutdownHookManager: Deleting directory /tmp/spark-aea75b5b-f3a3-49ca-b77a-852e98b98ad8
25/01/01 11:32:45 INFO ShutdownHookManager: Deleting directory /tmp/spark-9ca3b943-3ce9-4d04-b3c3-be26eafc3a9f
25/01/01 11:33:08 WARN Utils: Your hostname, bidut-HP-Laptop-14s-fq1xxx resolves to a loopback address: 127.0.1.1; using 192.168.29.182 instead (on interface wlo1)
25/01/01 11:33:08 WARN Utils: Set SPARK_LOCAL_IP if you need to bind to another address
25/01/01 11:33:08 INFO SparkContext: Running Spark version 3.5.4
25/01/01 11:33:08 INFO SparkContext: OS info Linux, 5.15.0-126-generic, amd64
25/01/01 11:33:08 INFO SparkContext: Java version 11.0.25
25/01/01 11:33:08 WARN NativeCodeLoader: Unable to load native-hadoop library for your platform... using builtin-java classes where applicable
25/01/01 11:33:08 INFO ResourceUtils: ==============================================================
25/01/01 11:33:08 INFO ResourceUtils: No custom resources configured for spark.driver.
25/01/01 11:33:08 INFO ResourceUtils: ==============================================================
25/01/01 11:33:08 INFO SparkContext: Submitted application: GroupingDemo
25/01/01 11:33:08 INFO ResourceProfile: Default ResourceProfile created, executor resources: Map(cores -> name: cores, amount: 1, script: , vendor: , memory -> name: memory, amount: 1024, script: , vendor: , offHeap -> name: offHeap, amount: 0, script: , vendor: ), task resources: Map(cpus -> name: cpus, amount: 1.0)
25/01/01 11:33:08 INFO ResourceProfile: Limiting resource is cpu
25/01/01 11:33:08 INFO ResourceProfileManager: Added ResourceProfile id: 0
25/01/01 11:33:08 INFO SecurityManager: Changing view acls to: bidut
25/01/01 11:33:08 INFO SecurityManager: Changing modify acls to: bidut
25/01/01 11:33:08 INFO SecurityManager: Changing view acls groups to: 
25/01/01 11:33:08 INFO SecurityManager: Changing modify acls groups to: 
25/01/01 11:33:08 INFO SecurityManager: SecurityManager: authentication disabled; ui acls disabled; users with view permissions: bidut; groups with view permissions: EMPTY; users with modify permissions: bidut; groups with modify permissions: EMPTY
25/01/01 11:33:09 INFO Utils: Successfully started service 'sparkDriver' on port 44011.
25/01/01 11:33:09 INFO SparkEnv: Registering MapOutputTracker
25/01/01 11:33:09 INFO SparkEnv: Registering BlockManagerMaster
25/01/01 11:33:09 INFO BlockManagerMasterEndpoint: Using org.apache.spark.storage.DefaultTopologyMapper for getting topology information
25/01/01 11:33:09 INFO BlockManagerMasterEndpoint: BlockManagerMasterEndpoint up
25/01/01 11:33:09 INFO SparkEnv: Registering BlockManagerMasterHeartbeat
25/01/01 11:33:09 INFO DiskBlockManager: Created local directory at /tmp/blockmgr-9393314c-2ff8-4818-b794-bdb18a5a6c41
25/01/01 11:33:09 INFO MemoryStore: MemoryStore started with capacity 434.4 MiB
25/01/01 11:33:09 INFO SparkEnv: Registering OutputCommitCoordinator
25/01/01 11:33:09 INFO log: Logging initialized @2626ms to org.sparkproject.jetty.util.log.Slf4jLog
25/01/01 11:33:09 INFO JettyUtils: Start Jetty 0.0.0.0:4040 for SparkUI
25/01/01 11:33:09 INFO Server: jetty-9.4.56.v20240826; built: 2024-08-26T17:15:05.868Z; git: ec6782ff5ead824dabdcf47fa98f90a4aedff401; jvm 11.0.25+9-post-Ubuntu-1ubuntu120.04
25/01/01 11:33:09 INFO Server: Started @2770ms
25/01/01 11:33:09 WARN Utils: Service 'SparkUI' could not bind on port 4040. Attempting port 4041.
25/01/01 11:33:09 INFO AbstractConnector: Started ServerConnector@2c83d014{HTTP/1.1, (http/1.1)}{0.0.0.0:4041}
25/01/01 11:33:09 INFO Utils: Successfully started service 'SparkUI' on port 4041.
25/01/01 11:33:09 INFO ContextHandler: Started o.s.j.s.ServletContextHandler@2f4c0182{/,null,AVAILABLE,@Spark}
25/01/01 11:33:09 INFO Executor: Starting executor ID driver on host 192.168.29.182
25/01/01 11:33:09 INFO Executor: OS info Linux, 5.15.0-126-generic, amd64
25/01/01 11:33:09 INFO Executor: Java version 11.0.25
25/01/01 11:33:09 INFO Executor: Starting executor with user classpath (userClassPathFirst = false): ''
25/01/01 11:33:09 INFO Executor: Created or updated repl class loader org.apache.spark.util.MutableURLClassLoader@2da54024 for default.
25/01/01 11:33:09 INFO Utils: Successfully started service 'org.apache.spark.network.netty.NettyBlockTransferService' on port 45987.
25/01/01 11:33:09 INFO NettyBlockTransferService: Server created on 192.168.29.182:45987
25/01/01 11:33:09 INFO BlockManager: Using org.apache.spark.storage.RandomBlockReplicationPolicy for block replication policy
25/01/01 11:33:09 INFO BlockManagerMaster: Registering BlockManager BlockManagerId(driver, 192.168.29.182, 45987, None)
25/01/01 11:33:09 INFO BlockManagerMasterEndpoint: Registering block manager 192.168.29.182:45987 with 434.4 MiB RAM, BlockManagerId(driver, 192.168.29.182, 45987, None)
25/01/01 11:33:09 INFO BlockManagerMaster: Registered BlockManager BlockManagerId(driver, 192.168.29.182, 45987, None)
25/01/01 11:33:09 INFO BlockManager: Initialized BlockManager: BlockManagerId(driver, 192.168.29.182, 45987, None)
25/01/01 11:33:09 INFO ContextHandler: Stopped o.s.j.s.ServletContextHandler@2f4c0182{/,null,STOPPED,@Spark}
25/01/01 11:33:09 INFO ContextHandler: Started o.s.j.s.ServletContextHandler@59f28a5{/jobs,null,AVAILABLE,@Spark}
25/01/01 11:33:09 INFO ContextHandler: Started o.s.j.s.ServletContextHandler@26d74e9f{/jobs/json,null,AVAILABLE,@Spark}
25/01/01 11:33:09 INFO ContextHandler: Started o.s.j.s.ServletContextHandler@779fd08{/jobs/job,null,AVAILABLE,@Spark}
25/01/01 11:33:09 INFO ContextHandler: Started o.s.j.s.ServletContextHandler@4dab11c3{/jobs/job/json,null,AVAILABLE,@Spark}
25/01/01 11:33:09 INFO ContextHandler: Started o.s.j.s.ServletContextHandler@2942871a{/stages,null,AVAILABLE,@Spark}
25/01/01 11:33:09 INFO ContextHandler: Started o.s.j.s.ServletContextHandler@522011cb{/stages/json,null,AVAILABLE,@Spark}
25/01/01 11:33:09 INFO ContextHandler: Started o.s.j.s.ServletContextHandler@43be039d{/stages/stage,null,AVAILABLE,@Spark}
25/01/01 11:33:09 INFO ContextHandler: Started o.s.j.s.ServletContextHandler@765e243e{/stages/stage/json,null,AVAILABLE,@Spark}
25/01/01 11:33:09 INFO ContextHandler: Started o.s.j.s.ServletContextHandler@5bdd1ecb{/stages/pool,null,AVAILABLE,@Spark}
25/01/01 11:33:09 INFO ContextHandler: Started o.s.j.s.ServletContextHandler@5dee35fc{/stages/pool/json,null,AVAILABLE,@Spark}
25/01/01 11:33:09 INFO ContextHandler: Started o.s.j.s.ServletContextHandler@6465ba7d{/storage,null,AVAILABLE,@Spark}
25/01/01 11:33:09 INFO ContextHandler: Started o.s.j.s.ServletContextHandler@26daba7f{/storage/json,null,AVAILABLE,@Spark}
25/01/01 11:33:09 INFO ContextHandler: Started o.s.j.s.ServletContextHandler@5689795f{/storage/rdd,null,AVAILABLE,@Spark}
25/01/01 11:33:09 INFO ContextHandler: Started o.s.j.s.ServletContextHandler@160fc422{/storage/rdd/json,null,AVAILABLE,@Spark}
25/01/01 11:33:09 INFO ContextHandler: Started o.s.j.s.ServletContextHandler@2078ffe9{/environment,null,AVAILABLE,@Spark}
25/01/01 11:33:09 INFO ContextHandler: Started o.s.j.s.ServletContextHandler@19f7f11{/environment/json,null,AVAILABLE,@Spark}
25/01/01 11:33:09 INFO ContextHandler: Started o.s.j.s.ServletContextHandler@6a011e61{/executors,null,AVAILABLE,@Spark}
25/01/01 11:33:09 INFO ContextHandler: Started o.s.j.s.ServletContextHandler@35a66d14{/executors/json,null,AVAILABLE,@Spark}
25/01/01 11:33:09 INFO ContextHandler: Started o.s.j.s.ServletContextHandler@532fa354{/executors/threadDump,null,AVAILABLE,@Spark}
25/01/01 11:33:09 INFO ContextHandler: Started o.s.j.s.ServletContextHandler@456c7545{/executors/threadDump/json,null,AVAILABLE,@Spark}
25/01/01 11:33:09 INFO ContextHandler: Started o.s.j.s.ServletContextHandler@208b8c18{/executors/heapHistogram,null,AVAILABLE,@Spark}
25/01/01 11:33:09 INFO ContextHandler: Started o.s.j.s.ServletContextHandler@66d8f6c0{/executors/heapHistogram/json,null,AVAILABLE,@Spark}
25/01/01 11:33:09 INFO ContextHandler: Started o.s.j.s.ServletContextHandler@1108df32{/static,null,AVAILABLE,@Spark}
25/01/01 11:33:09 INFO ContextHandler: Started o.s.j.s.ServletContextHandler@7252dd65{/,null,AVAILABLE,@Spark}
25/01/01 11:33:09 INFO ContextHandler: Started o.s.j.s.ServletContextHandler@7b50a07b{/api,null,AVAILABLE,@Spark}
25/01/01 11:33:09 INFO ContextHandler: Started o.s.j.s.ServletContextHandler@77212a33{/jobs/job/kill,null,AVAILABLE,@Spark}
25/01/01 11:33:09 INFO ContextHandler: Started o.s.j.s.ServletContextHandler@1d0be63e{/stages/stage/kill,null,AVAILABLE,@Spark}
25/01/01 11:33:09 INFO ContextHandler: Started o.s.j.s.ServletContextHandler@677e82c0{/metrics/json,null,AVAILABLE,@Spark}
25/01/01 11:33:10 INFO SharedState: Setting hive.metastore.warehouse.dir ('null') to the value of spark.sql.warehouse.dir.
25/01/01 11:33:10 INFO SharedState: Warehouse path is 'file:/home/bidut/Desktop/dev/pyspark_learn/Course01Learn/16-RankingDemo/spark-warehouse'.
25/01/01 11:33:10 INFO ContextHandler: Started o.s.j.s.ServletContextHandler@6b5071d1{/SQL,null,AVAILABLE,@Spark}
25/01/01 11:33:10 INFO ContextHandler: Started o.s.j.s.ServletContextHandler@34b0247d{/SQL/json,null,AVAILABLE,@Spark}
25/01/01 11:33:10 INFO ContextHandler: Started o.s.j.s.ServletContextHandler@4783c838{/SQL/execution,null,AVAILABLE,@Spark}
25/01/01 11:33:10 INFO ContextHandler: Started o.s.j.s.ServletContextHandler@3ced7ddb{/SQL/execution/json,null,AVAILABLE,@Spark}
25/01/01 11:33:10 INFO ContextHandler: Started o.s.j.s.ServletContextHandler@79869826{/static/sql,null,AVAILABLE,@Spark}
25/01/01 11:33:11 INFO InMemoryFileIndex: It took 40 ms to list leaf files for 1 paths.
25/01/01 11:33:11 INFO SparkContext: Starting job: parquet at NativeMethodAccessorImpl.java:0
25/01/01 11:33:11 INFO DAGScheduler: Got job 0 (parquet at NativeMethodAccessorImpl.java:0) with 1 output partitions
25/01/01 11:33:11 INFO DAGScheduler: Final stage: ResultStage 0 (parquet at NativeMethodAccessorImpl.java:0)
25/01/01 11:33:11 INFO DAGScheduler: Parents of final stage: List()
25/01/01 11:33:11 INFO DAGScheduler: Missing parents: List()
25/01/01 11:33:11 INFO DAGScheduler: Submitting ResultStage 0 (MapPartitionsRDD[1] at parquet at NativeMethodAccessorImpl.java:0), which has no missing parents
25/01/01 11:33:11 INFO MemoryStore: Block broadcast_0 stored as values in memory (estimated size 102.8 KiB, free 434.3 MiB)
25/01/01 11:33:11 INFO MemoryStore: Block broadcast_0_piece0 stored as bytes in memory (estimated size 37.1 KiB, free 434.3 MiB)
25/01/01 11:33:11 INFO BlockManagerInfo: Added broadcast_0_piece0 in memory on 192.168.29.182:45987 (size: 37.1 KiB, free: 434.4 MiB)
25/01/01 11:33:11 INFO SparkContext: Created broadcast 0 from broadcast at DAGScheduler.scala:1585
25/01/01 11:33:11 INFO DAGScheduler: Submitting 1 missing tasks from ResultStage 0 (MapPartitionsRDD[1] at parquet at NativeMethodAccessorImpl.java:0) (first 15 tasks are for partitions Vector(0))
25/01/01 11:33:11 INFO TaskSchedulerImpl: Adding task set 0.0 with 1 tasks resource profile 0
25/01/01 11:33:11 INFO TaskSetManager: Starting task 0.0 in stage 0.0 (TID 0) (192.168.29.182, executor driver, partition 0, PROCESS_LOCAL, 9186 bytes) 
25/01/01 11:33:11 INFO Executor: Running task 0.0 in stage 0.0 (TID 0)
25/01/01 11:33:12 INFO Executor: Finished task 0.0 in stage 0.0 (TID 0). 2029 bytes result sent to driver
25/01/01 11:33:12 INFO TaskSetManager: Finished task 0.0 in stage 0.0 (TID 0) in 401 ms on 192.168.29.182 (executor driver) (1/1)
25/01/01 11:33:12 INFO TaskSchedulerImpl: Removed TaskSet 0.0, whose tasks have all completed, from pool 
25/01/01 11:33:12 INFO DAGScheduler: ResultStage 0 (parquet at NativeMethodAccessorImpl.java:0) finished in 0.561 s
25/01/01 11:33:12 INFO DAGScheduler: Job 0 is finished. Cancelling potential speculative or zombie tasks for this job
25/01/01 11:33:12 INFO TaskSchedulerImpl: Killing all running tasks in stage 0: Stage finished
25/01/01 11:33:12 INFO DAGScheduler: Job 0 finished: parquet at NativeMethodAccessorImpl.java:0, took 0.598401 s
25/01/01 11:33:12 INFO BlockManagerInfo: Removed broadcast_0_piece0 on 192.168.29.182:45987 in memory (size: 37.1 KiB, free: 434.4 MiB)
25/01/01 11:33:13 INFO FileSourceStrategy: Pushed Filters: 
25/01/01 11:33:13 INFO FileSourceStrategy: Post-Scan Filters: 
25/01/01 11:33:13 INFO CodeGenerator: Code generated in 205.542282 ms
25/01/01 11:33:13 INFO CodeGenerator: Code generated in 27.45495 ms
25/01/01 11:33:13 INFO MemoryStore: Block broadcast_1 stored as values in memory (estimated size 201.1 KiB, free 434.2 MiB)
25/01/01 11:33:13 INFO MemoryStore: Block broadcast_1_piece0 stored as bytes in memory (estimated size 35.0 KiB, free 434.2 MiB)
25/01/01 11:33:13 INFO BlockManagerInfo: Added broadcast_1_piece0 in memory on 192.168.29.182:45987 (size: 35.0 KiB, free: 434.4 MiB)
25/01/01 11:33:13 INFO SparkContext: Created broadcast 1 from showString at NativeMethodAccessorImpl.java:0
25/01/01 11:33:13 INFO FileSourceScanExec: Planning scan with bin packing, max size: 4194304 bytes, open cost is considered as scanning 4194304 bytes.
25/01/01 11:33:14 INFO SparkContext: Starting job: showString at NativeMethodAccessorImpl.java:0
25/01/01 11:33:14 INFO DAGScheduler: Got job 1 (showString at NativeMethodAccessorImpl.java:0) with 1 output partitions
25/01/01 11:33:14 INFO DAGScheduler: Final stage: ResultStage 1 (showString at NativeMethodAccessorImpl.java:0)
25/01/01 11:33:14 INFO DAGScheduler: Parents of final stage: List()
25/01/01 11:33:14 INFO DAGScheduler: Missing parents: List()
25/01/01 11:33:14 INFO DAGScheduler: Submitting ResultStage 1 (MapPartitionsRDD[6] at showString at NativeMethodAccessorImpl.java:0), which has no missing parents
25/01/01 11:33:14 INFO MemoryStore: Block broadcast_2 stored as values in memory (estimated size 19.3 KiB, free 434.2 MiB)
25/01/01 11:33:14 INFO MemoryStore: Block broadcast_2_piece0 stored as bytes in memory (estimated size 7.8 KiB, free 434.1 MiB)
25/01/01 11:33:14 INFO BlockManagerInfo: Added broadcast_2_piece0 in memory on 192.168.29.182:45987 (size: 7.8 KiB, free: 434.4 MiB)
25/01/01 11:33:14 INFO SparkContext: Created broadcast 2 from broadcast at DAGScheduler.scala:1585
25/01/01 11:33:14 INFO DAGScheduler: Submitting 1 missing tasks from ResultStage 1 (MapPartitionsRDD[6] at showString at NativeMethodAccessorImpl.java:0) (first 15 tasks are for partitions Vector(0))
25/01/01 11:33:14 INFO TaskSchedulerImpl: Adding task set 1.0 with 1 tasks resource profile 0
25/01/01 11:33:14 INFO TaskSetManager: Starting task 0.0 in stage 1.0 (TID 1) (192.168.29.182, executor driver, partition 0, PROCESS_LOCAL, 9656 bytes) 
25/01/01 11:33:14 INFO Executor: Running task 0.0 in stage 1.0 (TID 1)
25/01/01 11:33:14 INFO CodeGenerator: Code generated in 9.709185 ms
25/01/01 11:33:14 INFO CodeGenerator: Code generated in 16.158641 ms
25/01/01 11:33:14 INFO FileScanRDD: Reading File path: file:///home/bidut/Desktop/dev/pyspark_learn/Course01Learn/16-RankingDemo/data/summary.parquet, range: 0-2486, partition values: [empty row]
25/01/01 11:33:14 INFO CodecPool: Got brand-new decompressor [.snappy]
25/01/01 11:33:14 INFO Executor: Finished task 0.0 in stage 1.0 (TID 1). 3366 bytes result sent to driver
25/01/01 11:33:14 INFO TaskSetManager: Finished task 0.0 in stage 1.0 (TID 1) in 369 ms on 192.168.29.182 (executor driver) (1/1)
25/01/01 11:33:14 INFO TaskSchedulerImpl: Removed TaskSet 1.0, whose tasks have all completed, from pool 
25/01/01 11:33:14 INFO DAGScheduler: ResultStage 1 (showString at NativeMethodAccessorImpl.java:0) finished in 0.384 s
25/01/01 11:33:14 INFO DAGScheduler: Job 1 is finished. Cancelling potential speculative or zombie tasks for this job
25/01/01 11:33:14 INFO TaskSchedulerImpl: Killing all running tasks in stage 1: Stage finished
25/01/01 11:33:14 INFO DAGScheduler: Job 1 finished: showString at NativeMethodAccessorImpl.java:0, took 0.398307 s
25/01/01 11:33:14 INFO CodeGenerator: Code generated in 15.970204 ms
25/01/01 11:33:15 INFO BlockManagerInfo: Removed broadcast_2_piece0 on 192.168.29.182:45987 in memory (size: 7.8 KiB, free: 434.4 MiB)
25/01/01 11:33:15 INFO CodeGenerator: Code generated in 11.869116 ms
25/01/01 11:33:15 INFO FileSourceStrategy: Pushed Filters: 
25/01/01 11:33:15 INFO FileSourceStrategy: Post-Scan Filters: 
25/01/01 11:33:15 INFO CodeGenerator: Code generated in 23.257396 ms
25/01/01 11:33:15 INFO MemoryStore: Block broadcast_3 stored as values in memory (estimated size 201.1 KiB, free 434.0 MiB)
25/01/01 11:33:15 INFO MemoryStore: Block broadcast_3_piece0 stored as bytes in memory (estimated size 35.0 KiB, free 433.9 MiB)
25/01/01 11:33:15 INFO BlockManagerInfo: Added broadcast_3_piece0 in memory on 192.168.29.182:45987 (size: 35.0 KiB, free: 434.3 MiB)
25/01/01 11:33:15 INFO SparkContext: Created broadcast 3 from showString at NativeMethodAccessorImpl.java:0
25/01/01 11:33:15 INFO FileSourceScanExec: Planning scan with bin packing, max size: 4194304 bytes, open cost is considered as scanning 4194304 bytes.
25/01/01 11:33:15 INFO DAGScheduler: Registering RDD 11 (showString at NativeMethodAccessorImpl.java:0) as input to shuffle 0
25/01/01 11:33:15 INFO DAGScheduler: Got map stage job 2 (showString at NativeMethodAccessorImpl.java:0) with 1 output partitions
25/01/01 11:33:15 INFO DAGScheduler: Final stage: ShuffleMapStage 2 (showString at NativeMethodAccessorImpl.java:0)
25/01/01 11:33:15 INFO DAGScheduler: Parents of final stage: List()
25/01/01 11:33:15 INFO DAGScheduler: Missing parents: List()
25/01/01 11:33:15 INFO DAGScheduler: Submitting ShuffleMapStage 2 (MapPartitionsRDD[11] at showString at NativeMethodAccessorImpl.java:0), which has no missing parents
25/01/01 11:33:15 INFO MemoryStore: Block broadcast_4 stored as values in memory (estimated size 35.4 KiB, free 433.9 MiB)
25/01/01 11:33:15 INFO MemoryStore: Block broadcast_4_piece0 stored as bytes in memory (estimated size 15.7 KiB, free 433.9 MiB)
25/01/01 11:33:15 INFO BlockManagerInfo: Added broadcast_4_piece0 in memory on 192.168.29.182:45987 (size: 15.7 KiB, free: 434.3 MiB)
25/01/01 11:33:15 INFO SparkContext: Created broadcast 4 from broadcast at DAGScheduler.scala:1585
25/01/01 11:33:15 INFO DAGScheduler: Submitting 1 missing tasks from ShuffleMapStage 2 (MapPartitionsRDD[11] at showString at NativeMethodAccessorImpl.java:0) (first 15 tasks are for partitions Vector(0))
25/01/01 11:33:15 INFO TaskSchedulerImpl: Adding task set 2.0 with 1 tasks resource profile 0
25/01/01 11:33:15 INFO TaskSetManager: Starting task 0.0 in stage 2.0 (TID 2) (192.168.29.182, executor driver, partition 0, PROCESS_LOCAL, 9645 bytes) 
25/01/01 11:33:15 INFO Executor: Running task 0.0 in stage 2.0 (TID 2)
25/01/01 11:33:15 INFO CodeGenerator: Code generated in 23.253048 ms
25/01/01 11:33:15 INFO CodeGenerator: Code generated in 12.111332 ms
25/01/01 11:33:15 INFO CodeGenerator: Code generated in 10.936638 ms
25/01/01 11:33:15 INFO CodeGenerator: Code generated in 7.818741 ms
25/01/01 11:33:15 INFO FileScanRDD: Reading File path: file:///home/bidut/Desktop/dev/pyspark_learn/Course01Learn/16-RankingDemo/data/summary.parquet, range: 0-2486, partition values: [empty row]
25/01/01 11:33:15 INFO CodeGenerator: Code generated in 11.030561 ms
25/01/01 11:33:15 INFO CodeGenerator: Code generated in 8.814146 ms
25/01/01 11:33:15 INFO Executor: Finished task 0.0 in stage 2.0 (TID 2). 2782 bytes result sent to driver
25/01/01 11:33:15 INFO TaskSetManager: Finished task 0.0 in stage 2.0 (TID 2) in 221 ms on 192.168.29.182 (executor driver) (1/1)
25/01/01 11:33:15 INFO TaskSchedulerImpl: Removed TaskSet 2.0, whose tasks have all completed, from pool 
25/01/01 11:33:15 INFO DAGScheduler: ShuffleMapStage 2 (showString at NativeMethodAccessorImpl.java:0) finished in 0.264 s
25/01/01 11:33:15 INFO DAGScheduler: looking for newly runnable stages
25/01/01 11:33:15 INFO DAGScheduler: running: Set()
25/01/01 11:33:15 INFO DAGScheduler: waiting: Set()
25/01/01 11:33:15 INFO DAGScheduler: failed: Set()
25/01/01 11:33:16 INFO ShufflePartitionsUtil: For shuffle(0), advisory target size: 67108864, actual target size 1048576, minimum partition size: 1048576
25/01/01 11:33:16 INFO CodeGenerator: Code generated in 11.07857 ms
25/01/01 11:33:16 INFO CodeGenerator: Code generated in 13.524698 ms
25/01/01 11:33:16 INFO SparkContext: Starting job: showString at NativeMethodAccessorImpl.java:0
25/01/01 11:33:16 INFO DAGScheduler: Got job 3 (showString at NativeMethodAccessorImpl.java:0) with 1 output partitions
25/01/01 11:33:16 INFO DAGScheduler: Final stage: ResultStage 4 (showString at NativeMethodAccessorImpl.java:0)
25/01/01 11:33:16 INFO DAGScheduler: Parents of final stage: List(ShuffleMapStage 3)
25/01/01 11:33:16 INFO DAGScheduler: Missing parents: List()
25/01/01 11:33:16 INFO DAGScheduler: Submitting ResultStage 4 (MapPartitionsRDD[18] at showString at NativeMethodAccessorImpl.java:0), which has no missing parents
25/01/01 11:33:16 INFO MemoryStore: Block broadcast_5 stored as values in memory (estimated size 44.1 KiB, free 433.8 MiB)
25/01/01 11:33:16 INFO MemoryStore: Block broadcast_5_piece0 stored as bytes in memory (estimated size 20.0 KiB, free 433.8 MiB)
25/01/01 11:33:16 INFO BlockManagerInfo: Added broadcast_5_piece0 in memory on 192.168.29.182:45987 (size: 20.0 KiB, free: 434.3 MiB)
25/01/01 11:33:16 INFO SparkContext: Created broadcast 5 from broadcast at DAGScheduler.scala:1585
25/01/01 11:33:16 INFO DAGScheduler: Submitting 1 missing tasks from ResultStage 4 (MapPartitionsRDD[18] at showString at NativeMethodAccessorImpl.java:0) (first 15 tasks are for partitions Vector(0))
25/01/01 11:33:16 INFO TaskSchedulerImpl: Adding task set 4.0 with 1 tasks resource profile 0
25/01/01 11:33:16 INFO TaskSetManager: Starting task 0.0 in stage 4.0 (TID 3) (192.168.29.182, executor driver, partition 0, NODE_LOCAL, 8999 bytes) 
25/01/01 11:33:16 INFO Executor: Running task 0.0 in stage 4.0 (TID 3)
25/01/01 11:33:16 INFO ShuffleBlockFetcherIterator: Getting 1 (2.7 KiB) non-empty blocks including 1 (2.7 KiB) local and 0 (0.0 B) host-local and 0 (0.0 B) push-merged-local and 0 (0.0 B) remote blocks
25/01/01 11:33:16 INFO ShuffleBlockFetcherIterator: Started 0 remote fetches in 9 ms
25/01/01 11:33:16 INFO CodeGenerator: Code generated in 8.969241 ms
25/01/01 11:33:16 INFO CodeGenerator: Code generated in 17.518339 ms
25/01/01 11:33:16 INFO BlockManagerInfo: Removed broadcast_1_piece0 on 192.168.29.182:45987 in memory (size: 35.0 KiB, free: 434.3 MiB)
25/01/01 11:33:16 INFO BlockManagerInfo: Removed broadcast_4_piece0 on 192.168.29.182:45987 in memory (size: 15.7 KiB, free: 434.3 MiB)
25/01/01 11:33:16 INFO CodeGenerator: Code generated in 5.006337 ms
25/01/01 11:33:16 INFO CodeGenerator: Code generated in 7.822658 ms
25/01/01 11:33:16 INFO CodeGenerator: Code generated in 4.230938 ms
25/01/01 11:33:16 INFO CodeGenerator: Code generated in 7.323448 ms
25/01/01 11:33:16 INFO Executor: Finished task 0.0 in stage 4.0 (TID 3). 6921 bytes result sent to driver
25/01/01 11:33:16 INFO TaskSetManager: Finished task 0.0 in stage 4.0 (TID 3) in 179 ms on 192.168.29.182 (executor driver) (1/1)
25/01/01 11:33:16 INFO TaskSchedulerImpl: Removed TaskSet 4.0, whose tasks have all completed, from pool 
25/01/01 11:33:16 INFO DAGScheduler: ResultStage 4 (showString at NativeMethodAccessorImpl.java:0) finished in 0.197 s
25/01/01 11:33:16 INFO DAGScheduler: Job 3 is finished. Cancelling potential speculative or zombie tasks for this job
25/01/01 11:33:16 INFO TaskSchedulerImpl: Killing all running tasks in stage 4: Stage finished
25/01/01 11:33:16 INFO DAGScheduler: Job 3 finished: showString at NativeMethodAccessorImpl.java:0, took 0.212831 s
25/01/01 11:33:16 INFO CodeGenerator: Code generated in 9.996916 ms
25/01/01 11:33:16 INFO CodeGenerator: Code generated in 7.037581 ms
25/01/01 11:33:16 INFO SparkContext: Invoking stop() from shutdown hook
25/01/01 11:33:16 INFO SparkContext: SparkContext is stopping with exitCode 0.
25/01/01 11:33:16 INFO AbstractConnector: Stopped Spark@2c83d014{HTTP/1.1, (http/1.1)}{0.0.0.0:4041}
25/01/01 11:33:16 INFO SparkUI: Stopped Spark web UI at http://192.168.29.182:4041
25/01/01 11:33:16 INFO MapOutputTrackerMasterEndpoint: MapOutputTrackerMasterEndpoint stopped!
25/01/01 11:33:16 INFO MemoryStore: MemoryStore cleared
25/01/01 11:33:16 INFO BlockManager: BlockManager stopped
25/01/01 11:33:16 INFO BlockManagerMaster: BlockManagerMaster stopped
25/01/01 11:33:16 INFO OutputCommitCoordinator$OutputCommitCoordinatorEndpoint: OutputCommitCoordinator stopped!
25/01/01 11:33:16 INFO SparkContext: Successfully stopped SparkContext
25/01/01 11:33:16 INFO ShutdownHookManager: Shutdown hook called
25/01/01 11:33:16 INFO ShutdownHookManager: Deleting directory /tmp/spark-0ab95fd2-56cf-4c38-a40a-356a0149abaa
25/01/01 11:33:16 INFO ShutdownHookManager: Deleting directory /tmp/spark-0ab95fd2-56cf-4c38-a40a-356a0149abaa/pyspark-3f817c99-3b1e-4694-83bf-cd88ba66ca00
25/01/01 11:33:16 INFO ShutdownHookManager: Deleting directory /tmp/spark-ab6bd7a2-8fce-4145-b8a6-bd6a46025ab8
25/01/01 11:35:38 WARN Utils: Your hostname, bidut-HP-Laptop-14s-fq1xxx resolves to a loopback address: 127.0.1.1; using 192.168.29.182 instead (on interface wlo1)
25/01/01 11:35:38 WARN Utils: Set SPARK_LOCAL_IP if you need to bind to another address
25/01/01 11:35:38 INFO SparkContext: Running Spark version 3.5.4
25/01/01 11:35:38 INFO SparkContext: OS info Linux, 5.15.0-126-generic, amd64
25/01/01 11:35:38 INFO SparkContext: Java version 11.0.25
25/01/01 11:35:38 WARN NativeCodeLoader: Unable to load native-hadoop library for your platform... using builtin-java classes where applicable
25/01/01 11:35:39 INFO ResourceUtils: ==============================================================
25/01/01 11:35:39 INFO ResourceUtils: No custom resources configured for spark.driver.
25/01/01 11:35:39 INFO ResourceUtils: ==============================================================
25/01/01 11:35:39 INFO SparkContext: Submitted application: GroupingDemo
25/01/01 11:35:39 INFO ResourceProfile: Default ResourceProfile created, executor resources: Map(cores -> name: cores, amount: 1, script: , vendor: , memory -> name: memory, amount: 1024, script: , vendor: , offHeap -> name: offHeap, amount: 0, script: , vendor: ), task resources: Map(cpus -> name: cpus, amount: 1.0)
25/01/01 11:35:39 INFO ResourceProfile: Limiting resource is cpu
25/01/01 11:35:39 INFO ResourceProfileManager: Added ResourceProfile id: 0
25/01/01 11:35:39 INFO SecurityManager: Changing view acls to: bidut
25/01/01 11:35:39 INFO SecurityManager: Changing modify acls to: bidut
25/01/01 11:35:39 INFO SecurityManager: Changing view acls groups to: 
25/01/01 11:35:39 INFO SecurityManager: Changing modify acls groups to: 
25/01/01 11:35:39 INFO SecurityManager: SecurityManager: authentication disabled; ui acls disabled; users with view permissions: bidut; groups with view permissions: EMPTY; users with modify permissions: bidut; groups with modify permissions: EMPTY
25/01/01 11:35:39 INFO Utils: Successfully started service 'sparkDriver' on port 40595.
25/01/01 11:35:39 INFO SparkEnv: Registering MapOutputTracker
25/01/01 11:35:39 INFO SparkEnv: Registering BlockManagerMaster
25/01/01 11:35:39 INFO BlockManagerMasterEndpoint: Using org.apache.spark.storage.DefaultTopologyMapper for getting topology information
25/01/01 11:35:39 INFO BlockManagerMasterEndpoint: BlockManagerMasterEndpoint up
25/01/01 11:35:39 INFO SparkEnv: Registering BlockManagerMasterHeartbeat
25/01/01 11:35:39 INFO DiskBlockManager: Created local directory at /tmp/blockmgr-3ef0c9ca-5096-40c3-8957-566007467ae3
25/01/01 11:35:39 INFO MemoryStore: MemoryStore started with capacity 434.4 MiB
25/01/01 11:35:39 INFO SparkEnv: Registering OutputCommitCoordinator
25/01/01 11:35:39 INFO log: Logging initialized @2602ms to org.sparkproject.jetty.util.log.Slf4jLog
25/01/01 11:35:39 INFO JettyUtils: Start Jetty 0.0.0.0:4040 for SparkUI
25/01/01 11:35:39 INFO Server: jetty-9.4.56.v20240826; built: 2024-08-26T17:15:05.868Z; git: ec6782ff5ead824dabdcf47fa98f90a4aedff401; jvm 11.0.25+9-post-Ubuntu-1ubuntu120.04
25/01/01 11:35:39 INFO Server: Started @2735ms
25/01/01 11:35:39 WARN Utils: Service 'SparkUI' could not bind on port 4040. Attempting port 4041.
25/01/01 11:35:39 INFO AbstractConnector: Started ServerConnector@7b1784c9{HTTP/1.1, (http/1.1)}{0.0.0.0:4041}
25/01/01 11:35:39 INFO Utils: Successfully started service 'SparkUI' on port 4041.
25/01/01 11:35:39 INFO ContextHandler: Started o.s.j.s.ServletContextHandler@76287548{/,null,AVAILABLE,@Spark}
25/01/01 11:35:39 INFO Executor: Starting executor ID driver on host 192.168.29.182
25/01/01 11:35:39 INFO Executor: OS info Linux, 5.15.0-126-generic, amd64
25/01/01 11:35:39 INFO Executor: Java version 11.0.25
25/01/01 11:35:39 INFO Executor: Starting executor with user classpath (userClassPathFirst = false): ''
25/01/01 11:35:39 INFO Executor: Created or updated repl class loader org.apache.spark.util.MutableURLClassLoader@5e8710db for default.
25/01/01 11:35:39 INFO Utils: Successfully started service 'org.apache.spark.network.netty.NettyBlockTransferService' on port 35237.
25/01/01 11:35:39 INFO NettyBlockTransferService: Server created on 192.168.29.182:35237
25/01/01 11:35:39 INFO BlockManager: Using org.apache.spark.storage.RandomBlockReplicationPolicy for block replication policy
25/01/01 11:35:39 INFO BlockManagerMaster: Registering BlockManager BlockManagerId(driver, 192.168.29.182, 35237, None)
25/01/01 11:35:39 INFO BlockManagerMasterEndpoint: Registering block manager 192.168.29.182:35237 with 434.4 MiB RAM, BlockManagerId(driver, 192.168.29.182, 35237, None)
25/01/01 11:35:39 INFO BlockManagerMaster: Registered BlockManager BlockManagerId(driver, 192.168.29.182, 35237, None)
25/01/01 11:35:39 INFO BlockManager: Initialized BlockManager: BlockManagerId(driver, 192.168.29.182, 35237, None)
25/01/01 11:35:40 INFO ContextHandler: Stopped o.s.j.s.ServletContextHandler@76287548{/,null,STOPPED,@Spark}
25/01/01 11:35:40 INFO ContextHandler: Started o.s.j.s.ServletContextHandler@66cb9509{/jobs,null,AVAILABLE,@Spark}
25/01/01 11:35:40 INFO ContextHandler: Started o.s.j.s.ServletContextHandler@50f1d732{/jobs/json,null,AVAILABLE,@Spark}
25/01/01 11:35:40 INFO ContextHandler: Started o.s.j.s.ServletContextHandler@6cdc61b0{/jobs/job,null,AVAILABLE,@Spark}
25/01/01 11:35:40 INFO ContextHandler: Started o.s.j.s.ServletContextHandler@1b376367{/jobs/job/json,null,AVAILABLE,@Spark}
25/01/01 11:35:40 INFO ContextHandler: Started o.s.j.s.ServletContextHandler@7586591f{/stages,null,AVAILABLE,@Spark}
25/01/01 11:35:40 INFO ContextHandler: Started o.s.j.s.ServletContextHandler@192f7af9{/stages/json,null,AVAILABLE,@Spark}
25/01/01 11:35:40 INFO ContextHandler: Started o.s.j.s.ServletContextHandler@2ce4312c{/stages/stage,null,AVAILABLE,@Spark}
25/01/01 11:35:40 INFO ContextHandler: Started o.s.j.s.ServletContextHandler@1cda0f89{/stages/stage/json,null,AVAILABLE,@Spark}
25/01/01 11:35:40 INFO ContextHandler: Started o.s.j.s.ServletContextHandler@202df264{/stages/pool,null,AVAILABLE,@Spark}
25/01/01 11:35:40 INFO ContextHandler: Started o.s.j.s.ServletContextHandler@fef595f{/stages/pool/json,null,AVAILABLE,@Spark}
25/01/01 11:35:40 INFO ContextHandler: Started o.s.j.s.ServletContextHandler@34d66f8{/storage,null,AVAILABLE,@Spark}
25/01/01 11:35:40 INFO ContextHandler: Started o.s.j.s.ServletContextHandler@18f15512{/storage/json,null,AVAILABLE,@Spark}
25/01/01 11:35:40 INFO ContextHandler: Started o.s.j.s.ServletContextHandler@5cedf55f{/storage/rdd,null,AVAILABLE,@Spark}
25/01/01 11:35:40 INFO ContextHandler: Started o.s.j.s.ServletContextHandler@2d86bab8{/storage/rdd/json,null,AVAILABLE,@Spark}
25/01/01 11:35:40 INFO ContextHandler: Started o.s.j.s.ServletContextHandler@53bcb582{/environment,null,AVAILABLE,@Spark}
25/01/01 11:35:40 INFO ContextHandler: Started o.s.j.s.ServletContextHandler@1d60c695{/environment/json,null,AVAILABLE,@Spark}
25/01/01 11:35:40 INFO ContextHandler: Started o.s.j.s.ServletContextHandler@c371abe{/executors,null,AVAILABLE,@Spark}
25/01/01 11:35:40 INFO ContextHandler: Started o.s.j.s.ServletContextHandler@4d760089{/executors/json,null,AVAILABLE,@Spark}
25/01/01 11:35:40 INFO ContextHandler: Started o.s.j.s.ServletContextHandler@4e40b91a{/executors/threadDump,null,AVAILABLE,@Spark}
25/01/01 11:35:40 INFO ContextHandler: Started o.s.j.s.ServletContextHandler@2cecb412{/executors/threadDump/json,null,AVAILABLE,@Spark}
25/01/01 11:35:40 INFO ContextHandler: Started o.s.j.s.ServletContextHandler@28867456{/executors/heapHistogram,null,AVAILABLE,@Spark}
25/01/01 11:35:40 INFO ContextHandler: Started o.s.j.s.ServletContextHandler@2c0a2d42{/executors/heapHistogram/json,null,AVAILABLE,@Spark}
25/01/01 11:35:40 INFO ContextHandler: Started o.s.j.s.ServletContextHandler@78f5ba14{/static,null,AVAILABLE,@Spark}
25/01/01 11:35:40 INFO ContextHandler: Started o.s.j.s.ServletContextHandler@3e09df8a{/,null,AVAILABLE,@Spark}
25/01/01 11:35:40 INFO ContextHandler: Started o.s.j.s.ServletContextHandler@7e9919c5{/api,null,AVAILABLE,@Spark}
25/01/01 11:35:40 INFO ContextHandler: Started o.s.j.s.ServletContextHandler@605b8d56{/jobs/job/kill,null,AVAILABLE,@Spark}
25/01/01 11:35:40 INFO ContextHandler: Started o.s.j.s.ServletContextHandler@15cc757c{/stages/stage/kill,null,AVAILABLE,@Spark}
25/01/01 11:35:40 INFO ContextHandler: Started o.s.j.s.ServletContextHandler@12b010cb{/metrics/json,null,AVAILABLE,@Spark}
25/01/01 11:35:40 INFO SharedState: Setting hive.metastore.warehouse.dir ('null') to the value of spark.sql.warehouse.dir.
25/01/01 11:35:40 INFO SharedState: Warehouse path is 'file:/home/bidut/Desktop/dev/pyspark_learn/Course01Learn/17-SparkJoinDemo/spark-warehouse'.
25/01/01 11:35:40 INFO ContextHandler: Started o.s.j.s.ServletContextHandler@36bf1496{/SQL,null,AVAILABLE,@Spark}
25/01/01 11:35:40 INFO ContextHandler: Started o.s.j.s.ServletContextHandler@60d2a929{/SQL/json,null,AVAILABLE,@Spark}
25/01/01 11:35:40 INFO ContextHandler: Started o.s.j.s.ServletContextHandler@1c23bbeb{/SQL/execution,null,AVAILABLE,@Spark}
25/01/01 11:35:40 INFO ContextHandler: Started o.s.j.s.ServletContextHandler@64d2073c{/SQL/execution/json,null,AVAILABLE,@Spark}
25/01/01 11:35:40 INFO ContextHandler: Started o.s.j.s.ServletContextHandler@2e335b0b{/static/sql,null,AVAILABLE,@Spark}
25/01/01 11:35:43 INFO CodeGenerator: Code generated in 197.638373 ms
25/01/01 11:35:43 INFO SparkContext: Starting job: showString at NativeMethodAccessorImpl.java:0
25/01/01 11:35:43 INFO DAGScheduler: Got job 0 (showString at NativeMethodAccessorImpl.java:0) with 1 output partitions
25/01/01 11:35:43 INFO DAGScheduler: Final stage: ResultStage 0 (showString at NativeMethodAccessorImpl.java:0)
25/01/01 11:35:43 INFO DAGScheduler: Parents of final stage: List()
25/01/01 11:35:43 INFO DAGScheduler: Missing parents: List()
25/01/01 11:35:43 INFO DAGScheduler: Submitting ResultStage 0 (MapPartitionsRDD[11] at showString at NativeMethodAccessorImpl.java:0), which has no missing parents
25/01/01 11:35:43 INFO MemoryStore: Block broadcast_0 stored as values in memory (estimated size 13.4 KiB, free 434.4 MiB)
25/01/01 11:35:43 INFO MemoryStore: Block broadcast_0_piece0 stored as bytes in memory (estimated size 6.8 KiB, free 434.4 MiB)
25/01/01 11:35:43 INFO BlockManagerInfo: Added broadcast_0_piece0 in memory on 192.168.29.182:35237 (size: 6.8 KiB, free: 434.4 MiB)
25/01/01 11:35:43 INFO SparkContext: Created broadcast 0 from broadcast at DAGScheduler.scala:1585
25/01/01 11:35:43 INFO DAGScheduler: Submitting 1 missing tasks from ResultStage 0 (MapPartitionsRDD[11] at showString at NativeMethodAccessorImpl.java:0) (first 15 tasks are for partitions Vector(0))
25/01/01 11:35:43 INFO TaskSchedulerImpl: Adding task set 0.0 with 1 tasks resource profile 0
25/01/01 11:35:43 INFO TaskSetManager: Starting task 0.0 in stage 0.0 (TID 0) (192.168.29.182, executor driver, partition 0, PROCESS_LOCAL, 9061 bytes) 
25/01/01 11:35:43 INFO Executor: Running task 0.0 in stage 0.0 (TID 0)
25/01/01 11:35:44 INFO CodeGenerator: Code generated in 14.208288 ms
25/01/01 11:35:44 INFO PythonRunner: Times: total = 701, boot = 644, init = 57, finish = 0
25/01/01 11:35:44 INFO Executor: Finished task 0.0 in stage 0.0 (TID 0). 1988 bytes result sent to driver
25/01/01 11:35:44 INFO TaskSetManager: Finished task 0.0 in stage 0.0 (TID 0) in 893 ms on 192.168.29.182 (executor driver) (1/1)
25/01/01 11:35:44 INFO TaskSchedulerImpl: Removed TaskSet 0.0, whose tasks have all completed, from pool 
25/01/01 11:35:44 INFO PythonAccumulatorV2: Connected to AccumulatorServer at host: 127.0.0.1 port: 58547
25/01/01 11:35:44 INFO DAGScheduler: ResultStage 0 (showString at NativeMethodAccessorImpl.java:0) finished in 1.114 s
25/01/01 11:35:44 INFO DAGScheduler: Job 0 is finished. Cancelling potential speculative or zombie tasks for this job
25/01/01 11:35:44 INFO TaskSchedulerImpl: Killing all running tasks in stage 0: Stage finished
25/01/01 11:35:44 INFO DAGScheduler: Job 0 finished: showString at NativeMethodAccessorImpl.java:0, took 1.163227 s
25/01/01 11:35:44 INFO SparkContext: Starting job: showString at NativeMethodAccessorImpl.java:0
25/01/01 11:35:44 INFO DAGScheduler: Got job 1 (showString at NativeMethodAccessorImpl.java:0) with 2 output partitions
25/01/01 11:35:44 INFO DAGScheduler: Final stage: ResultStage 1 (showString at NativeMethodAccessorImpl.java:0)
25/01/01 11:35:44 INFO DAGScheduler: Parents of final stage: List()
25/01/01 11:35:44 INFO DAGScheduler: Missing parents: List()
25/01/01 11:35:44 INFO DAGScheduler: Submitting ResultStage 1 (MapPartitionsRDD[11] at showString at NativeMethodAccessorImpl.java:0), which has no missing parents
25/01/01 11:35:44 INFO MemoryStore: Block broadcast_1 stored as values in memory (estimated size 13.4 KiB, free 434.4 MiB)
25/01/01 11:35:44 INFO MemoryStore: Block broadcast_1_piece0 stored as bytes in memory (estimated size 6.8 KiB, free 434.4 MiB)
25/01/01 11:35:44 INFO BlockManagerInfo: Added broadcast_1_piece0 in memory on 192.168.29.182:35237 (size: 6.8 KiB, free: 434.4 MiB)
25/01/01 11:35:44 INFO SparkContext: Created broadcast 1 from broadcast at DAGScheduler.scala:1585
25/01/01 11:35:44 INFO DAGScheduler: Submitting 2 missing tasks from ResultStage 1 (MapPartitionsRDD[11] at showString at NativeMethodAccessorImpl.java:0) (first 15 tasks are for partitions Vector(1, 2))
25/01/01 11:35:44 INFO TaskSchedulerImpl: Adding task set 1.0 with 2 tasks resource profile 0
25/01/01 11:35:44 INFO TaskSetManager: Starting task 0.0 in stage 1.0 (TID 1) (192.168.29.182, executor driver, partition 1, PROCESS_LOCAL, 9068 bytes) 
25/01/01 11:35:44 INFO TaskSetManager: Starting task 1.0 in stage 1.0 (TID 2) (192.168.29.182, executor driver, partition 2, PROCESS_LOCAL, 9168 bytes) 
25/01/01 11:35:44 INFO Executor: Running task 0.0 in stage 1.0 (TID 1)
25/01/01 11:35:44 INFO Executor: Running task 1.0 in stage 1.0 (TID 2)
25/01/01 11:35:44 INFO PythonRunner: Times: total = 44, boot = -112, init = 156, finish = 0
25/01/01 11:35:44 INFO Executor: Finished task 0.0 in stage 1.0 (TID 1). 2012 bytes result sent to driver
25/01/01 11:35:44 INFO PythonRunner: Times: total = 49, boot = 6, init = 43, finish = 0
25/01/01 11:35:44 INFO TaskSetManager: Finished task 0.0 in stage 1.0 (TID 1) in 73 ms on 192.168.29.182 (executor driver) (1/2)
25/01/01 11:35:44 INFO Executor: Finished task 1.0 in stage 1.0 (TID 2). 2091 bytes result sent to driver
25/01/01 11:35:44 INFO TaskSetManager: Finished task 1.0 in stage 1.0 (TID 2) in 88 ms on 192.168.29.182 (executor driver) (2/2)
25/01/01 11:35:44 INFO DAGScheduler: ResultStage 1 (showString at NativeMethodAccessorImpl.java:0) finished in 0.105 s
25/01/01 11:35:44 INFO TaskSchedulerImpl: Removed TaskSet 1.0, whose tasks have all completed, from pool 
25/01/01 11:35:44 INFO DAGScheduler: Job 1 is finished. Cancelling potential speculative or zombie tasks for this job
25/01/01 11:35:44 INFO TaskSchedulerImpl: Killing all running tasks in stage 1: Stage finished
25/01/01 11:35:44 INFO DAGScheduler: Job 1 finished: showString at NativeMethodAccessorImpl.java:0, took 0.117406 s
25/01/01 11:35:44 INFO BlockManagerInfo: Removed broadcast_0_piece0 on 192.168.29.182:35237 in memory (size: 6.8 KiB, free: 434.4 MiB)
25/01/01 11:35:44 INFO BlockManagerInfo: Removed broadcast_1_piece0 on 192.168.29.182:35237 in memory (size: 6.8 KiB, free: 434.4 MiB)
25/01/01 11:35:45 INFO CodeGenerator: Code generated in 16.873436 ms
25/01/01 11:35:45 INFO SparkContext: Starting job: showString at NativeMethodAccessorImpl.java:0
25/01/01 11:35:45 INFO DAGScheduler: Got job 2 (showString at NativeMethodAccessorImpl.java:0) with 1 output partitions
25/01/01 11:35:45 INFO DAGScheduler: Final stage: ResultStage 2 (showString at NativeMethodAccessorImpl.java:0)
25/01/01 11:35:45 INFO DAGScheduler: Parents of final stage: List()
25/01/01 11:35:45 INFO DAGScheduler: Missing parents: List()
25/01/01 11:35:45 INFO DAGScheduler: Submitting ResultStage 2 (MapPartitionsRDD[13] at showString at NativeMethodAccessorImpl.java:0), which has no missing parents
25/01/01 11:35:45 INFO MemoryStore: Block broadcast_2 stored as values in memory (estimated size 13.4 KiB, free 434.4 MiB)
25/01/01 11:35:45 INFO MemoryStore: Block broadcast_2_piece0 stored as bytes in memory (estimated size 6.8 KiB, free 434.4 MiB)
25/01/01 11:35:45 INFO BlockManagerInfo: Added broadcast_2_piece0 in memory on 192.168.29.182:35237 (size: 6.8 KiB, free: 434.4 MiB)
25/01/01 11:35:45 INFO SparkContext: Created broadcast 2 from broadcast at DAGScheduler.scala:1585
25/01/01 11:35:45 INFO DAGScheduler: Submitting 1 missing tasks from ResultStage 2 (MapPartitionsRDD[13] at showString at NativeMethodAccessorImpl.java:0) (first 15 tasks are for partitions Vector(0))
25/01/01 11:35:45 INFO TaskSchedulerImpl: Adding task set 2.0 with 1 tasks resource profile 0
25/01/01 11:35:45 INFO TaskSetManager: Starting task 0.0 in stage 2.0 (TID 3) (192.168.29.182, executor driver, partition 0, PROCESS_LOCAL, 9053 bytes) 
25/01/01 11:35:45 INFO Executor: Running task 0.0 in stage 2.0 (TID 3)
25/01/01 11:35:45 INFO PythonRunner: Times: total = 42, boot = -1226, init = 1268, finish = 0
25/01/01 11:35:45 INFO Executor: Finished task 0.0 in stage 2.0 (TID 3). 1935 bytes result sent to driver
25/01/01 11:35:45 INFO TaskSetManager: Finished task 0.0 in stage 2.0 (TID 3) in 61 ms on 192.168.29.182 (executor driver) (1/1)
25/01/01 11:35:45 INFO TaskSchedulerImpl: Removed TaskSet 2.0, whose tasks have all completed, from pool 
25/01/01 11:35:45 INFO DAGScheduler: ResultStage 2 (showString at NativeMethodAccessorImpl.java:0) finished in 0.077 s
25/01/01 11:35:45 INFO DAGScheduler: Job 2 is finished. Cancelling potential speculative or zombie tasks for this job
25/01/01 11:35:45 INFO TaskSchedulerImpl: Killing all running tasks in stage 2: Stage finished
25/01/01 11:35:45 INFO DAGScheduler: Job 2 finished: showString at NativeMethodAccessorImpl.java:0, took 0.088263 s
25/01/01 11:35:45 INFO SparkContext: Starting job: showString at NativeMethodAccessorImpl.java:0
25/01/01 11:35:45 INFO DAGScheduler: Got job 3 (showString at NativeMethodAccessorImpl.java:0) with 2 output partitions
25/01/01 11:35:45 INFO DAGScheduler: Final stage: ResultStage 3 (showString at NativeMethodAccessorImpl.java:0)
25/01/01 11:35:45 INFO DAGScheduler: Parents of final stage: List()
25/01/01 11:35:45 INFO DAGScheduler: Missing parents: List()
25/01/01 11:35:45 INFO DAGScheduler: Submitting ResultStage 3 (MapPartitionsRDD[13] at showString at NativeMethodAccessorImpl.java:0), which has no missing parents
25/01/01 11:35:45 INFO MemoryStore: Block broadcast_3 stored as values in memory (estimated size 13.4 KiB, free 434.4 MiB)
25/01/01 11:35:45 INFO MemoryStore: Block broadcast_3_piece0 stored as bytes in memory (estimated size 6.8 KiB, free 434.4 MiB)
25/01/01 11:35:45 INFO BlockManagerInfo: Added broadcast_3_piece0 in memory on 192.168.29.182:35237 (size: 6.8 KiB, free: 434.4 MiB)
25/01/01 11:35:45 INFO SparkContext: Created broadcast 3 from broadcast at DAGScheduler.scala:1585
25/01/01 11:35:45 INFO DAGScheduler: Submitting 2 missing tasks from ResultStage 3 (MapPartitionsRDD[13] at showString at NativeMethodAccessorImpl.java:0) (first 15 tasks are for partitions Vector(1, 2))
25/01/01 11:35:45 INFO TaskSchedulerImpl: Adding task set 3.0 with 2 tasks resource profile 0
25/01/01 11:35:45 INFO TaskSetManager: Starting task 0.0 in stage 3.0 (TID 4) (192.168.29.182, executor driver, partition 1, PROCESS_LOCAL, 9051 bytes) 
25/01/01 11:35:45 INFO TaskSetManager: Starting task 1.0 in stage 3.0 (TID 5) (192.168.29.182, executor driver, partition 2, PROCESS_LOCAL, 9056 bytes) 
25/01/01 11:35:45 INFO Executor: Running task 0.0 in stage 3.0 (TID 4)
25/01/01 11:35:45 INFO Executor: Running task 1.0 in stage 3.0 (TID 5)
25/01/01 11:35:45 INFO PythonRunner: Times: total = 43, boot = -31, init = 74, finish = 0
25/01/01 11:35:45 INFO PythonRunner: Times: total = 44, boot = -1299, init = 1343, finish = 0
25/01/01 11:35:45 INFO Executor: Finished task 1.0 in stage 3.0 (TID 5). 1953 bytes result sent to driver
25/01/01 11:35:45 INFO Executor: Finished task 0.0 in stage 3.0 (TID 4). 1936 bytes result sent to driver
25/01/01 11:35:45 INFO TaskSetManager: Finished task 0.0 in stage 3.0 (TID 4) in 85 ms on 192.168.29.182 (executor driver) (1/2)
25/01/01 11:35:45 INFO BlockManagerInfo: Removed broadcast_2_piece0 on 192.168.29.182:35237 in memory (size: 6.8 KiB, free: 434.4 MiB)
25/01/01 11:35:45 INFO TaskSetManager: Finished task 1.0 in stage 3.0 (TID 5) in 86 ms on 192.168.29.182 (executor driver) (2/2)
25/01/01 11:35:45 INFO TaskSchedulerImpl: Removed TaskSet 3.0, whose tasks have all completed, from pool 
25/01/01 11:35:45 INFO DAGScheduler: ResultStage 3 (showString at NativeMethodAccessorImpl.java:0) finished in 0.101 s
25/01/01 11:35:45 INFO DAGScheduler: Job 3 is finished. Cancelling potential speculative or zombie tasks for this job
25/01/01 11:35:45 INFO TaskSchedulerImpl: Killing all running tasks in stage 3: Stage finished
25/01/01 11:35:45 INFO DAGScheduler: Job 3 finished: showString at NativeMethodAccessorImpl.java:0, took 0.109536 s
25/01/01 11:35:46 INFO CodeGenerator: Code generated in 12.528657 ms
25/01/01 11:35:46 INFO DAGScheduler: Registering RDD 15 (showString at NativeMethodAccessorImpl.java:0) as input to shuffle 0
25/01/01 11:35:46 INFO DAGScheduler: Got map stage job 4 (showString at NativeMethodAccessorImpl.java:0) with 3 output partitions
25/01/01 11:35:46 INFO DAGScheduler: Final stage: ShuffleMapStage 4 (showString at NativeMethodAccessorImpl.java:0)
25/01/01 11:35:46 INFO DAGScheduler: Parents of final stage: List()
25/01/01 11:35:46 INFO DAGScheduler: Missing parents: List()
25/01/01 11:35:46 INFO DAGScheduler: Submitting ShuffleMapStage 4 (MapPartitionsRDD[15] at showString at NativeMethodAccessorImpl.java:0), which has no missing parents
25/01/01 11:35:46 INFO CodeGenerator: Code generated in 13.173438 ms
25/01/01 11:35:46 INFO MemoryStore: Block broadcast_4 stored as values in memory (estimated size 16.3 KiB, free 434.4 MiB)
25/01/01 11:35:46 INFO MemoryStore: Block broadcast_4_piece0 stored as bytes in memory (estimated size 8.3 KiB, free 434.4 MiB)
25/01/01 11:35:46 INFO BlockManagerInfo: Added broadcast_4_piece0 in memory on 192.168.29.182:35237 (size: 8.3 KiB, free: 434.4 MiB)
25/01/01 11:35:46 INFO SparkContext: Created broadcast 4 from broadcast at DAGScheduler.scala:1585
25/01/01 11:35:46 INFO DAGScheduler: Submitting 3 missing tasks from ShuffleMapStage 4 (MapPartitionsRDD[15] at showString at NativeMethodAccessorImpl.java:0) (first 15 tasks are for partitions Vector(0, 1, 2))
25/01/01 11:35:46 INFO TaskSchedulerImpl: Adding task set 4.0 with 3 tasks resource profile 0
25/01/01 11:35:46 INFO DAGScheduler: Registering RDD 17 (showString at NativeMethodAccessorImpl.java:0) as input to shuffle 1
25/01/01 11:35:46 INFO DAGScheduler: Got map stage job 5 (showString at NativeMethodAccessorImpl.java:0) with 3 output partitions
25/01/01 11:35:46 INFO DAGScheduler: Final stage: ShuffleMapStage 5 (showString at NativeMethodAccessorImpl.java:0)
25/01/01 11:35:46 INFO DAGScheduler: Parents of final stage: List()
25/01/01 11:35:46 INFO TaskSetManager: Starting task 0.0 in stage 4.0 (TID 6) (192.168.29.182, executor driver, partition 0, PROCESS_LOCAL, 9042 bytes) 
25/01/01 11:35:46 INFO DAGScheduler: Missing parents: List()
25/01/01 11:35:46 INFO TaskSetManager: Starting task 1.0 in stage 4.0 (TID 7) (192.168.29.182, executor driver, partition 1, PROCESS_LOCAL, 9040 bytes) 
25/01/01 11:35:46 INFO DAGScheduler: Submitting ShuffleMapStage 5 (MapPartitionsRDD[17] at showString at NativeMethodAccessorImpl.java:0), which has no missing parents
25/01/01 11:35:46 INFO TaskSetManager: Starting task 2.0 in stage 4.0 (TID 8) (192.168.29.182, executor driver, partition 2, PROCESS_LOCAL, 9045 bytes) 
25/01/01 11:35:46 INFO Executor: Running task 0.0 in stage 4.0 (TID 6)
25/01/01 11:35:46 INFO Executor: Running task 1.0 in stage 4.0 (TID 7)
25/01/01 11:35:46 INFO Executor: Running task 2.0 in stage 4.0 (TID 8)
25/01/01 11:35:46 INFO MemoryStore: Block broadcast_5 stored as values in memory (estimated size 16.0 KiB, free 434.3 MiB)
25/01/01 11:35:46 INFO MemoryStore: Block broadcast_5_piece0 stored as bytes in memory (estimated size 8.2 KiB, free 434.3 MiB)
25/01/01 11:35:46 INFO BlockManagerInfo: Added broadcast_5_piece0 in memory on 192.168.29.182:35237 (size: 8.2 KiB, free: 434.4 MiB)
25/01/01 11:35:46 INFO SparkContext: Created broadcast 5 from broadcast at DAGScheduler.scala:1585
25/01/01 11:35:46 INFO DAGScheduler: Submitting 3 missing tasks from ShuffleMapStage 5 (MapPartitionsRDD[17] at showString at NativeMethodAccessorImpl.java:0) (first 15 tasks are for partitions Vector(0, 1, 2))
25/01/01 11:35:46 INFO TaskSchedulerImpl: Adding task set 5.0 with 3 tasks resource profile 0
25/01/01 11:35:46 INFO CodeGenerator: Code generated in 16.468272 ms
25/01/01 11:35:46 INFO CodeGenerator: Code generated in 10.58905 ms
25/01/01 11:35:46 INFO PythonRunner: Times: total = 45, boot = -590, init = 634, finish = 1
25/01/01 11:35:46 INFO PythonRunner: Times: total = 57, boot = 8, init = 49, finish = 0
25/01/01 11:35:46 INFO PythonRunner: Times: total = 48, boot = -590, init = 638, finish = 0
25/01/01 11:35:46 INFO Executor: Finished task 2.0 in stage 4.0 (TID 8). 2438 bytes result sent to driver
25/01/01 11:35:46 INFO Executor: Finished task 1.0 in stage 4.0 (TID 7). 2438 bytes result sent to driver
25/01/01 11:35:46 INFO Executor: Finished task 0.0 in stage 4.0 (TID 6). 2438 bytes result sent to driver
25/01/01 11:35:46 INFO TaskSetManager: Starting task 0.0 in stage 5.0 (TID 9) (192.168.29.182, executor driver, partition 0, PROCESS_LOCAL, 9050 bytes) 
25/01/01 11:35:46 INFO Executor: Running task 0.0 in stage 5.0 (TID 9)
25/01/01 11:35:46 INFO TaskSetManager: Starting task 1.0 in stage 5.0 (TID 10) (192.168.29.182, executor driver, partition 1, PROCESS_LOCAL, 9057 bytes) 
25/01/01 11:35:46 INFO TaskSetManager: Finished task 2.0 in stage 4.0 (TID 8) in 162 ms on 192.168.29.182 (executor driver) (1/3)
25/01/01 11:35:46 INFO Executor: Running task 1.0 in stage 5.0 (TID 10)
25/01/01 11:35:46 INFO TaskSetManager: Starting task 2.0 in stage 5.0 (TID 11) (192.168.29.182, executor driver, partition 2, PROCESS_LOCAL, 9157 bytes) 
25/01/01 11:35:46 INFO TaskSetManager: Finished task 1.0 in stage 4.0 (TID 7) in 168 ms on 192.168.29.182 (executor driver) (2/3)
25/01/01 11:35:46 INFO Executor: Running task 2.0 in stage 5.0 (TID 11)
25/01/01 11:35:46 INFO TaskSetManager: Finished task 0.0 in stage 4.0 (TID 6) in 172 ms on 192.168.29.182 (executor driver) (3/3)
25/01/01 11:35:46 INFO TaskSchedulerImpl: Removed TaskSet 4.0, whose tasks have all completed, from pool 
25/01/01 11:35:46 INFO DAGScheduler: ShuffleMapStage 4 (showString at NativeMethodAccessorImpl.java:0) finished in 0.211 s
25/01/01 11:35:46 INFO DAGScheduler: looking for newly runnable stages
25/01/01 11:35:46 INFO DAGScheduler: running: Set(ShuffleMapStage 5)
25/01/01 11:35:46 INFO DAGScheduler: waiting: Set()
25/01/01 11:35:46 INFO DAGScheduler: failed: Set()
25/01/01 11:35:46 INFO CodeGenerator: Code generated in 11.313453 ms
25/01/01 11:35:46 INFO CodeGenerator: Code generated in 11.772933 ms
25/01/01 11:35:46 INFO PythonRunner: Times: total = 44, boot = -68, init = 112, finish = 0
25/01/01 11:35:46 INFO PythonRunner: Times: total = 45, boot = -69, init = 114, finish = 0
25/01/01 11:35:46 INFO PythonRunner: Times: total = 47, boot = -61, init = 108, finish = 0
25/01/01 11:35:46 INFO Executor: Finished task 0.0 in stage 5.0 (TID 9). 2395 bytes result sent to driver
25/01/01 11:35:46 INFO Executor: Finished task 1.0 in stage 5.0 (TID 10). 2395 bytes result sent to driver
25/01/01 11:35:46 INFO Executor: Finished task 2.0 in stage 5.0 (TID 11). 2395 bytes result sent to driver
25/01/01 11:35:46 INFO TaskSetManager: Finished task 0.0 in stage 5.0 (TID 9) in 79 ms on 192.168.29.182 (executor driver) (1/3)
25/01/01 11:35:46 INFO TaskSetManager: Finished task 1.0 in stage 5.0 (TID 10) in 78 ms on 192.168.29.182 (executor driver) (2/3)
25/01/01 11:35:46 INFO TaskSetManager: Finished task 2.0 in stage 5.0 (TID 11) in 77 ms on 192.168.29.182 (executor driver) (3/3)
25/01/01 11:35:46 INFO TaskSchedulerImpl: Removed TaskSet 5.0, whose tasks have all completed, from pool 
25/01/01 11:35:46 INFO DAGScheduler: ShuffleMapStage 5 (showString at NativeMethodAccessorImpl.java:0) finished in 0.240 s
25/01/01 11:35:46 INFO DAGScheduler: looking for newly runnable stages
25/01/01 11:35:46 INFO DAGScheduler: running: Set()
25/01/01 11:35:46 INFO DAGScheduler: waiting: Set()
25/01/01 11:35:46 INFO DAGScheduler: failed: Set()
25/01/01 11:35:46 INFO ShufflePartitionsUtil: For shuffle(0, 1), advisory target size: 67108864, actual target size 1048576, minimum partition size: 1048576
25/01/01 11:35:46 INFO CodeGenerator: Code generated in 33.327566 ms
25/01/01 11:35:46 INFO CodeGenerator: Code generated in 14.00865 ms
25/01/01 11:35:46 INFO CodeGenerator: Code generated in 8.271638 ms
25/01/01 11:35:46 INFO SparkContext: Starting job: showString at NativeMethodAccessorImpl.java:0
25/01/01 11:35:46 INFO DAGScheduler: Got job 6 (showString at NativeMethodAccessorImpl.java:0) with 1 output partitions
25/01/01 11:35:46 INFO DAGScheduler: Final stage: ResultStage 8 (showString at NativeMethodAccessorImpl.java:0)
25/01/01 11:35:46 INFO DAGScheduler: Parents of final stage: List(ShuffleMapStage 6, ShuffleMapStage 7)
25/01/01 11:35:46 INFO DAGScheduler: Missing parents: List()
25/01/01 11:35:46 INFO DAGScheduler: Submitting ResultStage 8 (MapPartitionsRDD[24] at showString at NativeMethodAccessorImpl.java:0), which has no missing parents
25/01/01 11:35:47 INFO MemoryStore: Block broadcast_6 stored as values in memory (estimated size 50.1 KiB, free 434.3 MiB)
25/01/01 11:35:47 INFO MemoryStore: Block broadcast_6_piece0 stored as bytes in memory (estimated size 23.3 KiB, free 434.3 MiB)
25/01/01 11:35:47 INFO BlockManagerInfo: Added broadcast_6_piece0 in memory on 192.168.29.182:35237 (size: 23.3 KiB, free: 434.4 MiB)
25/01/01 11:35:47 INFO SparkContext: Created broadcast 6 from broadcast at DAGScheduler.scala:1585
25/01/01 11:35:47 INFO DAGScheduler: Submitting 1 missing tasks from ResultStage 8 (MapPartitionsRDD[24] at showString at NativeMethodAccessorImpl.java:0) (first 15 tasks are for partitions Vector(0))
25/01/01 11:35:47 INFO TaskSchedulerImpl: Adding task set 8.0 with 1 tasks resource profile 0
25/01/01 11:35:47 INFO TaskSetManager: Starting task 0.0 in stage 8.0 (TID 12) (192.168.29.182, executor driver, partition 0, NODE_LOCAL, 9281 bytes) 
25/01/01 11:35:47 INFO Executor: Running task 0.0 in stage 8.0 (TID 12)
25/01/01 11:35:47 INFO ShuffleBlockFetcherIterator: Getting 3 (819.0 B) non-empty blocks including 3 (819.0 B) local and 0 (0.0 B) host-local and 0 (0.0 B) push-merged-local and 0 (0.0 B) remote blocks
25/01/01 11:35:47 INFO ShuffleBlockFetcherIterator: Started 0 remote fetches in 15 ms
25/01/01 11:35:47 INFO CodeGenerator: Code generated in 10.109002 ms
25/01/01 11:35:47 INFO CodeGenerator: Code generated in 18.697435 ms
25/01/01 11:35:47 INFO CodeGenerator: Code generated in 8.743431 ms
25/01/01 11:35:47 INFO ShuffleBlockFetcherIterator: Getting 3 (821.0 B) non-empty blocks including 3 (821.0 B) local and 0 (0.0 B) host-local and 0 (0.0 B) push-merged-local and 0 (0.0 B) remote blocks
25/01/01 11:35:47 INFO ShuffleBlockFetcherIterator: Started 0 remote fetches in 1 ms
25/01/01 11:35:47 INFO CodeGenerator: Code generated in 11.925852 ms
25/01/01 11:35:47 INFO CodeGenerator: Code generated in 6.266838 ms
25/01/01 11:35:47 INFO CodeGenerator: Code generated in 8.000472 ms
25/01/01 11:35:47 INFO CodeGenerator: Code generated in 44.865568 ms
25/01/01 11:35:47 INFO BlockManagerInfo: Removed broadcast_3_piece0 on 192.168.29.182:35237 in memory (size: 6.8 KiB, free: 434.4 MiB)
25/01/01 11:35:47 INFO BlockManagerInfo: Removed broadcast_4_piece0 on 192.168.29.182:35237 in memory (size: 8.3 KiB, free: 434.4 MiB)
25/01/01 11:35:47 INFO BlockManagerInfo: Removed broadcast_5_piece0 on 192.168.29.182:35237 in memory (size: 8.2 KiB, free: 434.4 MiB)
25/01/01 11:35:47 INFO Executor: Finished task 0.0 in stage 8.0 (TID 12). 6847 bytes result sent to driver
25/01/01 11:35:47 INFO TaskSetManager: Finished task 0.0 in stage 8.0 (TID 12) in 270 ms on 192.168.29.182 (executor driver) (1/1)
25/01/01 11:35:47 INFO TaskSchedulerImpl: Removed TaskSet 8.0, whose tasks have all completed, from pool 
25/01/01 11:35:47 INFO DAGScheduler: ResultStage 8 (showString at NativeMethodAccessorImpl.java:0) finished in 0.296 s
25/01/01 11:35:47 INFO DAGScheduler: Job 6 is finished. Cancelling potential speculative or zombie tasks for this job
25/01/01 11:35:47 INFO TaskSchedulerImpl: Killing all running tasks in stage 8: Stage finished
25/01/01 11:35:47 INFO DAGScheduler: Job 6 finished: showString at NativeMethodAccessorImpl.java:0, took 0.316786 s
25/01/01 11:35:47 INFO CodeGenerator: Code generated in 11.870772 ms
25/01/01 11:35:47 INFO SparkContext: Invoking stop() from shutdown hook
25/01/01 11:35:47 INFO SparkContext: SparkContext is stopping with exitCode 0.
25/01/01 11:35:47 INFO AbstractConnector: Stopped Spark@7b1784c9{HTTP/1.1, (http/1.1)}{0.0.0.0:4041}
25/01/01 11:35:47 INFO SparkUI: Stopped Spark web UI at http://192.168.29.182:4041
25/01/01 11:35:47 INFO MapOutputTrackerMasterEndpoint: MapOutputTrackerMasterEndpoint stopped!
25/01/01 11:35:47 INFO MemoryStore: MemoryStore cleared
25/01/01 11:35:47 INFO BlockManager: BlockManager stopped
25/01/01 11:35:47 INFO BlockManagerMaster: BlockManagerMaster stopped
25/01/01 11:35:47 INFO OutputCommitCoordinator$OutputCommitCoordinatorEndpoint: OutputCommitCoordinator stopped!
25/01/01 11:35:47 INFO SparkContext: Successfully stopped SparkContext
25/01/01 11:35:47 INFO ShutdownHookManager: Shutdown hook called
25/01/01 11:35:47 INFO ShutdownHookManager: Deleting directory /tmp/spark-920b1986-7bff-4ca6-a063-08840973e652
25/01/01 11:35:47 INFO ShutdownHookManager: Deleting directory /tmp/spark-c83e0412-b138-4b9b-a1c0-55e14e47b943/pyspark-d87a552f-5755-4fc0-a3f5-afcdab81eb48
25/01/01 11:35:47 INFO ShutdownHookManager: Deleting directory /tmp/spark-c83e0412-b138-4b9b-a1c0-55e14e47b943
25/01/01 11:48:14 WARN Utils: Your hostname, bidut-HP-Laptop-14s-fq1xxx resolves to a loopback address: 127.0.1.1; using 192.168.29.182 instead (on interface wlo1)
25/01/01 11:48:14 WARN Utils: Set SPARK_LOCAL_IP if you need to bind to another address
25/01/01 11:48:15 INFO SparkContext: Running Spark version 3.5.4
25/01/01 11:48:15 INFO SparkContext: OS info Linux, 5.15.0-126-generic, amd64
25/01/01 11:48:15 INFO SparkContext: Java version 11.0.25
25/01/01 11:48:15 WARN NativeCodeLoader: Unable to load native-hadoop library for your platform... using builtin-java classes where applicable
25/01/01 11:48:15 INFO ResourceUtils: ==============================================================
25/01/01 11:48:15 INFO ResourceUtils: No custom resources configured for spark.driver.
25/01/01 11:48:15 INFO ResourceUtils: ==============================================================
25/01/01 11:48:15 INFO SparkContext: Submitted application: GroupingDemo
25/01/01 11:48:15 INFO ResourceProfile: Default ResourceProfile created, executor resources: Map(cores -> name: cores, amount: 1, script: , vendor: , memory -> name: memory, amount: 1024, script: , vendor: , offHeap -> name: offHeap, amount: 0, script: , vendor: ), task resources: Map(cpus -> name: cpus, amount: 1.0)
25/01/01 11:48:15 INFO ResourceProfile: Limiting resource is cpu
25/01/01 11:48:15 INFO ResourceProfileManager: Added ResourceProfile id: 0
25/01/01 11:48:15 INFO SecurityManager: Changing view acls to: bidut
25/01/01 11:48:15 INFO SecurityManager: Changing modify acls to: bidut
25/01/01 11:48:15 INFO SecurityManager: Changing view acls groups to: 
25/01/01 11:48:15 INFO SecurityManager: Changing modify acls groups to: 
25/01/01 11:48:15 INFO SecurityManager: SecurityManager: authentication disabled; ui acls disabled; users with view permissions: bidut; groups with view permissions: EMPTY; users with modify permissions: bidut; groups with modify permissions: EMPTY
25/01/01 11:48:15 INFO Utils: Successfully started service 'sparkDriver' on port 34457.
25/01/01 11:48:15 INFO SparkEnv: Registering MapOutputTracker
25/01/01 11:48:16 INFO SparkEnv: Registering BlockManagerMaster
25/01/01 11:48:16 INFO BlockManagerMasterEndpoint: Using org.apache.spark.storage.DefaultTopologyMapper for getting topology information
25/01/01 11:48:16 INFO BlockManagerMasterEndpoint: BlockManagerMasterEndpoint up
25/01/01 11:48:16 INFO SparkEnv: Registering BlockManagerMasterHeartbeat
25/01/01 11:48:16 INFO DiskBlockManager: Created local directory at /tmp/blockmgr-59a3b32c-c34f-4a86-a068-a8f39971cc2c
25/01/01 11:48:16 INFO MemoryStore: MemoryStore started with capacity 434.4 MiB
25/01/01 11:48:16 INFO SparkEnv: Registering OutputCommitCoordinator
25/01/01 11:48:16 INFO log: Logging initialized @2673ms to org.sparkproject.jetty.util.log.Slf4jLog
25/01/01 11:48:16 INFO JettyUtils: Start Jetty 0.0.0.0:4040 for SparkUI
25/01/01 11:48:16 INFO Server: jetty-9.4.56.v20240826; built: 2024-08-26T17:15:05.868Z; git: ec6782ff5ead824dabdcf47fa98f90a4aedff401; jvm 11.0.25+9-post-Ubuntu-1ubuntu120.04
25/01/01 11:48:16 INFO Server: Started @2801ms
25/01/01 11:48:16 WARN Utils: Service 'SparkUI' could not bind on port 4040. Attempting port 4041.
25/01/01 11:48:16 INFO AbstractConnector: Started ServerConnector@4f6bafa7{HTTP/1.1, (http/1.1)}{0.0.0.0:4041}
25/01/01 11:48:16 INFO Utils: Successfully started service 'SparkUI' on port 4041.
25/01/01 11:48:16 INFO ContextHandler: Started o.s.j.s.ServletContextHandler@4218cb51{/,null,AVAILABLE,@Spark}
25/01/01 11:48:16 INFO Executor: Starting executor ID driver on host 192.168.29.182
25/01/01 11:48:16 INFO Executor: OS info Linux, 5.15.0-126-generic, amd64
25/01/01 11:48:16 INFO Executor: Java version 11.0.25
25/01/01 11:48:16 INFO Executor: Starting executor with user classpath (userClassPathFirst = false): ''
25/01/01 11:48:16 INFO Executor: Created or updated repl class loader org.apache.spark.util.MutableURLClassLoader@17e28e6b for default.
25/01/01 11:48:16 INFO Utils: Successfully started service 'org.apache.spark.network.netty.NettyBlockTransferService' on port 38557.
25/01/01 11:48:16 INFO NettyBlockTransferService: Server created on 192.168.29.182:38557
25/01/01 11:48:16 INFO BlockManager: Using org.apache.spark.storage.RandomBlockReplicationPolicy for block replication policy
25/01/01 11:48:16 INFO BlockManagerMaster: Registering BlockManager BlockManagerId(driver, 192.168.29.182, 38557, None)
25/01/01 11:48:16 INFO BlockManagerMasterEndpoint: Registering block manager 192.168.29.182:38557 with 434.4 MiB RAM, BlockManagerId(driver, 192.168.29.182, 38557, None)
25/01/01 11:48:16 INFO BlockManagerMaster: Registered BlockManager BlockManagerId(driver, 192.168.29.182, 38557, None)
25/01/01 11:48:16 INFO BlockManager: Initialized BlockManager: BlockManagerId(driver, 192.168.29.182, 38557, None)
25/01/01 11:48:16 INFO ContextHandler: Stopped o.s.j.s.ServletContextHandler@4218cb51{/,null,STOPPED,@Spark}
25/01/01 11:48:16 INFO ContextHandler: Started o.s.j.s.ServletContextHandler@2c84557b{/jobs,null,AVAILABLE,@Spark}
25/01/01 11:48:16 INFO ContextHandler: Started o.s.j.s.ServletContextHandler@4efbf04b{/jobs/json,null,AVAILABLE,@Spark}
25/01/01 11:48:16 INFO ContextHandler: Started o.s.j.s.ServletContextHandler@323737e3{/jobs/job,null,AVAILABLE,@Spark}
25/01/01 11:48:16 INFO ContextHandler: Started o.s.j.s.ServletContextHandler@31a8b86d{/jobs/job/json,null,AVAILABLE,@Spark}
25/01/01 11:48:16 INFO ContextHandler: Started o.s.j.s.ServletContextHandler@66bb7272{/stages,null,AVAILABLE,@Spark}
25/01/01 11:48:16 INFO ContextHandler: Started o.s.j.s.ServletContextHandler@574e5879{/stages/json,null,AVAILABLE,@Spark}
25/01/01 11:48:16 INFO ContextHandler: Started o.s.j.s.ServletContextHandler@5bceeea7{/stages/stage,null,AVAILABLE,@Spark}
25/01/01 11:48:16 INFO ContextHandler: Started o.s.j.s.ServletContextHandler@3e81d1d7{/stages/stage/json,null,AVAILABLE,@Spark}
25/01/01 11:48:16 INFO ContextHandler: Started o.s.j.s.ServletContextHandler@2ac7400b{/stages/pool,null,AVAILABLE,@Spark}
25/01/01 11:48:16 INFO ContextHandler: Started o.s.j.s.ServletContextHandler@1235b3bd{/stages/pool/json,null,AVAILABLE,@Spark}
25/01/01 11:48:16 INFO ContextHandler: Started o.s.j.s.ServletContextHandler@558ecc4{/storage,null,AVAILABLE,@Spark}
25/01/01 11:48:16 INFO ContextHandler: Started o.s.j.s.ServletContextHandler@4ebb50bf{/storage/json,null,AVAILABLE,@Spark}
25/01/01 11:48:16 INFO ContextHandler: Started o.s.j.s.ServletContextHandler@602faadd{/storage/rdd,null,AVAILABLE,@Spark}
25/01/01 11:48:16 INFO ContextHandler: Started o.s.j.s.ServletContextHandler@6056b461{/storage/rdd/json,null,AVAILABLE,@Spark}
25/01/01 11:48:16 INFO ContextHandler: Started o.s.j.s.ServletContextHandler@45bd0bd4{/environment,null,AVAILABLE,@Spark}
25/01/01 11:48:16 INFO ContextHandler: Started o.s.j.s.ServletContextHandler@513afa5{/environment/json,null,AVAILABLE,@Spark}
25/01/01 11:48:16 INFO ContextHandler: Started o.s.j.s.ServletContextHandler@39cf4d83{/executors,null,AVAILABLE,@Spark}
25/01/01 11:48:16 INFO ContextHandler: Started o.s.j.s.ServletContextHandler@6e26f130{/executors/json,null,AVAILABLE,@Spark}
25/01/01 11:48:16 INFO ContextHandler: Started o.s.j.s.ServletContextHandler@31e0d9f9{/executors/threadDump,null,AVAILABLE,@Spark}
25/01/01 11:48:16 INFO ContextHandler: Started o.s.j.s.ServletContextHandler@1e86a964{/executors/threadDump/json,null,AVAILABLE,@Spark}
25/01/01 11:48:16 INFO ContextHandler: Started o.s.j.s.ServletContextHandler@5a664bc5{/executors/heapHistogram,null,AVAILABLE,@Spark}
25/01/01 11:48:16 INFO ContextHandler: Started o.s.j.s.ServletContextHandler@354a3edd{/executors/heapHistogram/json,null,AVAILABLE,@Spark}
25/01/01 11:48:16 INFO ContextHandler: Started o.s.j.s.ServletContextHandler@43be24c5{/static,null,AVAILABLE,@Spark}
25/01/01 11:48:16 INFO ContextHandler: Started o.s.j.s.ServletContextHandler@6c393ca8{/,null,AVAILABLE,@Spark}
25/01/01 11:48:16 INFO ContextHandler: Started o.s.j.s.ServletContextHandler@7cd1a9f6{/api,null,AVAILABLE,@Spark}
25/01/01 11:48:16 INFO ContextHandler: Started o.s.j.s.ServletContextHandler@79fc9b0e{/jobs/job/kill,null,AVAILABLE,@Spark}
25/01/01 11:48:16 INFO ContextHandler: Started o.s.j.s.ServletContextHandler@6402a166{/stages/stage/kill,null,AVAILABLE,@Spark}
25/01/01 11:48:16 INFO ContextHandler: Started o.s.j.s.ServletContextHandler@60163567{/metrics/json,null,AVAILABLE,@Spark}
25/01/01 11:48:16 INFO SharedState: Setting hive.metastore.warehouse.dir ('null') to the value of spark.sql.warehouse.dir.
25/01/01 11:48:16 INFO SharedState: Warehouse path is 'file:/home/bidut/Desktop/dev/pyspark_learn/Course01Learn/18-OuterJoinDemo/spark-warehouse'.
25/01/01 11:48:16 INFO ContextHandler: Started o.s.j.s.ServletContextHandler@237ac5d2{/SQL,null,AVAILABLE,@Spark}
25/01/01 11:48:16 INFO ContextHandler: Started o.s.j.s.ServletContextHandler@347f3ff2{/SQL/json,null,AVAILABLE,@Spark}
25/01/01 11:48:16 INFO ContextHandler: Started o.s.j.s.ServletContextHandler@4d51f79{/SQL/execution,null,AVAILABLE,@Spark}
25/01/01 11:48:16 INFO ContextHandler: Started o.s.j.s.ServletContextHandler@1fae97f6{/SQL/execution/json,null,AVAILABLE,@Spark}
25/01/01 11:48:16 INFO ContextHandler: Started o.s.j.s.ServletContextHandler@dfd9cc1{/static/sql,null,AVAILABLE,@Spark}
25/01/01 11:48:19 INFO CodeGenerator: Code generated in 138.388031 ms
25/01/01 11:48:19 INFO SparkContext: Starting job: showString at NativeMethodAccessorImpl.java:0
25/01/01 11:48:19 INFO DAGScheduler: Got job 0 (showString at NativeMethodAccessorImpl.java:0) with 1 output partitions
25/01/01 11:48:19 INFO DAGScheduler: Final stage: ResultStage 0 (showString at NativeMethodAccessorImpl.java:0)
25/01/01 11:48:19 INFO DAGScheduler: Parents of final stage: List()
25/01/01 11:48:19 INFO DAGScheduler: Missing parents: List()
25/01/01 11:48:19 INFO DAGScheduler: Submitting ResultStage 0 (MapPartitionsRDD[11] at showString at NativeMethodAccessorImpl.java:0), which has no missing parents
25/01/01 11:48:19 INFO MemoryStore: Block broadcast_0 stored as values in memory (estimated size 13.4 KiB, free 434.4 MiB)
25/01/01 11:48:19 INFO MemoryStore: Block broadcast_0_piece0 stored as bytes in memory (estimated size 6.8 KiB, free 434.4 MiB)
25/01/01 11:48:19 INFO BlockManagerInfo: Added broadcast_0_piece0 in memory on 192.168.29.182:38557 (size: 6.8 KiB, free: 434.4 MiB)
25/01/01 11:48:19 INFO SparkContext: Created broadcast 0 from broadcast at DAGScheduler.scala:1585
25/01/01 11:48:19 INFO DAGScheduler: Submitting 1 missing tasks from ResultStage 0 (MapPartitionsRDD[11] at showString at NativeMethodAccessorImpl.java:0) (first 15 tasks are for partitions Vector(0))
25/01/01 11:48:19 INFO TaskSchedulerImpl: Adding task set 0.0 with 1 tasks resource profile 0
25/01/01 11:48:19 INFO TaskSetManager: Starting task 0.0 in stage 0.0 (TID 0) (192.168.29.182, executor driver, partition 0, PROCESS_LOCAL, 9061 bytes) 
25/01/01 11:48:19 INFO Executor: Running task 0.0 in stage 0.0 (TID 0)
25/01/01 11:48:20 INFO CodeGenerator: Code generated in 18.658748 ms
25/01/01 11:48:20 INFO PythonRunner: Times: total = 668, boot = 610, init = 58, finish = 0
25/01/01 11:48:20 INFO Executor: Finished task 0.0 in stage 0.0 (TID 0). 1988 bytes result sent to driver
25/01/01 11:48:20 INFO TaskSetManager: Finished task 0.0 in stage 0.0 (TID 0) in 840 ms on 192.168.29.182 (executor driver) (1/1)
25/01/01 11:48:20 INFO TaskSchedulerImpl: Removed TaskSet 0.0, whose tasks have all completed, from pool 
25/01/01 11:48:20 INFO PythonAccumulatorV2: Connected to AccumulatorServer at host: 127.0.0.1 port: 51671
25/01/01 11:48:20 INFO DAGScheduler: ResultStage 0 (showString at NativeMethodAccessorImpl.java:0) finished in 1.043 s
25/01/01 11:48:20 INFO DAGScheduler: Job 0 is finished. Cancelling potential speculative or zombie tasks for this job
25/01/01 11:48:20 INFO TaskSchedulerImpl: Killing all running tasks in stage 0: Stage finished
25/01/01 11:48:20 INFO DAGScheduler: Job 0 finished: showString at NativeMethodAccessorImpl.java:0, took 1.087399 s
25/01/01 11:48:20 INFO SparkContext: Starting job: showString at NativeMethodAccessorImpl.java:0
25/01/01 11:48:20 INFO DAGScheduler: Got job 1 (showString at NativeMethodAccessorImpl.java:0) with 2 output partitions
25/01/01 11:48:20 INFO DAGScheduler: Final stage: ResultStage 1 (showString at NativeMethodAccessorImpl.java:0)
25/01/01 11:48:20 INFO DAGScheduler: Parents of final stage: List()
25/01/01 11:48:20 INFO DAGScheduler: Missing parents: List()
25/01/01 11:48:20 INFO DAGScheduler: Submitting ResultStage 1 (MapPartitionsRDD[11] at showString at NativeMethodAccessorImpl.java:0), which has no missing parents
25/01/01 11:48:20 INFO MemoryStore: Block broadcast_1 stored as values in memory (estimated size 13.4 KiB, free 434.4 MiB)
25/01/01 11:48:20 INFO MemoryStore: Block broadcast_1_piece0 stored as bytes in memory (estimated size 6.8 KiB, free 434.4 MiB)
25/01/01 11:48:20 INFO BlockManagerInfo: Added broadcast_1_piece0 in memory on 192.168.29.182:38557 (size: 6.8 KiB, free: 434.4 MiB)
25/01/01 11:48:20 INFO SparkContext: Created broadcast 1 from broadcast at DAGScheduler.scala:1585
25/01/01 11:48:20 INFO DAGScheduler: Submitting 2 missing tasks from ResultStage 1 (MapPartitionsRDD[11] at showString at NativeMethodAccessorImpl.java:0) (first 15 tasks are for partitions Vector(1, 2))
25/01/01 11:48:20 INFO TaskSchedulerImpl: Adding task set 1.0 with 2 tasks resource profile 0
25/01/01 11:48:20 INFO TaskSetManager: Starting task 0.0 in stage 1.0 (TID 1) (192.168.29.182, executor driver, partition 1, PROCESS_LOCAL, 9068 bytes) 
25/01/01 11:48:20 INFO TaskSetManager: Starting task 1.0 in stage 1.0 (TID 2) (192.168.29.182, executor driver, partition 2, PROCESS_LOCAL, 9168 bytes) 
25/01/01 11:48:20 INFO Executor: Running task 0.0 in stage 1.0 (TID 1)
25/01/01 11:48:20 INFO Executor: Running task 1.0 in stage 1.0 (TID 2)
25/01/01 11:48:20 INFO PythonRunner: Times: total = 47, boot = -116, init = 163, finish = 0
25/01/01 11:48:20 INFO PythonRunner: Times: total = 53, boot = 7, init = 46, finish = 0
25/01/01 11:48:20 INFO Executor: Finished task 0.0 in stage 1.0 (TID 1). 2012 bytes result sent to driver
25/01/01 11:48:20 INFO TaskSetManager: Finished task 0.0 in stage 1.0 (TID 1) in 84 ms on 192.168.29.182 (executor driver) (1/2)
25/01/01 11:48:20 INFO Executor: Finished task 1.0 in stage 1.0 (TID 2). 2091 bytes result sent to driver
25/01/01 11:48:20 INFO TaskSetManager: Finished task 1.0 in stage 1.0 (TID 2) in 89 ms on 192.168.29.182 (executor driver) (2/2)
25/01/01 11:48:20 INFO TaskSchedulerImpl: Removed TaskSet 1.0, whose tasks have all completed, from pool 
25/01/01 11:48:20 INFO DAGScheduler: ResultStage 1 (showString at NativeMethodAccessorImpl.java:0) finished in 0.106 s
25/01/01 11:48:20 INFO DAGScheduler: Job 1 is finished. Cancelling potential speculative or zombie tasks for this job
25/01/01 11:48:20 INFO TaskSchedulerImpl: Killing all running tasks in stage 1: Stage finished
25/01/01 11:48:20 INFO DAGScheduler: Job 1 finished: showString at NativeMethodAccessorImpl.java:0, took 0.117637 s
25/01/01 11:48:21 INFO BlockManagerInfo: Removed broadcast_0_piece0 on 192.168.29.182:38557 in memory (size: 6.8 KiB, free: 434.4 MiB)
25/01/01 11:48:21 INFO BlockManagerInfo: Removed broadcast_1_piece0 on 192.168.29.182:38557 in memory (size: 6.8 KiB, free: 434.4 MiB)
25/01/01 11:48:22 INFO CodeGenerator: Code generated in 25.912283 ms
25/01/01 11:48:22 INFO SparkContext: Starting job: showString at NativeMethodAccessorImpl.java:0
25/01/01 11:48:22 INFO DAGScheduler: Got job 2 (showString at NativeMethodAccessorImpl.java:0) with 1 output partitions
25/01/01 11:48:22 INFO DAGScheduler: Final stage: ResultStage 2 (showString at NativeMethodAccessorImpl.java:0)
25/01/01 11:48:22 INFO DAGScheduler: Parents of final stage: List()
25/01/01 11:48:22 INFO DAGScheduler: Missing parents: List()
25/01/01 11:48:22 INFO DAGScheduler: Submitting ResultStage 2 (MapPartitionsRDD[13] at showString at NativeMethodAccessorImpl.java:0), which has no missing parents
25/01/01 11:48:22 INFO MemoryStore: Block broadcast_2 stored as values in memory (estimated size 13.4 KiB, free 434.4 MiB)
25/01/01 11:48:22 INFO MemoryStore: Block broadcast_2_piece0 stored as bytes in memory (estimated size 6.8 KiB, free 434.4 MiB)
25/01/01 11:48:22 INFO BlockManagerInfo: Added broadcast_2_piece0 in memory on 192.168.29.182:38557 (size: 6.8 KiB, free: 434.4 MiB)
25/01/01 11:48:22 INFO SparkContext: Created broadcast 2 from broadcast at DAGScheduler.scala:1585
25/01/01 11:48:22 INFO DAGScheduler: Submitting 1 missing tasks from ResultStage 2 (MapPartitionsRDD[13] at showString at NativeMethodAccessorImpl.java:0) (first 15 tasks are for partitions Vector(0))
25/01/01 11:48:22 INFO TaskSchedulerImpl: Adding task set 2.0 with 1 tasks resource profile 0
25/01/01 11:48:22 INFO TaskSetManager: Starting task 0.0 in stage 2.0 (TID 3) (192.168.29.182, executor driver, partition 0, PROCESS_LOCAL, 9053 bytes) 
25/01/01 11:48:22 INFO Executor: Running task 0.0 in stage 2.0 (TID 3)
25/01/01 11:48:22 INFO PythonRunner: Times: total = 43, boot = -1275, init = 1318, finish = 0
25/01/01 11:48:22 INFO Executor: Finished task 0.0 in stage 2.0 (TID 3). 1935 bytes result sent to driver
25/01/01 11:48:22 INFO TaskSetManager: Finished task 0.0 in stage 2.0 (TID 3) in 67 ms on 192.168.29.182 (executor driver) (1/1)
25/01/01 11:48:22 INFO TaskSchedulerImpl: Removed TaskSet 2.0, whose tasks have all completed, from pool 
25/01/01 11:48:22 INFO DAGScheduler: ResultStage 2 (showString at NativeMethodAccessorImpl.java:0) finished in 0.085 s
25/01/01 11:48:22 INFO DAGScheduler: Job 2 is finished. Cancelling potential speculative or zombie tasks for this job
25/01/01 11:48:22 INFO TaskSchedulerImpl: Killing all running tasks in stage 2: Stage finished
25/01/01 11:48:22 INFO DAGScheduler: Job 2 finished: showString at NativeMethodAccessorImpl.java:0, took 0.093858 s
25/01/01 11:48:22 INFO SparkContext: Starting job: showString at NativeMethodAccessorImpl.java:0
25/01/01 11:48:22 INFO DAGScheduler: Got job 3 (showString at NativeMethodAccessorImpl.java:0) with 2 output partitions
25/01/01 11:48:22 INFO DAGScheduler: Final stage: ResultStage 3 (showString at NativeMethodAccessorImpl.java:0)
25/01/01 11:48:22 INFO DAGScheduler: Parents of final stage: List()
25/01/01 11:48:22 INFO DAGScheduler: Missing parents: List()
25/01/01 11:48:22 INFO DAGScheduler: Submitting ResultStage 3 (MapPartitionsRDD[13] at showString at NativeMethodAccessorImpl.java:0), which has no missing parents
25/01/01 11:48:22 INFO MemoryStore: Block broadcast_3 stored as values in memory (estimated size 13.4 KiB, free 434.4 MiB)
25/01/01 11:48:22 INFO MemoryStore: Block broadcast_3_piece0 stored as bytes in memory (estimated size 6.8 KiB, free 434.4 MiB)
25/01/01 11:48:22 INFO BlockManagerInfo: Added broadcast_3_piece0 in memory on 192.168.29.182:38557 (size: 6.8 KiB, free: 434.4 MiB)
25/01/01 11:48:22 INFO SparkContext: Created broadcast 3 from broadcast at DAGScheduler.scala:1585
25/01/01 11:48:22 INFO DAGScheduler: Submitting 2 missing tasks from ResultStage 3 (MapPartitionsRDD[13] at showString at NativeMethodAccessorImpl.java:0) (first 15 tasks are for partitions Vector(1, 2))
25/01/01 11:48:22 INFO TaskSchedulerImpl: Adding task set 3.0 with 2 tasks resource profile 0
25/01/01 11:48:22 INFO TaskSetManager: Starting task 0.0 in stage 3.0 (TID 4) (192.168.29.182, executor driver, partition 1, PROCESS_LOCAL, 9051 bytes) 
25/01/01 11:48:22 INFO TaskSetManager: Starting task 1.0 in stage 3.0 (TID 5) (192.168.29.182, executor driver, partition 2, PROCESS_LOCAL, 9056 bytes) 
25/01/01 11:48:22 INFO Executor: Running task 0.0 in stage 3.0 (TID 4)
25/01/01 11:48:22 INFO Executor: Running task 1.0 in stage 3.0 (TID 5)
25/01/01 11:48:22 INFO PythonRunner: Times: total = 45, boot = -49, init = 94, finish = 0
25/01/01 11:48:22 INFO PythonRunner: Times: total = 50, boot = -1371, init = 1421, finish = 0
25/01/01 11:48:22 INFO Executor: Finished task 1.0 in stage 3.0 (TID 5). 1996 bytes result sent to driver
25/01/01 11:48:22 INFO Executor: Finished task 0.0 in stage 3.0 (TID 4). 2022 bytes result sent to driver
25/01/01 11:48:22 INFO BlockManagerInfo: Removed broadcast_2_piece0 on 192.168.29.182:38557 in memory (size: 6.8 KiB, free: 434.4 MiB)
25/01/01 11:48:22 INFO TaskSetManager: Finished task 0.0 in stage 3.0 (TID 4) in 90 ms on 192.168.29.182 (executor driver) (1/2)
25/01/01 11:48:22 INFO TaskSetManager: Finished task 1.0 in stage 3.0 (TID 5) in 90 ms on 192.168.29.182 (executor driver) (2/2)
25/01/01 11:48:22 INFO TaskSchedulerImpl: Removed TaskSet 3.0, whose tasks have all completed, from pool 
25/01/01 11:48:22 INFO DAGScheduler: ResultStage 3 (showString at NativeMethodAccessorImpl.java:0) finished in 0.107 s
25/01/01 11:48:22 INFO DAGScheduler: Job 3 is finished. Cancelling potential speculative or zombie tasks for this job
25/01/01 11:48:22 INFO TaskSchedulerImpl: Killing all running tasks in stage 3: Stage finished
25/01/01 11:48:22 INFO DAGScheduler: Job 3 finished: showString at NativeMethodAccessorImpl.java:0, took 0.118294 s
25/01/01 11:48:22 INFO CodeGenerator: Code generated in 10.846822 ms
25/01/01 11:48:22 INFO DAGScheduler: Registering RDD 15 (showString at NativeMethodAccessorImpl.java:0) as input to shuffle 0
25/01/01 11:48:22 INFO DAGScheduler: Got map stage job 4 (showString at NativeMethodAccessorImpl.java:0) with 3 output partitions
25/01/01 11:48:22 INFO DAGScheduler: Final stage: ShuffleMapStage 4 (showString at NativeMethodAccessorImpl.java:0)
25/01/01 11:48:22 INFO DAGScheduler: Parents of final stage: List()
25/01/01 11:48:22 INFO DAGScheduler: Missing parents: List()
25/01/01 11:48:22 INFO DAGScheduler: Submitting ShuffleMapStage 4 (MapPartitionsRDD[15] at showString at NativeMethodAccessorImpl.java:0), which has no missing parents
25/01/01 11:48:22 INFO CodeGenerator: Code generated in 12.174178 ms
25/01/01 11:48:22 INFO MemoryStore: Block broadcast_4 stored as values in memory (estimated size 15.9 KiB, free 434.4 MiB)
25/01/01 11:48:22 INFO MemoryStore: Block broadcast_4_piece0 stored as bytes in memory (estimated size 8.2 KiB, free 434.4 MiB)
25/01/01 11:48:22 INFO BlockManagerInfo: Added broadcast_4_piece0 in memory on 192.168.29.182:38557 (size: 8.2 KiB, free: 434.4 MiB)
25/01/01 11:48:22 INFO SparkContext: Created broadcast 4 from broadcast at DAGScheduler.scala:1585
25/01/01 11:48:22 INFO DAGScheduler: Submitting 3 missing tasks from ShuffleMapStage 4 (MapPartitionsRDD[15] at showString at NativeMethodAccessorImpl.java:0) (first 15 tasks are for partitions Vector(0, 1, 2))
25/01/01 11:48:22 INFO TaskSchedulerImpl: Adding task set 4.0 with 3 tasks resource profile 0
25/01/01 11:48:22 INFO DAGScheduler: Registering RDD 17 (showString at NativeMethodAccessorImpl.java:0) as input to shuffle 1
25/01/01 11:48:22 INFO DAGScheduler: Got map stage job 5 (showString at NativeMethodAccessorImpl.java:0) with 3 output partitions
25/01/01 11:48:22 INFO TaskSetManager: Starting task 0.0 in stage 4.0 (TID 6) (192.168.29.182, executor driver, partition 0, PROCESS_LOCAL, 9042 bytes) 
25/01/01 11:48:22 INFO DAGScheduler: Final stage: ShuffleMapStage 5 (showString at NativeMethodAccessorImpl.java:0)
25/01/01 11:48:22 INFO DAGScheduler: Parents of final stage: List()
25/01/01 11:48:22 INFO DAGScheduler: Missing parents: List()
25/01/01 11:48:22 INFO TaskSetManager: Starting task 1.0 in stage 4.0 (TID 7) (192.168.29.182, executor driver, partition 1, PROCESS_LOCAL, 9040 bytes) 
25/01/01 11:48:22 INFO DAGScheduler: Submitting ShuffleMapStage 5 (MapPartitionsRDD[17] at showString at NativeMethodAccessorImpl.java:0), which has no missing parents
25/01/01 11:48:22 INFO TaskSetManager: Starting task 2.0 in stage 4.0 (TID 8) (192.168.29.182, executor driver, partition 2, PROCESS_LOCAL, 9045 bytes) 
25/01/01 11:48:22 INFO Executor: Running task 1.0 in stage 4.0 (TID 7)
25/01/01 11:48:22 INFO Executor: Running task 0.0 in stage 4.0 (TID 6)
25/01/01 11:48:22 INFO Executor: Running task 2.0 in stage 4.0 (TID 8)
25/01/01 11:48:22 INFO MemoryStore: Block broadcast_5 stored as values in memory (estimated size 16.0 KiB, free 434.3 MiB)
25/01/01 11:48:22 INFO MemoryStore: Block broadcast_5_piece0 stored as bytes in memory (estimated size 8.2 KiB, free 434.3 MiB)
25/01/01 11:48:22 INFO BlockManagerInfo: Added broadcast_5_piece0 in memory on 192.168.29.182:38557 (size: 8.2 KiB, free: 434.4 MiB)
25/01/01 11:48:22 INFO SparkContext: Created broadcast 5 from broadcast at DAGScheduler.scala:1585
25/01/01 11:48:22 INFO DAGScheduler: Submitting 3 missing tasks from ShuffleMapStage 5 (MapPartitionsRDD[17] at showString at NativeMethodAccessorImpl.java:0) (first 15 tasks are for partitions Vector(0, 1, 2))
25/01/01 11:48:22 INFO TaskSchedulerImpl: Adding task set 5.0 with 3 tasks resource profile 0
25/01/01 11:48:22 INFO CodeGenerator: Code generated in 13.227413 ms
25/01/01 11:48:22 INFO CodeGenerator: Code generated in 9.645171 ms
25/01/01 11:48:23 INFO BlockManagerInfo: Removed broadcast_3_piece0 on 192.168.29.182:38557 in memory (size: 6.8 KiB, free: 434.4 MiB)
25/01/01 11:48:23 INFO PythonRunner: Times: total = 52, boot = 7, init = 44, finish = 1
25/01/01 11:48:23 INFO PythonRunner: Times: total = 43, boot = -631, init = 674, finish = 0
25/01/01 11:48:23 INFO PythonRunner: Times: total = 43, boot = -629, init = 672, finish = 0
25/01/01 11:48:23 INFO Executor: Finished task 2.0 in stage 4.0 (TID 8). 2425 bytes result sent to driver
25/01/01 11:48:23 INFO Executor: Finished task 1.0 in stage 4.0 (TID 7). 2425 bytes result sent to driver
25/01/01 11:48:23 INFO Executor: Finished task 0.0 in stage 4.0 (TID 6). 2425 bytes result sent to driver
25/01/01 11:48:23 INFO TaskSetManager: Starting task 0.0 in stage 5.0 (TID 9) (192.168.29.182, executor driver, partition 0, PROCESS_LOCAL, 9050 bytes) 
25/01/01 11:48:23 INFO Executor: Running task 0.0 in stage 5.0 (TID 9)
25/01/01 11:48:23 INFO TaskSetManager: Starting task 1.0 in stage 5.0 (TID 10) (192.168.29.182, executor driver, partition 1, PROCESS_LOCAL, 9057 bytes) 
25/01/01 11:48:23 INFO TaskSetManager: Finished task 2.0 in stage 4.0 (TID 8) in 161 ms on 192.168.29.182 (executor driver) (1/3)
25/01/01 11:48:23 INFO Executor: Running task 1.0 in stage 5.0 (TID 10)
25/01/01 11:48:23 INFO TaskSetManager: Finished task 1.0 in stage 4.0 (TID 7) in 164 ms on 192.168.29.182 (executor driver) (2/3)
25/01/01 11:48:23 INFO TaskSetManager: Starting task 2.0 in stage 5.0 (TID 11) (192.168.29.182, executor driver, partition 2, PROCESS_LOCAL, 9157 bytes) 
25/01/01 11:48:23 INFO TaskSetManager: Finished task 0.0 in stage 4.0 (TID 6) in 171 ms on 192.168.29.182 (executor driver) (3/3)
25/01/01 11:48:23 INFO Executor: Running task 2.0 in stage 5.0 (TID 11)
25/01/01 11:48:23 INFO TaskSchedulerImpl: Removed TaskSet 4.0, whose tasks have all completed, from pool 
25/01/01 11:48:23 INFO DAGScheduler: ShuffleMapStage 4 (showString at NativeMethodAccessorImpl.java:0) finished in 0.200 s
25/01/01 11:48:23 INFO DAGScheduler: looking for newly runnable stages
25/01/01 11:48:23 INFO DAGScheduler: running: Set(ShuffleMapStage 5)
25/01/01 11:48:23 INFO DAGScheduler: waiting: Set()
25/01/01 11:48:23 INFO DAGScheduler: failed: Set()
25/01/01 11:48:23 INFO CodeGenerator: Code generated in 16.980746 ms
25/01/01 11:48:23 INFO CodeGenerator: Code generated in 14.057025 ms
25/01/01 11:48:23 INFO PythonRunner: Times: total = 42, boot = -61, init = 103, finish = 0
25/01/01 11:48:23 INFO PythonRunner: Times: total = 44, boot = -65, init = 109, finish = 0
25/01/01 11:48:23 INFO Executor: Finished task 0.0 in stage 5.0 (TID 9). 2395 bytes result sent to driver
25/01/01 11:48:23 INFO TaskSetManager: Finished task 0.0 in stage 5.0 (TID 9) in 69 ms on 192.168.29.182 (executor driver) (1/3)
25/01/01 11:48:23 INFO Executor: Finished task 1.0 in stage 5.0 (TID 10). 2395 bytes result sent to driver
25/01/01 11:48:23 INFO TaskSetManager: Finished task 1.0 in stage 5.0 (TID 10) in 70 ms on 192.168.29.182 (executor driver) (2/3)
25/01/01 11:48:23 INFO PythonRunner: Times: total = 45, boot = -56, init = 101, finish = 0
25/01/01 11:48:23 INFO Executor: Finished task 2.0 in stage 5.0 (TID 11). 2395 bytes result sent to driver
25/01/01 11:48:23 INFO TaskSetManager: Finished task 2.0 in stage 5.0 (TID 11) in 75 ms on 192.168.29.182 (executor driver) (3/3)
25/01/01 11:48:23 INFO TaskSchedulerImpl: Removed TaskSet 5.0, whose tasks have all completed, from pool 
25/01/01 11:48:23 INFO DAGScheduler: ShuffleMapStage 5 (showString at NativeMethodAccessorImpl.java:0) finished in 0.238 s
25/01/01 11:48:23 INFO DAGScheduler: looking for newly runnable stages
25/01/01 11:48:23 INFO DAGScheduler: running: Set()
25/01/01 11:48:23 INFO DAGScheduler: waiting: Set()
25/01/01 11:48:23 INFO DAGScheduler: failed: Set()
25/01/01 11:48:23 INFO ShufflePartitionsUtil: For shuffle(1), advisory target size: 67108864, actual target size 1048576, minimum partition size: 1048576
25/01/01 11:48:23 INFO SparkContext: Starting job: $anonfun$withThreadLocalCaptured$1 at FutureTask.java:264
25/01/01 11:48:23 INFO DAGScheduler: Got job 6 ($anonfun$withThreadLocalCaptured$1 at FutureTask.java:264) with 1 output partitions
25/01/01 11:48:23 INFO DAGScheduler: Final stage: ResultStage 7 ($anonfun$withThreadLocalCaptured$1 at FutureTask.java:264)
25/01/01 11:48:23 INFO DAGScheduler: Parents of final stage: List(ShuffleMapStage 6)
25/01/01 11:48:23 INFO DAGScheduler: Missing parents: List()
25/01/01 11:48:23 INFO DAGScheduler: Submitting ResultStage 7 (MapPartitionsRDD[19] at $anonfun$withThreadLocalCaptured$1 at FutureTask.java:264), which has no missing parents
25/01/01 11:48:23 INFO MemoryStore: Block broadcast_6 stored as values in memory (estimated size 8.2 KiB, free 434.3 MiB)
25/01/01 11:48:23 INFO MemoryStore: Block broadcast_6_piece0 stored as bytes in memory (estimated size 4.2 KiB, free 434.3 MiB)
25/01/01 11:48:23 INFO BlockManagerInfo: Added broadcast_6_piece0 in memory on 192.168.29.182:38557 (size: 4.2 KiB, free: 434.4 MiB)
25/01/01 11:48:23 INFO SparkContext: Created broadcast 6 from broadcast at DAGScheduler.scala:1585
25/01/01 11:48:23 INFO DAGScheduler: Submitting 1 missing tasks from ResultStage 7 (MapPartitionsRDD[19] at $anonfun$withThreadLocalCaptured$1 at FutureTask.java:264) (first 15 tasks are for partitions Vector(0))
25/01/01 11:48:23 INFO TaskSchedulerImpl: Adding task set 7.0 with 1 tasks resource profile 0
25/01/01 11:48:23 INFO TaskSetManager: Starting task 0.0 in stage 7.0 (TID 12) (192.168.29.182, executor driver, partition 0, NODE_LOCAL, 9015 bytes) 
25/01/01 11:48:23 INFO Executor: Running task 0.0 in stage 7.0 (TID 12)
25/01/01 11:48:23 INFO ShuffleBlockFetcherIterator: Getting 3 (821.0 B) non-empty blocks including 3 (821.0 B) local and 0 (0.0 B) host-local and 0 (0.0 B) push-merged-local and 0 (0.0 B) remote blocks
25/01/01 11:48:23 INFO ShuffleBlockFetcherIterator: Started 0 remote fetches in 9 ms
25/01/01 11:48:23 INFO BlockManagerInfo: Removed broadcast_4_piece0 on 192.168.29.182:38557 in memory (size: 8.2 KiB, free: 434.4 MiB)
25/01/01 11:48:23 INFO Executor: Finished task 0.0 in stage 7.0 (TID 12). 4034 bytes result sent to driver
25/01/01 11:48:23 INFO TaskSetManager: Finished task 0.0 in stage 7.0 (TID 12) in 66 ms on 192.168.29.182 (executor driver) (1/1)
25/01/01 11:48:23 INFO TaskSchedulerImpl: Removed TaskSet 7.0, whose tasks have all completed, from pool 
25/01/01 11:48:23 INFO DAGScheduler: ResultStage 7 ($anonfun$withThreadLocalCaptured$1 at FutureTask.java:264) finished in 0.080 s
25/01/01 11:48:23 INFO BlockManagerInfo: Removed broadcast_5_piece0 on 192.168.29.182:38557 in memory (size: 8.2 KiB, free: 434.4 MiB)
25/01/01 11:48:23 INFO DAGScheduler: Job 6 is finished. Cancelling potential speculative or zombie tasks for this job
25/01/01 11:48:23 INFO TaskSchedulerImpl: Killing all running tasks in stage 7: Stage finished
25/01/01 11:48:23 INFO DAGScheduler: Job 6 finished: $anonfun$withThreadLocalCaptured$1 at FutureTask.java:264, took 0.092767 s
25/01/01 11:48:23 INFO CodeGenerator: Code generated in 8.069767 ms
25/01/01 11:48:23 INFO MemoryStore: Block broadcast_7 stored as values in memory (estimated size 8.0 MiB, free 426.4 MiB)
25/01/01 11:48:23 INFO MemoryStore: Block broadcast_7_piece0 stored as bytes in memory (estimated size 477.0 B, free 426.4 MiB)
25/01/01 11:48:23 INFO BlockManagerInfo: Removed broadcast_6_piece0 on 192.168.29.182:38557 in memory (size: 4.2 KiB, free: 434.4 MiB)
25/01/01 11:48:23 INFO BlockManagerInfo: Added broadcast_7_piece0 in memory on 192.168.29.182:38557 (size: 477.0 B, free: 434.4 MiB)
25/01/01 11:48:23 INFO SparkContext: Created broadcast 7 from $anonfun$withThreadLocalCaptured$1 at FutureTask.java:264
25/01/01 11:48:23 INFO ShufflePartitionsUtil: For shuffle(0), advisory target size: 67108864, actual target size 1048576, minimum partition size: 1048576
25/01/01 11:48:23 INFO CodeGenerator: Code generated in 11.181574 ms
25/01/01 11:48:23 INFO CodeGenerator: Code generated in 11.787492 ms
25/01/01 11:48:23 INFO SparkContext: Starting job: showString at NativeMethodAccessorImpl.java:0
25/01/01 11:48:23 INFO DAGScheduler: Got job 7 (showString at NativeMethodAccessorImpl.java:0) with 1 output partitions
25/01/01 11:48:23 INFO DAGScheduler: Final stage: ResultStage 9 (showString at NativeMethodAccessorImpl.java:0)
25/01/01 11:48:23 INFO DAGScheduler: Parents of final stage: List(ShuffleMapStage 8)
25/01/01 11:48:23 INFO DAGScheduler: Missing parents: List()
25/01/01 11:48:23 INFO DAGScheduler: Submitting ResultStage 9 (MapPartitionsRDD[23] at showString at NativeMethodAccessorImpl.java:0), which has no missing parents
25/01/01 11:48:23 INFO MemoryStore: Block broadcast_8 stored as values in memory (estimated size 18.1 KiB, free 426.4 MiB)
25/01/01 11:48:23 INFO MemoryStore: Block broadcast_8_piece0 stored as bytes in memory (estimated size 8.0 KiB, free 426.4 MiB)
25/01/01 11:48:23 INFO BlockManagerInfo: Added broadcast_8_piece0 in memory on 192.168.29.182:38557 (size: 8.0 KiB, free: 434.4 MiB)
25/01/01 11:48:23 INFO SparkContext: Created broadcast 8 from broadcast at DAGScheduler.scala:1585
25/01/01 11:48:23 INFO DAGScheduler: Submitting 1 missing tasks from ResultStage 9 (MapPartitionsRDD[23] at showString at NativeMethodAccessorImpl.java:0) (first 15 tasks are for partitions Vector(0))
25/01/01 11:48:23 INFO TaskSchedulerImpl: Adding task set 9.0 with 1 tasks resource profile 0
25/01/01 11:48:23 INFO TaskSetManager: Starting task 0.0 in stage 9.0 (TID 13) (192.168.29.182, executor driver, partition 0, NODE_LOCAL, 9015 bytes) 
25/01/01 11:48:23 INFO Executor: Running task 0.0 in stage 9.0 (TID 13)
25/01/01 11:48:23 INFO CodeGenerator: Code generated in 4.996908 ms
25/01/01 11:48:23 INFO ShuffleBlockFetcherIterator: Getting 3 (819.0 B) non-empty blocks including 3 (819.0 B) local and 0 (0.0 B) host-local and 0 (0.0 B) push-merged-local and 0 (0.0 B) remote blocks
25/01/01 11:48:23 INFO ShuffleBlockFetcherIterator: Started 0 remote fetches in 0 ms
25/01/01 11:48:23 INFO CodeGenerator: Code generated in 9.604709 ms
25/01/01 11:48:23 INFO Executor: Finished task 0.0 in stage 9.0 (TID 13). 4964 bytes result sent to driver
25/01/01 11:48:23 INFO TaskSetManager: Finished task 0.0 in stage 9.0 (TID 13) in 89 ms on 192.168.29.182 (executor driver) (1/1)
25/01/01 11:48:23 INFO TaskSchedulerImpl: Removed TaskSet 9.0, whose tasks have all completed, from pool 
25/01/01 11:48:23 INFO DAGScheduler: ResultStage 9 (showString at NativeMethodAccessorImpl.java:0) finished in 0.111 s
25/01/01 11:48:23 INFO DAGScheduler: Job 7 is finished. Cancelling potential speculative or zombie tasks for this job
25/01/01 11:48:23 INFO TaskSchedulerImpl: Killing all running tasks in stage 9: Stage finished
25/01/01 11:48:23 INFO DAGScheduler: Job 7 finished: showString at NativeMethodAccessorImpl.java:0, took 0.118133 s
25/01/01 11:48:23 INFO CodeGenerator: Code generated in 21.258314 ms
25/01/01 11:48:23 INFO CodeGenerator: Code generated in 7.397344 ms
25/01/01 11:48:23 INFO SparkContext: Invoking stop() from shutdown hook
25/01/01 11:48:23 INFO SparkContext: SparkContext is stopping with exitCode 0.
25/01/01 11:48:23 INFO AbstractConnector: Stopped Spark@4f6bafa7{HTTP/1.1, (http/1.1)}{0.0.0.0:4041}
25/01/01 11:48:23 INFO SparkUI: Stopped Spark web UI at http://192.168.29.182:4041
25/01/01 11:48:23 INFO MapOutputTrackerMasterEndpoint: MapOutputTrackerMasterEndpoint stopped!
25/01/01 11:48:23 INFO MemoryStore: MemoryStore cleared
25/01/01 11:48:23 INFO BlockManager: BlockManager stopped
25/01/01 11:48:23 INFO BlockManagerMaster: BlockManagerMaster stopped
25/01/01 11:48:23 INFO OutputCommitCoordinator$OutputCommitCoordinatorEndpoint: OutputCommitCoordinator stopped!
25/01/01 11:48:23 INFO SparkContext: Successfully stopped SparkContext
25/01/01 11:48:23 INFO ShutdownHookManager: Shutdown hook called
25/01/01 11:48:23 INFO ShutdownHookManager: Deleting directory /tmp/spark-ec5aa84e-104c-44f5-ad16-756a7323d6cd/pyspark-2b55a03e-1288-479b-befd-a34f15a99c90
25/01/01 11:48:23 INFO ShutdownHookManager: Deleting directory /tmp/spark-1dc546e9-179f-46db-816f-49ad6835947c
25/01/01 11:48:23 INFO ShutdownHookManager: Deleting directory /tmp/spark-ec5aa84e-104c-44f5-ad16-756a7323d6cd
25/01/01 12:01:23 WARN Utils: Your hostname, bidut-HP-Laptop-14s-fq1xxx resolves to a loopback address: 127.0.1.1; using 192.168.29.182 instead (on interface wlo1)
25/01/01 12:01:23 WARN Utils: Set SPARK_LOCAL_IP if you need to bind to another address
25/01/01 12:01:23 INFO SparkContext: Running Spark version 3.5.4
25/01/01 12:01:23 INFO SparkContext: OS info Linux, 5.15.0-126-generic, amd64
25/01/01 12:01:23 INFO SparkContext: Java version 11.0.25
25/01/01 12:01:23 WARN NativeCodeLoader: Unable to load native-hadoop library for your platform... using builtin-java classes where applicable
25/01/01 12:01:23 INFO ResourceUtils: ==============================================================
25/01/01 12:01:23 INFO ResourceUtils: No custom resources configured for spark.driver.
25/01/01 12:01:23 INFO ResourceUtils: ==============================================================
25/01/01 12:01:23 INFO SparkContext: Submitted application: GroupingDemo
25/01/01 12:01:23 INFO ResourceProfile: Default ResourceProfile created, executor resources: Map(cores -> name: cores, amount: 1, script: , vendor: , memory -> name: memory, amount: 1024, script: , vendor: , offHeap -> name: offHeap, amount: 0, script: , vendor: ), task resources: Map(cpus -> name: cpus, amount: 1.0)
25/01/01 12:01:23 INFO ResourceProfile: Limiting resource is cpu
25/01/01 12:01:23 INFO ResourceProfileManager: Added ResourceProfile id: 0
25/01/01 12:01:23 INFO SecurityManager: Changing view acls to: bidut
25/01/01 12:01:23 INFO SecurityManager: Changing modify acls to: bidut
25/01/01 12:01:23 INFO SecurityManager: Changing view acls groups to: 
25/01/01 12:01:23 INFO SecurityManager: Changing modify acls groups to: 
25/01/01 12:01:23 INFO SecurityManager: SecurityManager: authentication disabled; ui acls disabled; users with view permissions: bidut; groups with view permissions: EMPTY; users with modify permissions: bidut; groups with modify permissions: EMPTY
25/01/01 12:01:24 INFO Utils: Successfully started service 'sparkDriver' on port 39091.
25/01/01 12:01:24 INFO SparkEnv: Registering MapOutputTracker
25/01/01 12:01:24 INFO SparkEnv: Registering BlockManagerMaster
25/01/01 12:01:24 INFO BlockManagerMasterEndpoint: Using org.apache.spark.storage.DefaultTopologyMapper for getting topology information
25/01/01 12:01:24 INFO BlockManagerMasterEndpoint: BlockManagerMasterEndpoint up
25/01/01 12:01:24 INFO SparkEnv: Registering BlockManagerMasterHeartbeat
25/01/01 12:01:24 INFO DiskBlockManager: Created local directory at /tmp/blockmgr-e64db4c1-2516-4533-bab2-52647e690c20
25/01/01 12:01:24 INFO MemoryStore: MemoryStore started with capacity 434.4 MiB
25/01/01 12:01:24 INFO SparkEnv: Registering OutputCommitCoordinator
25/01/01 12:01:24 INFO log: Logging initialized @2576ms to org.sparkproject.jetty.util.log.Slf4jLog
25/01/01 12:01:24 INFO JettyUtils: Start Jetty 0.0.0.0:4040 for SparkUI
25/01/01 12:01:24 INFO Server: jetty-9.4.56.v20240826; built: 2024-08-26T17:15:05.868Z; git: ec6782ff5ead824dabdcf47fa98f90a4aedff401; jvm 11.0.25+9-post-Ubuntu-1ubuntu120.04
25/01/01 12:01:24 INFO Server: Started @2716ms
25/01/01 12:01:24 WARN Utils: Service 'SparkUI' could not bind on port 4040. Attempting port 4041.
25/01/01 12:01:24 INFO AbstractConnector: Started ServerConnector@762af6b8{HTTP/1.1, (http/1.1)}{0.0.0.0:4041}
25/01/01 12:01:24 INFO Utils: Successfully started service 'SparkUI' on port 4041.
25/01/01 12:01:24 INFO ContextHandler: Started o.s.j.s.ServletContextHandler@69ac9121{/,null,AVAILABLE,@Spark}
25/01/01 12:01:24 INFO Executor: Starting executor ID driver on host 192.168.29.182
25/01/01 12:01:24 INFO Executor: OS info Linux, 5.15.0-126-generic, amd64
25/01/01 12:01:24 INFO Executor: Java version 11.0.25
25/01/01 12:01:24 INFO Executor: Starting executor with user classpath (userClassPathFirst = false): ''
25/01/01 12:01:24 INFO Executor: Created or updated repl class loader org.apache.spark.util.MutableURLClassLoader@33c01707 for default.
25/01/01 12:01:24 INFO Utils: Successfully started service 'org.apache.spark.network.netty.NettyBlockTransferService' on port 44919.
25/01/01 12:01:24 INFO NettyBlockTransferService: Server created on 192.168.29.182:44919
25/01/01 12:01:24 INFO BlockManager: Using org.apache.spark.storage.RandomBlockReplicationPolicy for block replication policy
25/01/01 12:01:24 INFO BlockManagerMaster: Registering BlockManager BlockManagerId(driver, 192.168.29.182, 44919, None)
25/01/01 12:01:24 INFO BlockManagerMasterEndpoint: Registering block manager 192.168.29.182:44919 with 434.4 MiB RAM, BlockManagerId(driver, 192.168.29.182, 44919, None)
25/01/01 12:01:24 INFO BlockManagerMaster: Registered BlockManager BlockManagerId(driver, 192.168.29.182, 44919, None)
25/01/01 12:01:24 INFO BlockManager: Initialized BlockManager: BlockManagerId(driver, 192.168.29.182, 44919, None)
25/01/01 12:01:24 INFO ContextHandler: Stopped o.s.j.s.ServletContextHandler@69ac9121{/,null,STOPPED,@Spark}
25/01/01 12:01:24 INFO ContextHandler: Started o.s.j.s.ServletContextHandler@14f83c52{/jobs,null,AVAILABLE,@Spark}
25/01/01 12:01:24 INFO ContextHandler: Started o.s.j.s.ServletContextHandler@149dc5fc{/jobs/json,null,AVAILABLE,@Spark}
25/01/01 12:01:24 INFO ContextHandler: Started o.s.j.s.ServletContextHandler@717a7df3{/jobs/job,null,AVAILABLE,@Spark}
25/01/01 12:01:24 INFO ContextHandler: Started o.s.j.s.ServletContextHandler@59aa40cf{/jobs/job/json,null,AVAILABLE,@Spark}
25/01/01 12:01:24 INFO ContextHandler: Started o.s.j.s.ServletContextHandler@67e9c080{/stages,null,AVAILABLE,@Spark}
25/01/01 12:01:24 INFO ContextHandler: Started o.s.j.s.ServletContextHandler@5fb2c4c3{/stages/json,null,AVAILABLE,@Spark}
25/01/01 12:01:24 INFO ContextHandler: Started o.s.j.s.ServletContextHandler@79732407{/stages/stage,null,AVAILABLE,@Spark}
25/01/01 12:01:24 INFO ContextHandler: Started o.s.j.s.ServletContextHandler@5a75d64d{/stages/stage/json,null,AVAILABLE,@Spark}
25/01/01 12:01:24 INFO ContextHandler: Started o.s.j.s.ServletContextHandler@7844cdca{/stages/pool,null,AVAILABLE,@Spark}
25/01/01 12:01:24 INFO ContextHandler: Started o.s.j.s.ServletContextHandler@485dd70e{/stages/pool/json,null,AVAILABLE,@Spark}
25/01/01 12:01:24 INFO ContextHandler: Started o.s.j.s.ServletContextHandler@32f47464{/storage,null,AVAILABLE,@Spark}
25/01/01 12:01:24 INFO ContextHandler: Started o.s.j.s.ServletContextHandler@5ddbb3a9{/storage/json,null,AVAILABLE,@Spark}
25/01/01 12:01:24 INFO ContextHandler: Started o.s.j.s.ServletContextHandler@26021eaf{/storage/rdd,null,AVAILABLE,@Spark}
25/01/01 12:01:24 INFO ContextHandler: Started o.s.j.s.ServletContextHandler@1a93b972{/storage/rdd/json,null,AVAILABLE,@Spark}
25/01/01 12:01:24 INFO ContextHandler: Started o.s.j.s.ServletContextHandler@3bda169e{/environment,null,AVAILABLE,@Spark}
25/01/01 12:01:24 INFO ContextHandler: Started o.s.j.s.ServletContextHandler@ed9c833{/environment/json,null,AVAILABLE,@Spark}
25/01/01 12:01:24 INFO ContextHandler: Started o.s.j.s.ServletContextHandler@3421d0b6{/executors,null,AVAILABLE,@Spark}
25/01/01 12:01:24 INFO ContextHandler: Started o.s.j.s.ServletContextHandler@4881a36a{/executors/json,null,AVAILABLE,@Spark}
25/01/01 12:01:24 INFO ContextHandler: Started o.s.j.s.ServletContextHandler@f5f563d{/executors/threadDump,null,AVAILABLE,@Spark}
25/01/01 12:01:24 INFO ContextHandler: Started o.s.j.s.ServletContextHandler@94a54a5{/executors/threadDump/json,null,AVAILABLE,@Spark}
25/01/01 12:01:24 INFO ContextHandler: Started o.s.j.s.ServletContextHandler@458becc2{/executors/heapHistogram,null,AVAILABLE,@Spark}
25/01/01 12:01:24 INFO ContextHandler: Started o.s.j.s.ServletContextHandler@7b6a975b{/executors/heapHistogram/json,null,AVAILABLE,@Spark}
25/01/01 12:01:24 INFO ContextHandler: Started o.s.j.s.ServletContextHandler@54eaf0aa{/static,null,AVAILABLE,@Spark}
25/01/01 12:01:24 INFO ContextHandler: Started o.s.j.s.ServletContextHandler@1ac88cb4{/,null,AVAILABLE,@Spark}
25/01/01 12:01:24 INFO ContextHandler: Started o.s.j.s.ServletContextHandler@6d1cf72e{/api,null,AVAILABLE,@Spark}
25/01/01 12:01:24 INFO ContextHandler: Started o.s.j.s.ServletContextHandler@659eb443{/jobs/job/kill,null,AVAILABLE,@Spark}
25/01/01 12:01:24 INFO ContextHandler: Started o.s.j.s.ServletContextHandler@7b34da65{/stages/stage/kill,null,AVAILABLE,@Spark}
25/01/01 12:01:24 INFO ContextHandler: Started o.s.j.s.ServletContextHandler@481461b5{/metrics/json,null,AVAILABLE,@Spark}
25/01/01 12:01:25 INFO SharedState: Setting hive.metastore.warehouse.dir ('null') to the value of spark.sql.warehouse.dir.
25/01/01 12:01:25 INFO SharedState: Warehouse path is 'file:/home/bidut/Desktop/dev/pyspark_learn/Course01Learn/19-ShuffleJoinDemo/spark-warehouse'.
25/01/01 12:01:25 INFO ContextHandler: Started o.s.j.s.ServletContextHandler@23c71d20{/SQL,null,AVAILABLE,@Spark}
25/01/01 12:01:25 INFO ContextHandler: Started o.s.j.s.ServletContextHandler@136a55ac{/SQL/json,null,AVAILABLE,@Spark}
25/01/01 12:01:25 INFO ContextHandler: Started o.s.j.s.ServletContextHandler@545c1c1e{/SQL/execution,null,AVAILABLE,@Spark}
25/01/01 12:01:25 INFO ContextHandler: Started o.s.j.s.ServletContextHandler@21e58c80{/SQL/execution/json,null,AVAILABLE,@Spark}
25/01/01 12:01:25 INFO ContextHandler: Started o.s.j.s.ServletContextHandler@3a7a5f4f{/static/sql,null,AVAILABLE,@Spark}
25/01/01 12:01:26 INFO InMemoryFileIndex: It took 56 ms to list leaf files for 1 paths.
25/01/01 12:01:26 INFO InMemoryFileIndex: It took 3 ms to list leaf files for 3 paths.
25/01/01 12:01:28 INFO FileSourceStrategy: Pushed Filters: 
25/01/01 12:01:28 INFO FileSourceStrategy: Post-Scan Filters: 
25/01/01 12:01:28 INFO MemoryStore: Block broadcast_0 stored as values in memory (estimated size 199.1 KiB, free 434.2 MiB)
25/01/01 12:01:29 INFO MemoryStore: Block broadcast_0_piece0 stored as bytes in memory (estimated size 34.2 KiB, free 434.2 MiB)
25/01/01 12:01:29 INFO BlockManagerInfo: Added broadcast_0_piece0 in memory on 192.168.29.182:44919 (size: 34.2 KiB, free: 434.4 MiB)
25/01/01 12:01:29 INFO SparkContext: Created broadcast 0 from json at NativeMethodAccessorImpl.java:0
25/01/01 12:01:29 INFO FileSourceScanExec: Planning scan with bin packing, max size: 31960205 bytes, open cost is considered as scanning 4194304 bytes.
25/01/01 12:01:29 INFO SparkContext: Starting job: json at NativeMethodAccessorImpl.java:0
25/01/01 12:01:29 INFO DAGScheduler: Got job 0 (json at NativeMethodAccessorImpl.java:0) with 3 output partitions
25/01/01 12:01:29 INFO DAGScheduler: Final stage: ResultStage 0 (json at NativeMethodAccessorImpl.java:0)
25/01/01 12:01:29 INFO DAGScheduler: Parents of final stage: List()
25/01/01 12:01:29 INFO DAGScheduler: Missing parents: List()
25/01/01 12:01:29 INFO DAGScheduler: Submitting ResultStage 0 (MapPartitionsRDD[3] at json at NativeMethodAccessorImpl.java:0), which has no missing parents
25/01/01 12:01:29 INFO MemoryStore: Block broadcast_1 stored as values in memory (estimated size 15.6 KiB, free 434.2 MiB)
25/01/01 12:01:29 INFO MemoryStore: Block broadcast_1_piece0 stored as bytes in memory (estimated size 7.7 KiB, free 434.1 MiB)
25/01/01 12:01:29 INFO BlockManagerInfo: Added broadcast_1_piece0 in memory on 192.168.29.182:44919 (size: 7.7 KiB, free: 434.4 MiB)
25/01/01 12:01:29 INFO SparkContext: Created broadcast 1 from broadcast at DAGScheduler.scala:1585
25/01/01 12:01:29 INFO DAGScheduler: Submitting 3 missing tasks from ResultStage 0 (MapPartitionsRDD[3] at json at NativeMethodAccessorImpl.java:0) (first 15 tasks are for partitions Vector(0, 1, 2))
25/01/01 12:01:29 INFO TaskSchedulerImpl: Adding task set 0.0 with 3 tasks resource profile 0
25/01/01 12:01:29 INFO TaskSetManager: Starting task 0.0 in stage 0.0 (TID 0) (192.168.29.182, executor driver, partition 0, PROCESS_LOCAL, 9705 bytes) 
25/01/01 12:01:29 INFO TaskSetManager: Starting task 1.0 in stage 0.0 (TID 1) (192.168.29.182, executor driver, partition 1, PROCESS_LOCAL, 9705 bytes) 
25/01/01 12:01:29 INFO TaskSetManager: Starting task 2.0 in stage 0.0 (TID 2) (192.168.29.182, executor driver, partition 2, PROCESS_LOCAL, 9705 bytes) 
25/01/01 12:01:29 INFO Executor: Running task 1.0 in stage 0.0 (TID 1)
25/01/01 12:01:29 INFO Executor: Running task 2.0 in stage 0.0 (TID 2)
25/01/01 12:01:29 INFO Executor: Running task 0.0 in stage 0.0 (TID 0)
25/01/01 12:01:29 INFO FileScanRDD: Reading File path: file:///home/bidut/Desktop/dev/pyspark_learn/Course01Learn/19-ShuffleJoinDemo/data/d1/part-00002-00af64b6-7ef5-4909-8f82-b8897114efaf-c000.json, range: 0-22695020, partition values: [empty row]
25/01/01 12:01:29 INFO FileScanRDD: Reading File path: file:///home/bidut/Desktop/dev/pyspark_learn/Course01Learn/19-ShuffleJoinDemo/data/d1/part-00001-00af64b6-7ef5-4909-8f82-b8897114efaf-c000.json, range: 0-30670316, partition values: [empty row]
25/01/01 12:01:29 INFO FileScanRDD: Reading File path: file:///home/bidut/Desktop/dev/pyspark_learn/Course01Learn/19-ShuffleJoinDemo/data/d1/part-00000-00af64b6-7ef5-4909-8f82-b8897114efaf-c000.json, range: 0-29932367, partition values: [empty row]
25/01/01 12:01:29 INFO CodeGenerator: Code generated in 196.832564 ms
25/01/01 12:01:31 INFO Executor: Finished task 2.0 in stage 0.0 (TID 2). 2256 bytes result sent to driver
25/01/01 12:01:31 INFO TaskSetManager: Finished task 2.0 in stage 0.0 (TID 2) in 1604 ms on 192.168.29.182 (executor driver) (1/3)
25/01/01 12:01:31 INFO Executor: Finished task 0.0 in stage 0.0 (TID 0). 2213 bytes result sent to driver
25/01/01 12:01:31 INFO TaskSetManager: Finished task 0.0 in stage 0.0 (TID 0) in 1647 ms on 192.168.29.182 (executor driver) (2/3)
25/01/01 12:01:31 INFO Executor: Finished task 1.0 in stage 0.0 (TID 1). 2213 bytes result sent to driver
25/01/01 12:01:31 INFO TaskSetManager: Finished task 1.0 in stage 0.0 (TID 1) in 1695 ms on 192.168.29.182 (executor driver) (3/3)
25/01/01 12:01:31 INFO TaskSchedulerImpl: Removed TaskSet 0.0, whose tasks have all completed, from pool 
25/01/01 12:01:31 INFO DAGScheduler: ResultStage 0 (json at NativeMethodAccessorImpl.java:0) finished in 1.850 s
25/01/01 12:01:31 INFO DAGScheduler: Job 0 is finished. Cancelling potential speculative or zombie tasks for this job
25/01/01 12:01:31 INFO TaskSchedulerImpl: Killing all running tasks in stage 0: Stage finished
25/01/01 12:01:31 INFO DAGScheduler: Job 0 finished: json at NativeMethodAccessorImpl.java:0, took 1.908857 s
25/01/01 12:01:31 INFO InMemoryFileIndex: It took 2 ms to list leaf files for 1 paths.
25/01/01 12:01:31 INFO InMemoryFileIndex: It took 2 ms to list leaf files for 3 paths.
25/01/01 12:01:31 INFO FileSourceStrategy: Pushed Filters: 
25/01/01 12:01:31 INFO FileSourceStrategy: Post-Scan Filters: 
25/01/01 12:01:31 INFO MemoryStore: Block broadcast_2 stored as values in memory (estimated size 199.1 KiB, free 434.0 MiB)
25/01/01 12:01:31 INFO MemoryStore: Block broadcast_2_piece0 stored as bytes in memory (estimated size 34.2 KiB, free 433.9 MiB)
25/01/01 12:01:31 INFO BlockManagerInfo: Added broadcast_2_piece0 in memory on 192.168.29.182:44919 (size: 34.2 KiB, free: 434.3 MiB)
25/01/01 12:01:31 INFO SparkContext: Created broadcast 2 from json at NativeMethodAccessorImpl.java:0
25/01/01 12:01:31 INFO FileSourceScanExec: Planning scan with bin packing, max size: 26547366 bytes, open cost is considered as scanning 4194304 bytes.
25/01/01 12:01:31 INFO SparkContext: Starting job: json at NativeMethodAccessorImpl.java:0
25/01/01 12:01:31 INFO DAGScheduler: Got job 1 (json at NativeMethodAccessorImpl.java:0) with 3 output partitions
25/01/01 12:01:31 INFO DAGScheduler: Final stage: ResultStage 1 (json at NativeMethodAccessorImpl.java:0)
25/01/01 12:01:31 INFO DAGScheduler: Parents of final stage: List()
25/01/01 12:01:31 INFO DAGScheduler: Missing parents: List()
25/01/01 12:01:31 INFO DAGScheduler: Submitting ResultStage 1 (MapPartitionsRDD[7] at json at NativeMethodAccessorImpl.java:0), which has no missing parents
25/01/01 12:01:31 INFO MemoryStore: Block broadcast_3 stored as values in memory (estimated size 15.6 KiB, free 433.9 MiB)
25/01/01 12:01:31 INFO MemoryStore: Block broadcast_3_piece0 stored as bytes in memory (estimated size 7.7 KiB, free 433.9 MiB)
25/01/01 12:01:31 INFO BlockManagerInfo: Added broadcast_3_piece0 in memory on 192.168.29.182:44919 (size: 7.7 KiB, free: 434.3 MiB)
25/01/01 12:01:31 INFO SparkContext: Created broadcast 3 from broadcast at DAGScheduler.scala:1585
25/01/01 12:01:31 INFO DAGScheduler: Submitting 3 missing tasks from ResultStage 1 (MapPartitionsRDD[7] at json at NativeMethodAccessorImpl.java:0) (first 15 tasks are for partitions Vector(0, 1, 2))
25/01/01 12:01:31 INFO TaskSchedulerImpl: Adding task set 1.0 with 3 tasks resource profile 0
25/01/01 12:01:31 INFO TaskSetManager: Starting task 0.0 in stage 1.0 (TID 3) (192.168.29.182, executor driver, partition 0, PROCESS_LOCAL, 9705 bytes) 
25/01/01 12:01:31 INFO TaskSetManager: Starting task 1.0 in stage 1.0 (TID 4) (192.168.29.182, executor driver, partition 1, PROCESS_LOCAL, 9705 bytes) 
25/01/01 12:01:31 INFO TaskSetManager: Starting task 2.0 in stage 1.0 (TID 5) (192.168.29.182, executor driver, partition 2, PROCESS_LOCAL, 9705 bytes) 
25/01/01 12:01:31 INFO Executor: Running task 0.0 in stage 1.0 (TID 3)
25/01/01 12:01:31 INFO Executor: Running task 1.0 in stage 1.0 (TID 4)
25/01/01 12:01:31 INFO Executor: Running task 2.0 in stage 1.0 (TID 5)
25/01/01 12:01:31 INFO FileScanRDD: Reading File path: file:///home/bidut/Desktop/dev/pyspark_learn/Course01Learn/19-ShuffleJoinDemo/data/d2/part-00000-ee8814fd-bbb7-4a16-912b-f74b04a6d4fa-c000.json, range: 0-24318011, partition values: [empty row]
25/01/01 12:01:31 INFO FileScanRDD: Reading File path: file:///home/bidut/Desktop/dev/pyspark_learn/Course01Learn/19-ShuffleJoinDemo/data/d2/part-00001-ee8814fd-bbb7-4a16-912b-f74b04a6d4fa-c000.json, range: 0-24817208, partition values: [empty row]
25/01/01 12:01:31 INFO FileScanRDD: Reading File path: file:///home/bidut/Desktop/dev/pyspark_learn/Course01Learn/19-ShuffleJoinDemo/data/d2/part-00002-ee8814fd-bbb7-4a16-912b-f74b04a6d4fa-c000.json, range: 0-17923969, partition values: [empty row]
25/01/01 12:01:31 INFO BlockManagerInfo: Removed broadcast_0_piece0 on 192.168.29.182:44919 in memory (size: 34.2 KiB, free: 434.4 MiB)
25/01/01 12:01:31 INFO BlockManagerInfo: Removed broadcast_1_piece0 on 192.168.29.182:44919 in memory (size: 7.7 KiB, free: 434.4 MiB)
25/01/01 12:01:32 INFO Executor: Finished task 0.0 in stage 1.0 (TID 3). 2182 bytes result sent to driver
25/01/01 12:01:32 INFO Executor: Finished task 1.0 in stage 1.0 (TID 4). 2182 bytes result sent to driver
25/01/01 12:01:32 INFO TaskSetManager: Finished task 0.0 in stage 1.0 (TID 3) in 946 ms on 192.168.29.182 (executor driver) (1/3)
25/01/01 12:01:32 INFO TaskSetManager: Finished task 1.0 in stage 1.0 (TID 4) in 945 ms on 192.168.29.182 (executor driver) (2/3)
25/01/01 12:01:32 INFO Executor: Finished task 2.0 in stage 1.0 (TID 5). 2182 bytes result sent to driver
25/01/01 12:01:32 INFO TaskSetManager: Finished task 2.0 in stage 1.0 (TID 5) in 976 ms on 192.168.29.182 (executor driver) (3/3)
25/01/01 12:01:32 INFO TaskSchedulerImpl: Removed TaskSet 1.0, whose tasks have all completed, from pool 
25/01/01 12:01:32 INFO DAGScheduler: ResultStage 1 (json at NativeMethodAccessorImpl.java:0) finished in 0.994 s
25/01/01 12:01:32 INFO DAGScheduler: Job 1 is finished. Cancelling potential speculative or zombie tasks for this job
25/01/01 12:01:32 INFO TaskSchedulerImpl: Killing all running tasks in stage 1: Stage finished
25/01/01 12:01:32 INFO DAGScheduler: Job 1 finished: json at NativeMethodAccessorImpl.java:0, took 1.004112 s
25/01/01 12:01:32 INFO FileSourceStrategy: Pushed Filters: IsNotNull(id)
25/01/01 12:01:32 INFO FileSourceStrategy: Post-Scan Filters: isnotnull(id#15L)
25/01/01 12:01:32 INFO FileSourceStrategy: Pushed Filters: IsNotNull(id)
25/01/01 12:01:32 INFO FileSourceStrategy: Post-Scan Filters: isnotnull(id#40L)
25/01/01 12:01:32 INFO CodeGenerator: Code generated in 24.566824 ms
25/01/01 12:01:32 INFO MemoryStore: Block broadcast_4 stored as values in memory (estimated size 199.2 KiB, free 434.0 MiB)
25/01/01 12:01:32 INFO MemoryStore: Block broadcast_4_piece0 stored as bytes in memory (estimated size 34.2 KiB, free 433.9 MiB)
25/01/01 12:01:32 INFO BlockManagerInfo: Added broadcast_4_piece0 in memory on 192.168.29.182:44919 (size: 34.2 KiB, free: 434.3 MiB)
25/01/01 12:01:32 INFO SparkContext: Created broadcast 4 from collect at /home/bidut/Desktop/dev/pyspark_learn/Course01Learn/19-ShuffleJoinDemo/ShuffleJoinDemo.py:31
25/01/01 12:01:32 INFO FileSourceScanExec: Planning scan with bin packing, max size: 31960205 bytes, open cost is considered as scanning 4194304 bytes.
25/01/01 12:01:32 INFO DAGScheduler: Registering RDD 11 (collect at /home/bidut/Desktop/dev/pyspark_learn/Course01Learn/19-ShuffleJoinDemo/ShuffleJoinDemo.py:31) as input to shuffle 0
25/01/01 12:01:32 INFO DAGScheduler: Got map stage job 2 (collect at /home/bidut/Desktop/dev/pyspark_learn/Course01Learn/19-ShuffleJoinDemo/ShuffleJoinDemo.py:31) with 3 output partitions
25/01/01 12:01:32 INFO DAGScheduler: Final stage: ShuffleMapStage 2 (collect at /home/bidut/Desktop/dev/pyspark_learn/Course01Learn/19-ShuffleJoinDemo/ShuffleJoinDemo.py:31)
25/01/01 12:01:32 INFO DAGScheduler: Parents of final stage: List()
25/01/01 12:01:32 INFO DAGScheduler: Missing parents: List()
25/01/01 12:01:32 INFO DAGScheduler: Submitting ShuffleMapStage 2 (MapPartitionsRDD[11] at collect at /home/bidut/Desktop/dev/pyspark_learn/Course01Learn/19-ShuffleJoinDemo/ShuffleJoinDemo.py:31), which has no missing parents
25/01/01 12:01:32 INFO CodeGenerator: Code generated in 17.7803 ms
25/01/01 12:01:32 INFO MemoryStore: Block broadcast_5 stored as values in memory (estimated size 199.2 KiB, free 433.7 MiB)
25/01/01 12:01:32 INFO MemoryStore: Block broadcast_5_piece0 stored as bytes in memory (estimated size 34.2 KiB, free 433.7 MiB)
25/01/01 12:01:32 INFO BlockManagerInfo: Added broadcast_5_piece0 in memory on 192.168.29.182:44919 (size: 34.2 KiB, free: 434.3 MiB)
25/01/01 12:01:32 INFO SparkContext: Created broadcast 5 from collect at /home/bidut/Desktop/dev/pyspark_learn/Course01Learn/19-ShuffleJoinDemo/ShuffleJoinDemo.py:31
25/01/01 12:01:32 INFO FileSourceScanExec: Planning scan with bin packing, max size: 26547366 bytes, open cost is considered as scanning 4194304 bytes.
25/01/01 12:01:32 INFO MemoryStore: Block broadcast_6 stored as values in memory (estimated size 19.7 KiB, free 433.7 MiB)
25/01/01 12:01:32 INFO MemoryStore: Block broadcast_6_piece0 stored as bytes in memory (estimated size 9.0 KiB, free 433.7 MiB)
25/01/01 12:01:32 INFO BlockManagerInfo: Added broadcast_6_piece0 in memory on 192.168.29.182:44919 (size: 9.0 KiB, free: 434.3 MiB)
25/01/01 12:01:32 INFO SparkContext: Created broadcast 6 from broadcast at DAGScheduler.scala:1585
25/01/01 12:01:32 INFO DAGScheduler: Submitting 3 missing tasks from ShuffleMapStage 2 (MapPartitionsRDD[11] at collect at /home/bidut/Desktop/dev/pyspark_learn/Course01Learn/19-ShuffleJoinDemo/ShuffleJoinDemo.py:31) (first 15 tasks are for partitions Vector(0, 1, 2))
25/01/01 12:01:32 INFO TaskSchedulerImpl: Adding task set 2.0 with 3 tasks resource profile 0
25/01/01 12:01:32 INFO DAGScheduler: Registering RDD 15 (collect at /home/bidut/Desktop/dev/pyspark_learn/Course01Learn/19-ShuffleJoinDemo/ShuffleJoinDemo.py:31) as input to shuffle 1
25/01/01 12:01:32 INFO DAGScheduler: Got map stage job 3 (collect at /home/bidut/Desktop/dev/pyspark_learn/Course01Learn/19-ShuffleJoinDemo/ShuffleJoinDemo.py:31) with 3 output partitions
25/01/01 12:01:32 INFO DAGScheduler: Final stage: ShuffleMapStage 3 (collect at /home/bidut/Desktop/dev/pyspark_learn/Course01Learn/19-ShuffleJoinDemo/ShuffleJoinDemo.py:31)
25/01/01 12:01:32 INFO DAGScheduler: Parents of final stage: List()
25/01/01 12:01:32 INFO DAGScheduler: Missing parents: List()
25/01/01 12:01:32 INFO TaskSetManager: Starting task 0.0 in stage 2.0 (TID 6) (192.168.29.182, executor driver, partition 0, PROCESS_LOCAL, 9694 bytes) 
25/01/01 12:01:32 INFO DAGScheduler: Submitting ShuffleMapStage 3 (MapPartitionsRDD[15] at collect at /home/bidut/Desktop/dev/pyspark_learn/Course01Learn/19-ShuffleJoinDemo/ShuffleJoinDemo.py:31), which has no missing parents
25/01/01 12:01:32 INFO TaskSetManager: Starting task 1.0 in stage 2.0 (TID 7) (192.168.29.182, executor driver, partition 1, PROCESS_LOCAL, 9694 bytes) 
25/01/01 12:01:32 INFO TaskSetManager: Starting task 2.0 in stage 2.0 (TID 8) (192.168.29.182, executor driver, partition 2, PROCESS_LOCAL, 9694 bytes) 
25/01/01 12:01:32 INFO Executor: Running task 2.0 in stage 2.0 (TID 8)
25/01/01 12:01:32 INFO Executor: Running task 1.0 in stage 2.0 (TID 7)
25/01/01 12:01:32 INFO Executor: Running task 0.0 in stage 2.0 (TID 6)
25/01/01 12:01:32 INFO MemoryStore: Block broadcast_7 stored as values in memory (estimated size 20.0 KiB, free 433.6 MiB)
25/01/01 12:01:33 INFO MemoryStore: Block broadcast_7_piece0 stored as bytes in memory (estimated size 9.0 KiB, free 433.6 MiB)
25/01/01 12:01:33 INFO BlockManagerInfo: Added broadcast_7_piece0 in memory on 192.168.29.182:44919 (size: 9.0 KiB, free: 434.3 MiB)
25/01/01 12:01:33 INFO SparkContext: Created broadcast 7 from broadcast at DAGScheduler.scala:1585
25/01/01 12:01:33 INFO DAGScheduler: Submitting 3 missing tasks from ShuffleMapStage 3 (MapPartitionsRDD[15] at collect at /home/bidut/Desktop/dev/pyspark_learn/Course01Learn/19-ShuffleJoinDemo/ShuffleJoinDemo.py:31) (first 15 tasks are for partitions Vector(0, 1, 2))
25/01/01 12:01:33 INFO TaskSchedulerImpl: Adding task set 3.0 with 3 tasks resource profile 0
25/01/01 12:01:33 INFO CodeGenerator: Code generated in 20.006099 ms
25/01/01 12:01:33 INFO CodeGenerator: Code generated in 11.601345 ms
25/01/01 12:01:33 INFO FileScanRDD: Reading File path: file:///home/bidut/Desktop/dev/pyspark_learn/Course01Learn/19-ShuffleJoinDemo/data/d1/part-00000-00af64b6-7ef5-4909-8f82-b8897114efaf-c000.json, range: 0-29932367, partition values: [empty row]
25/01/01 12:01:33 INFO FileScanRDD: Reading File path: file:///home/bidut/Desktop/dev/pyspark_learn/Course01Learn/19-ShuffleJoinDemo/data/d1/part-00001-00af64b6-7ef5-4909-8f82-b8897114efaf-c000.json, range: 0-30670316, partition values: [empty row]
25/01/01 12:01:33 INFO FileScanRDD: Reading File path: file:///home/bidut/Desktop/dev/pyspark_learn/Course01Learn/19-ShuffleJoinDemo/data/d1/part-00002-00af64b6-7ef5-4909-8f82-b8897114efaf-c000.json, range: 0-22695020, partition values: [empty row]
25/01/01 12:01:33 INFO CodeGenerator: Code generated in 11.089005 ms
25/01/01 12:01:33 INFO CodeGenerator: Code generated in 5.625974 ms
25/01/01 12:01:33 INFO BlockManagerInfo: Removed broadcast_3_piece0 on 192.168.29.182:44919 in memory (size: 7.7 KiB, free: 434.3 MiB)
25/01/01 12:01:33 INFO BlockManagerInfo: Removed broadcast_2_piece0 on 192.168.29.182:44919 in memory (size: 34.2 KiB, free: 434.3 MiB)
25/01/01 12:01:34 INFO Executor: Finished task 2.0 in stage 2.0 (TID 8). 1933 bytes result sent to driver
25/01/01 12:01:34 INFO TaskSetManager: Starting task 0.0 in stage 3.0 (TID 9) (192.168.29.182, executor driver, partition 0, PROCESS_LOCAL, 9694 bytes) 
25/01/01 12:01:34 INFO Executor: Running task 0.0 in stage 3.0 (TID 9)
25/01/01 12:01:34 INFO TaskSetManager: Finished task 2.0 in stage 2.0 (TID 8) in 1076 ms on 192.168.29.182 (executor driver) (1/3)
25/01/01 12:01:34 INFO CodeGenerator: Code generated in 17.777669 ms
25/01/01 12:01:34 INFO CodeGenerator: Code generated in 18.722707 ms
25/01/01 12:01:34 INFO FileScanRDD: Reading File path: file:///home/bidut/Desktop/dev/pyspark_learn/Course01Learn/19-ShuffleJoinDemo/data/d2/part-00001-ee8814fd-bbb7-4a16-912b-f74b04a6d4fa-c000.json, range: 0-24817208, partition values: [empty row]
25/01/01 12:01:34 INFO CodeGenerator: Code generated in 19.007989 ms
25/01/01 12:01:34 INFO CodeGenerator: Code generated in 6.913821 ms
25/01/01 12:01:34 INFO Executor: Finished task 0.0 in stage 2.0 (TID 6). 1890 bytes result sent to driver
25/01/01 12:01:34 INFO TaskSetManager: Starting task 1.0 in stage 3.0 (TID 10) (192.168.29.182, executor driver, partition 1, PROCESS_LOCAL, 9694 bytes) 
25/01/01 12:01:34 INFO Executor: Running task 1.0 in stage 3.0 (TID 10)
25/01/01 12:01:34 INFO TaskSetManager: Finished task 0.0 in stage 2.0 (TID 6) in 1401 ms on 192.168.29.182 (executor driver) (2/3)
25/01/01 12:01:34 INFO FileScanRDD: Reading File path: file:///home/bidut/Desktop/dev/pyspark_learn/Course01Learn/19-ShuffleJoinDemo/data/d2/part-00000-ee8814fd-bbb7-4a16-912b-f74b04a6d4fa-c000.json, range: 0-24318011, partition values: [empty row]
25/01/01 12:01:34 INFO Executor: Finished task 1.0 in stage 2.0 (TID 7). 1890 bytes result sent to driver
25/01/01 12:01:34 INFO TaskSetManager: Starting task 2.0 in stage 3.0 (TID 11) (192.168.29.182, executor driver, partition 2, PROCESS_LOCAL, 9694 bytes) 
25/01/01 12:01:34 INFO TaskSetManager: Finished task 1.0 in stage 2.0 (TID 7) in 1429 ms on 192.168.29.182 (executor driver) (3/3)
25/01/01 12:01:34 INFO Executor: Running task 2.0 in stage 3.0 (TID 11)
25/01/01 12:01:34 INFO TaskSchedulerImpl: Removed TaskSet 2.0, whose tasks have all completed, from pool 
25/01/01 12:01:34 INFO DAGScheduler: ShuffleMapStage 2 (collect at /home/bidut/Desktop/dev/pyspark_learn/Course01Learn/19-ShuffleJoinDemo/ShuffleJoinDemo.py:31) finished in 1.486 s
25/01/01 12:01:34 INFO DAGScheduler: looking for newly runnable stages
25/01/01 12:01:34 INFO DAGScheduler: running: Set(ShuffleMapStage 3)
25/01/01 12:01:34 INFO DAGScheduler: waiting: Set()
25/01/01 12:01:34 INFO DAGScheduler: failed: Set()
25/01/01 12:01:34 INFO FileScanRDD: Reading File path: file:///home/bidut/Desktop/dev/pyspark_learn/Course01Learn/19-ShuffleJoinDemo/data/d2/part-00002-ee8814fd-bbb7-4a16-912b-f74b04a6d4fa-c000.json, range: 0-17923969, partition values: [empty row]
25/01/01 12:01:35 INFO Executor: Finished task 2.0 in stage 3.0 (TID 11). 1890 bytes result sent to driver
25/01/01 12:01:35 INFO TaskSetManager: Finished task 2.0 in stage 3.0 (TID 11) in 734 ms on 192.168.29.182 (executor driver) (1/3)
25/01/01 12:01:35 INFO Executor: Finished task 0.0 in stage 3.0 (TID 9). 1890 bytes result sent to driver
25/01/01 12:01:35 INFO TaskSetManager: Finished task 0.0 in stage 3.0 (TID 9) in 1106 ms on 192.168.29.182 (executor driver) (2/3)
25/01/01 12:01:35 INFO Executor: Finished task 1.0 in stage 3.0 (TID 10). 1890 bytes result sent to driver
25/01/01 12:01:35 INFO TaskSetManager: Finished task 1.0 in stage 3.0 (TID 10) in 830 ms on 192.168.29.182 (executor driver) (3/3)
25/01/01 12:01:35 INFO TaskSchedulerImpl: Removed TaskSet 3.0, whose tasks have all completed, from pool 
25/01/01 12:01:35 INFO DAGScheduler: ShuffleMapStage 3 (collect at /home/bidut/Desktop/dev/pyspark_learn/Course01Learn/19-ShuffleJoinDemo/ShuffleJoinDemo.py:31) finished in 2.224 s
25/01/01 12:01:35 INFO DAGScheduler: looking for newly runnable stages
25/01/01 12:01:35 INFO DAGScheduler: running: Set()
25/01/01 12:01:35 INFO DAGScheduler: waiting: Set()
25/01/01 12:01:35 INFO DAGScheduler: failed: Set()
25/01/01 12:01:35 INFO ShufflePartitionsUtil: For shuffle(0, 1), advisory target size: 67108864, actual target size 9019662, minimum partition size: 1048576
25/01/01 12:01:35 INFO CodeGenerator: Code generated in 36.256942 ms
25/01/01 12:01:35 INFO CodeGenerator: Code generated in 13.088252 ms
25/01/01 12:01:35 INFO CodeGenerator: Code generated in 8.333618 ms
25/01/01 12:01:35 INFO SparkContext: Starting job: collect at /home/bidut/Desktop/dev/pyspark_learn/Course01Learn/19-ShuffleJoinDemo/ShuffleJoinDemo.py:31
25/01/01 12:01:35 INFO DAGScheduler: Got job 4 (collect at /home/bidut/Desktop/dev/pyspark_learn/Course01Learn/19-ShuffleJoinDemo/ShuffleJoinDemo.py:31) with 3 output partitions
25/01/01 12:01:35 INFO DAGScheduler: Final stage: ResultStage 6 (collect at /home/bidut/Desktop/dev/pyspark_learn/Course01Learn/19-ShuffleJoinDemo/ShuffleJoinDemo.py:31)
25/01/01 12:01:35 INFO DAGScheduler: Parents of final stage: List(ShuffleMapStage 5, ShuffleMapStage 4)
25/01/01 12:01:35 INFO DAGScheduler: Missing parents: List()
25/01/01 12:01:35 INFO DAGScheduler: Submitting ResultStage 6 (MapPartitionsRDD[22] at collect at /home/bidut/Desktop/dev/pyspark_learn/Course01Learn/19-ShuffleJoinDemo/ShuffleJoinDemo.py:31), which has no missing parents
25/01/01 12:01:35 INFO MemoryStore: Block broadcast_8 stored as values in memory (estimated size 50.8 KiB, free 433.8 MiB)
25/01/01 12:01:35 INFO MemoryStore: Block broadcast_8_piece0 stored as bytes in memory (estimated size 22.7 KiB, free 433.8 MiB)
25/01/01 12:01:35 INFO BlockManagerInfo: Added broadcast_8_piece0 in memory on 192.168.29.182:44919 (size: 22.7 KiB, free: 434.3 MiB)
25/01/01 12:01:35 INFO SparkContext: Created broadcast 8 from broadcast at DAGScheduler.scala:1585
25/01/01 12:01:35 INFO DAGScheduler: Submitting 3 missing tasks from ResultStage 6 (MapPartitionsRDD[22] at collect at /home/bidut/Desktop/dev/pyspark_learn/Course01Learn/19-ShuffleJoinDemo/ShuffleJoinDemo.py:31) (first 15 tasks are for partitions Vector(0, 1, 2))
25/01/01 12:01:35 INFO TaskSchedulerImpl: Adding task set 6.0 with 3 tasks resource profile 0
25/01/01 12:01:35 INFO TaskSetManager: Starting task 0.0 in stage 6.0 (TID 12) (192.168.29.182, executor driver, partition 0, NODE_LOCAL, 9281 bytes) 
25/01/01 12:01:35 INFO TaskSetManager: Starting task 1.0 in stage 6.0 (TID 13) (192.168.29.182, executor driver, partition 1, NODE_LOCAL, 9281 bytes) 
25/01/01 12:01:35 INFO TaskSetManager: Starting task 2.0 in stage 6.0 (TID 14) (192.168.29.182, executor driver, partition 2, NODE_LOCAL, 9281 bytes) 
25/01/01 12:01:35 INFO Executor: Running task 1.0 in stage 6.0 (TID 13)
25/01/01 12:01:35 INFO Executor: Running task 2.0 in stage 6.0 (TID 14)
25/01/01 12:01:35 INFO Executor: Running task 0.0 in stage 6.0 (TID 12)
25/01/01 12:01:35 INFO ShuffleBlockFetcherIterator: Getting 3 (3.8 MiB) non-empty blocks including 3 (3.8 MiB) local and 0 (0.0 B) host-local and 0 (0.0 B) push-merged-local and 0 (0.0 B) remote blocks
25/01/01 12:01:35 INFO ShuffleBlockFetcherIterator: Getting 3 (3.8 MiB) non-empty blocks including 3 (3.8 MiB) local and 0 (0.0 B) host-local and 0 (0.0 B) push-merged-local and 0 (0.0 B) remote blocks
25/01/01 12:01:35 INFO ShuffleBlockFetcherIterator: Getting 3 (3.8 MiB) non-empty blocks including 3 (3.8 MiB) local and 0 (0.0 B) host-local and 0 (0.0 B) push-merged-local and 0 (0.0 B) remote blocks
25/01/01 12:01:35 INFO ShuffleBlockFetcherIterator: Started 0 remote fetches in 15 ms
25/01/01 12:01:35 INFO ShuffleBlockFetcherIterator: Started 0 remote fetches in 15 ms
25/01/01 12:01:35 INFO ShuffleBlockFetcherIterator: Started 0 remote fetches in 16 ms
25/01/01 12:01:35 INFO CodeGenerator: Code generated in 9.326872 ms
25/01/01 12:01:35 INFO CodeGenerator: Code generated in 11.959374 ms
25/01/01 12:01:35 INFO CodeGenerator: Code generated in 5.72016 ms
25/01/01 12:01:35 INFO ShuffleBlockFetcherIterator: Getting 3 (4.8 MiB) non-empty blocks including 3 (4.8 MiB) local and 0 (0.0 B) host-local and 0 (0.0 B) push-merged-local and 0 (0.0 B) remote blocks
25/01/01 12:01:35 INFO ShuffleBlockFetcherIterator: Getting 3 (4.8 MiB) non-empty blocks including 3 (4.8 MiB) local and 0 (0.0 B) host-local and 0 (0.0 B) push-merged-local and 0 (0.0 B) remote blocks
25/01/01 12:01:35 INFO ShuffleBlockFetcherIterator: Getting 3 (4.8 MiB) non-empty blocks including 3 (4.8 MiB) local and 0 (0.0 B) host-local and 0 (0.0 B) push-merged-local and 0 (0.0 B) remote blocks
25/01/01 12:01:35 INFO ShuffleBlockFetcherIterator: Started 0 remote fetches in 1 ms
25/01/01 12:01:35 INFO ShuffleBlockFetcherIterator: Started 0 remote fetches in 1 ms
25/01/01 12:01:35 INFO ShuffleBlockFetcherIterator: Started 0 remote fetches in 1 ms
25/01/01 12:01:35 INFO CodeGenerator: Code generated in 11.103295 ms
25/01/01 12:01:35 INFO CodeGenerator: Code generated in 6.588782 ms
25/01/01 12:01:35 INFO CodeGenerator: Code generated in 6.543469 ms
25/01/01 12:01:35 INFO CodeGenerator: Code generated in 25.41681 ms
25/01/01 12:01:35 INFO BlockManagerInfo: Removed broadcast_6_piece0 on 192.168.29.182:44919 in memory (size: 9.0 KiB, free: 434.3 MiB)
25/01/01 12:01:35 INFO BlockManagerInfo: Removed broadcast_7_piece0 on 192.168.29.182:44919 in memory (size: 9.0 KiB, free: 434.3 MiB)
25/01/01 12:01:37 INFO MemoryStore: Block taskresult_12 stored as bytes in memory (estimated size 9.1 MiB, free 406.5 MiB)
25/01/01 12:01:37 INFO MemoryStore: Block taskresult_14 stored as bytes in memory (estimated size 9.2 MiB, free 406.5 MiB)
25/01/01 12:01:37 INFO MemoryStore: Block taskresult_13 stored as bytes in memory (estimated size 9.1 MiB, free 406.5 MiB)
25/01/01 12:01:37 INFO BlockManagerInfo: Added taskresult_12 in memory on 192.168.29.182:44919 (size: 9.1 MiB, free: 425.2 MiB)
25/01/01 12:01:37 INFO BlockManagerInfo: Added taskresult_13 in memory on 192.168.29.182:44919 (size: 9.1 MiB, free: 416.1 MiB)
25/01/01 12:01:37 INFO BlockManagerInfo: Added taskresult_14 in memory on 192.168.29.182:44919 (size: 9.2 MiB, free: 406.9 MiB)
25/01/01 12:01:38 INFO Executor: Finished task 1.0 in stage 6.0 (TID 13). 9559414 bytes result sent via BlockManager)
25/01/01 12:01:38 INFO Executor: Finished task 0.0 in stage 6.0 (TID 12). 9571366 bytes result sent via BlockManager)
25/01/01 12:01:38 INFO Executor: Finished task 2.0 in stage 6.0 (TID 14). 9595661 bytes result sent via BlockManager)
25/01/01 12:01:39 INFO TransportClientFactory: Successfully created connection to /192.168.29.182:44919 after 904 ms (1 ms spent in bootstraps)
25/01/01 12:01:40 INFO TaskSetManager: Finished task 0.0 in stage 6.0 (TID 12) in 5151 ms on 192.168.29.182 (executor driver) (1/3)
25/01/01 12:01:40 INFO BlockManagerInfo: Removed taskresult_12 on 192.168.29.182:44919 in memory (size: 9.1 MiB, free: 416.0 MiB)
25/01/01 12:01:41 INFO TaskSetManager: Finished task 1.0 in stage 6.0 (TID 13) in 5937 ms on 192.168.29.182 (executor driver) (2/3)
25/01/01 12:01:41 INFO BlockManagerInfo: Removed taskresult_13 on 192.168.29.182:44919 in memory (size: 9.1 MiB, free: 425.2 MiB)
25/01/01 12:01:41 INFO TaskSetManager: Finished task 2.0 in stage 6.0 (TID 14) in 6228 ms on 192.168.29.182 (executor driver) (3/3)
25/01/01 12:01:41 INFO TaskSchedulerImpl: Removed TaskSet 6.0, whose tasks have all completed, from pool 
25/01/01 12:01:41 INFO DAGScheduler: ResultStage 6 (collect at /home/bidut/Desktop/dev/pyspark_learn/Course01Learn/19-ShuffleJoinDemo/ShuffleJoinDemo.py:31) finished in 6.261 s
25/01/01 12:01:41 INFO DAGScheduler: Job 4 is finished. Cancelling potential speculative or zombie tasks for this job
25/01/01 12:01:41 INFO TaskSchedulerImpl: Killing all running tasks in stage 6: Stage finished
25/01/01 12:01:41 INFO DAGScheduler: Job 4 finished: collect at /home/bidut/Desktop/dev/pyspark_learn/Course01Learn/19-ShuffleJoinDemo/ShuffleJoinDemo.py:31, took 6.295531 s
25/01/01 12:01:41 INFO BlockManagerInfo: Removed taskresult_14 on 192.168.29.182:44919 in memory (size: 9.2 MiB, free: 434.3 MiB)
25/01/01 12:01:49 INFO BlockManagerInfo: Removed broadcast_8_piece0 on 192.168.29.182:44919 in memory (size: 22.7 KiB, free: 434.3 MiB)
25/01/01 12:02:12 INFO SparkContext: Invoking stop() from shutdown hook
25/01/01 12:02:12 INFO SparkContext: SparkContext is stopping with exitCode 0.
25/01/01 12:02:12 INFO AbstractConnector: Stopped Spark@762af6b8{HTTP/1.1, (http/1.1)}{0.0.0.0:4041}
25/01/01 12:02:12 INFO SparkUI: Stopped Spark web UI at http://192.168.29.182:4041
25/01/01 12:02:12 INFO MapOutputTrackerMasterEndpoint: MapOutputTrackerMasterEndpoint stopped!
25/01/01 12:02:12 INFO MemoryStore: MemoryStore cleared
25/01/01 12:02:12 INFO BlockManager: BlockManager stopped
25/01/01 12:02:12 INFO BlockManagerMaster: BlockManagerMaster stopped
25/01/01 12:02:12 INFO OutputCommitCoordinator$OutputCommitCoordinatorEndpoint: OutputCommitCoordinator stopped!
25/01/01 12:02:12 INFO SparkContext: Successfully stopped SparkContext
25/01/01 12:02:12 INFO ShutdownHookManager: Shutdown hook called
25/01/01 12:02:12 INFO ShutdownHookManager: Deleting directory /tmp/spark-773936ed-58b2-4739-abf6-51ef5b485753
25/01/01 12:02:12 INFO ShutdownHookManager: Deleting directory /tmp/spark-3d76f946-4e4e-4e8d-b87c-07875fdff5e5
25/01/01 12:02:12 INFO ShutdownHookManager: Deleting directory /tmp/spark-773936ed-58b2-4739-abf6-51ef5b485753/pyspark-1a4ed1b5-161b-487c-acfd-4a79b17cdfb2
25/01/01 12:02:48 WARN Utils: Your hostname, bidut-HP-Laptop-14s-fq1xxx resolves to a loopback address: 127.0.1.1; using 192.168.29.182 instead (on interface wlo1)
25/01/01 12:02:48 WARN Utils: Set SPARK_LOCAL_IP if you need to bind to another address
25/01/01 12:02:49 INFO SparkContext: Running Spark version 3.5.4
25/01/01 12:02:49 INFO SparkContext: OS info Linux, 5.15.0-126-generic, amd64
25/01/01 12:02:49 INFO SparkContext: Java version 11.0.25
25/01/01 12:02:49 WARN NativeCodeLoader: Unable to load native-hadoop library for your platform... using builtin-java classes where applicable
25/01/01 12:02:49 INFO ResourceUtils: ==============================================================
25/01/01 12:02:49 INFO ResourceUtils: No custom resources configured for spark.driver.
25/01/01 12:02:49 INFO ResourceUtils: ==============================================================
25/01/01 12:02:49 INFO SparkContext: Submitted application: Shuffle Join Demo
25/01/01 12:02:49 INFO ResourceProfile: Default ResourceProfile created, executor resources: Map(cores -> name: cores, amount: 1, script: , vendor: , memory -> name: memory, amount: 1024, script: , vendor: , offHeap -> name: offHeap, amount: 0, script: , vendor: ), task resources: Map(cpus -> name: cpus, amount: 1.0)
25/01/01 12:02:49 INFO ResourceProfile: Limiting resource is cpu
25/01/01 12:02:49 INFO ResourceProfileManager: Added ResourceProfile id: 0
25/01/01 12:02:49 INFO SecurityManager: Changing view acls to: bidut
25/01/01 12:02:49 INFO SecurityManager: Changing modify acls to: bidut
25/01/01 12:02:49 INFO SecurityManager: Changing view acls groups to: 
25/01/01 12:02:49 INFO SecurityManager: Changing modify acls groups to: 
25/01/01 12:02:49 INFO SecurityManager: SecurityManager: authentication disabled; ui acls disabled; users with view permissions: bidut; groups with view permissions: EMPTY; users with modify permissions: bidut; groups with modify permissions: EMPTY
25/01/01 12:02:49 INFO Utils: Successfully started service 'sparkDriver' on port 35299.
25/01/01 12:02:49 INFO SparkEnv: Registering MapOutputTracker
25/01/01 12:02:49 INFO SparkEnv: Registering BlockManagerMaster
25/01/01 12:02:49 INFO BlockManagerMasterEndpoint: Using org.apache.spark.storage.DefaultTopologyMapper for getting topology information
25/01/01 12:02:49 INFO BlockManagerMasterEndpoint: BlockManagerMasterEndpoint up
25/01/01 12:02:49 INFO SparkEnv: Registering BlockManagerMasterHeartbeat
25/01/01 12:02:49 INFO DiskBlockManager: Created local directory at /tmp/blockmgr-6a67435d-f4e9-4c41-8d46-c03dace17f0e
25/01/01 12:02:49 INFO MemoryStore: MemoryStore started with capacity 434.4 MiB
25/01/01 12:02:50 INFO SparkEnv: Registering OutputCommitCoordinator
25/01/01 12:02:50 INFO log: Logging initialized @2818ms to org.sparkproject.jetty.util.log.Slf4jLog
25/01/01 12:02:50 INFO JettyUtils: Start Jetty 0.0.0.0:4040 for SparkUI
25/01/01 12:02:50 INFO Server: jetty-9.4.56.v20240826; built: 2024-08-26T17:15:05.868Z; git: ec6782ff5ead824dabdcf47fa98f90a4aedff401; jvm 11.0.25+9-post-Ubuntu-1ubuntu120.04
25/01/01 12:02:50 INFO Server: Started @2972ms
25/01/01 12:02:50 WARN Utils: Service 'SparkUI' could not bind on port 4040. Attempting port 4041.
25/01/01 12:02:50 INFO AbstractConnector: Started ServerConnector@390c4486{HTTP/1.1, (http/1.1)}{0.0.0.0:4041}
25/01/01 12:02:50 INFO Utils: Successfully started service 'SparkUI' on port 4041.
25/01/01 12:02:50 INFO ContextHandler: Started o.s.j.s.ServletContextHandler@2af88e84{/,null,AVAILABLE,@Spark}
25/01/01 12:02:50 INFO Executor: Starting executor ID driver on host 192.168.29.182
25/01/01 12:02:50 INFO Executor: OS info Linux, 5.15.0-126-generic, amd64
25/01/01 12:02:50 INFO Executor: Java version 11.0.25
25/01/01 12:02:50 INFO Executor: Starting executor with user classpath (userClassPathFirst = false): ''
25/01/01 12:02:50 INFO Executor: Created or updated repl class loader org.apache.spark.util.MutableURLClassLoader@572ac0cf for default.
25/01/01 12:02:50 INFO Utils: Successfully started service 'org.apache.spark.network.netty.NettyBlockTransferService' on port 46045.
25/01/01 12:02:50 INFO NettyBlockTransferService: Server created on 192.168.29.182:46045
25/01/01 12:02:50 INFO BlockManager: Using org.apache.spark.storage.RandomBlockReplicationPolicy for block replication policy
25/01/01 12:02:50 INFO BlockManagerMaster: Registering BlockManager BlockManagerId(driver, 192.168.29.182, 46045, None)
25/01/01 12:02:50 INFO BlockManagerMasterEndpoint: Registering block manager 192.168.29.182:46045 with 434.4 MiB RAM, BlockManagerId(driver, 192.168.29.182, 46045, None)
25/01/01 12:02:50 INFO BlockManagerMaster: Registered BlockManager BlockManagerId(driver, 192.168.29.182, 46045, None)
25/01/01 12:02:50 INFO BlockManager: Initialized BlockManager: BlockManagerId(driver, 192.168.29.182, 46045, None)
25/01/01 12:02:50 INFO ContextHandler: Stopped o.s.j.s.ServletContextHandler@2af88e84{/,null,STOPPED,@Spark}
25/01/01 12:02:50 INFO ContextHandler: Started o.s.j.s.ServletContextHandler@7ccf62ea{/jobs,null,AVAILABLE,@Spark}
25/01/01 12:02:50 INFO ContextHandler: Started o.s.j.s.ServletContextHandler@1c4292b9{/jobs/json,null,AVAILABLE,@Spark}
25/01/01 12:02:50 INFO ContextHandler: Started o.s.j.s.ServletContextHandler@78f16d79{/jobs/job,null,AVAILABLE,@Spark}
25/01/01 12:02:50 INFO ContextHandler: Started o.s.j.s.ServletContextHandler@4d2054{/jobs/job/json,null,AVAILABLE,@Spark}
25/01/01 12:02:50 INFO ContextHandler: Started o.s.j.s.ServletContextHandler@74f9d37a{/stages,null,AVAILABLE,@Spark}
25/01/01 12:02:50 INFO ContextHandler: Started o.s.j.s.ServletContextHandler@dcf18d1{/stages/json,null,AVAILABLE,@Spark}
25/01/01 12:02:50 INFO ContextHandler: Started o.s.j.s.ServletContextHandler@11a1376d{/stages/stage,null,AVAILABLE,@Spark}
25/01/01 12:02:50 INFO ContextHandler: Started o.s.j.s.ServletContextHandler@1b6f30{/stages/stage/json,null,AVAILABLE,@Spark}
25/01/01 12:02:50 INFO ContextHandler: Started o.s.j.s.ServletContextHandler@321c89a3{/stages/pool,null,AVAILABLE,@Spark}
25/01/01 12:02:50 INFO ContextHandler: Started o.s.j.s.ServletContextHandler@48dc7692{/stages/pool/json,null,AVAILABLE,@Spark}
25/01/01 12:02:50 INFO ContextHandler: Started o.s.j.s.ServletContextHandler@42d7a4ba{/storage,null,AVAILABLE,@Spark}
25/01/01 12:02:50 INFO ContextHandler: Started o.s.j.s.ServletContextHandler@5504708c{/storage/json,null,AVAILABLE,@Spark}
25/01/01 12:02:50 INFO ContextHandler: Started o.s.j.s.ServletContextHandler@3d7ef2c8{/storage/rdd,null,AVAILABLE,@Spark}
25/01/01 12:02:50 INFO ContextHandler: Started o.s.j.s.ServletContextHandler@a875534{/storage/rdd/json,null,AVAILABLE,@Spark}
25/01/01 12:02:50 INFO ContextHandler: Started o.s.j.s.ServletContextHandler@196db993{/environment,null,AVAILABLE,@Spark}
25/01/01 12:02:50 INFO ContextHandler: Started o.s.j.s.ServletContextHandler@5b212644{/environment/json,null,AVAILABLE,@Spark}
25/01/01 12:02:50 INFO ContextHandler: Started o.s.j.s.ServletContextHandler@3dbc90a{/executors,null,AVAILABLE,@Spark}
25/01/01 12:02:50 INFO ContextHandler: Started o.s.j.s.ServletContextHandler@45b696cf{/executors/json,null,AVAILABLE,@Spark}
25/01/01 12:02:50 INFO ContextHandler: Started o.s.j.s.ServletContextHandler@1d49a73c{/executors/threadDump,null,AVAILABLE,@Spark}
25/01/01 12:02:50 INFO ContextHandler: Started o.s.j.s.ServletContextHandler@47efb91d{/executors/threadDump/json,null,AVAILABLE,@Spark}
25/01/01 12:02:50 INFO ContextHandler: Started o.s.j.s.ServletContextHandler@6a98f62e{/executors/heapHistogram,null,AVAILABLE,@Spark}
25/01/01 12:02:50 INFO ContextHandler: Started o.s.j.s.ServletContextHandler@1450a0be{/executors/heapHistogram/json,null,AVAILABLE,@Spark}
25/01/01 12:02:50 INFO ContextHandler: Started o.s.j.s.ServletContextHandler@45a04ecc{/static,null,AVAILABLE,@Spark}
25/01/01 12:02:50 INFO ContextHandler: Started o.s.j.s.ServletContextHandler@4e14270a{/,null,AVAILABLE,@Spark}
25/01/01 12:02:50 INFO ContextHandler: Started o.s.j.s.ServletContextHandler@98642f8{/api,null,AVAILABLE,@Spark}
25/01/01 12:02:50 INFO ContextHandler: Started o.s.j.s.ServletContextHandler@6bc18ed7{/jobs/job/kill,null,AVAILABLE,@Spark}
25/01/01 12:02:50 INFO ContextHandler: Started o.s.j.s.ServletContextHandler@1f86984d{/stages/stage/kill,null,AVAILABLE,@Spark}
25/01/01 12:02:50 INFO ContextHandler: Started o.s.j.s.ServletContextHandler@42acb6e9{/metrics/json,null,AVAILABLE,@Spark}
25/01/01 12:02:51 INFO SharedState: Setting hive.metastore.warehouse.dir ('null') to the value of spark.sql.warehouse.dir.
25/01/01 12:02:51 INFO SharedState: Warehouse path is 'file:/home/bidut/Desktop/dev/pyspark_learn/Course01Learn/19-ShuffleJoinDemo/spark-warehouse'.
25/01/01 12:02:51 INFO ContextHandler: Started o.s.j.s.ServletContextHandler@24090ae0{/SQL,null,AVAILABLE,@Spark}
25/01/01 12:02:51 INFO ContextHandler: Started o.s.j.s.ServletContextHandler@254c53e4{/SQL/json,null,AVAILABLE,@Spark}
25/01/01 12:02:51 INFO ContextHandler: Started o.s.j.s.ServletContextHandler@4c787d03{/SQL/execution,null,AVAILABLE,@Spark}
25/01/01 12:02:51 INFO ContextHandler: Started o.s.j.s.ServletContextHandler@30c01d6e{/SQL/execution/json,null,AVAILABLE,@Spark}
25/01/01 12:02:51 INFO ContextHandler: Started o.s.j.s.ServletContextHandler@48dccdbc{/static/sql,null,AVAILABLE,@Spark}
25/01/01 12:02:52 INFO InMemoryFileIndex: It took 75 ms to list leaf files for 1 paths.
25/01/01 12:02:52 INFO InMemoryFileIndex: It took 14 ms to list leaf files for 3 paths.
25/01/01 12:02:56 INFO FileSourceStrategy: Pushed Filters: 
25/01/01 12:02:56 INFO FileSourceStrategy: Post-Scan Filters: 
25/01/01 12:02:56 INFO MemoryStore: Block broadcast_0 stored as values in memory (estimated size 199.2 KiB, free 434.2 MiB)
25/01/01 12:02:56 INFO MemoryStore: Block broadcast_0_piece0 stored as bytes in memory (estimated size 34.2 KiB, free 434.2 MiB)
25/01/01 12:02:56 INFO BlockManagerInfo: Added broadcast_0_piece0 in memory on 192.168.29.182:46045 (size: 34.2 KiB, free: 434.4 MiB)
25/01/01 12:02:56 INFO SparkContext: Created broadcast 0 from json at NativeMethodAccessorImpl.java:0
25/01/01 12:02:56 INFO FileSourceScanExec: Planning scan with bin packing, max size: 31960205 bytes, open cost is considered as scanning 4194304 bytes.
25/01/01 12:02:56 INFO SparkContext: Starting job: json at NativeMethodAccessorImpl.java:0
25/01/01 12:02:56 INFO DAGScheduler: Got job 0 (json at NativeMethodAccessorImpl.java:0) with 3 output partitions
25/01/01 12:02:56 INFO DAGScheduler: Final stage: ResultStage 0 (json at NativeMethodAccessorImpl.java:0)
25/01/01 12:02:56 INFO DAGScheduler: Parents of final stage: List()
25/01/01 12:02:56 INFO DAGScheduler: Missing parents: List()
25/01/01 12:02:56 INFO DAGScheduler: Submitting ResultStage 0 (MapPartitionsRDD[3] at json at NativeMethodAccessorImpl.java:0), which has no missing parents
25/01/01 12:02:56 INFO MemoryStore: Block broadcast_1 stored as values in memory (estimated size 15.6 KiB, free 434.2 MiB)
25/01/01 12:02:56 INFO MemoryStore: Block broadcast_1_piece0 stored as bytes in memory (estimated size 7.7 KiB, free 434.1 MiB)
25/01/01 12:02:56 INFO BlockManagerInfo: Added broadcast_1_piece0 in memory on 192.168.29.182:46045 (size: 7.7 KiB, free: 434.4 MiB)
25/01/01 12:02:56 INFO SparkContext: Created broadcast 1 from broadcast at DAGScheduler.scala:1585
25/01/01 12:02:56 INFO DAGScheduler: Submitting 3 missing tasks from ResultStage 0 (MapPartitionsRDD[3] at json at NativeMethodAccessorImpl.java:0) (first 15 tasks are for partitions Vector(0, 1, 2))
25/01/01 12:02:56 INFO TaskSchedulerImpl: Adding task set 0.0 with 3 tasks resource profile 0
25/01/01 12:02:56 INFO TaskSetManager: Starting task 0.0 in stage 0.0 (TID 0) (192.168.29.182, executor driver, partition 0, PROCESS_LOCAL, 9705 bytes) 
25/01/01 12:02:56 INFO TaskSetManager: Starting task 1.0 in stage 0.0 (TID 1) (192.168.29.182, executor driver, partition 1, PROCESS_LOCAL, 9705 bytes) 
25/01/01 12:02:56 INFO TaskSetManager: Starting task 2.0 in stage 0.0 (TID 2) (192.168.29.182, executor driver, partition 2, PROCESS_LOCAL, 9705 bytes) 
25/01/01 12:02:56 INFO Executor: Running task 2.0 in stage 0.0 (TID 2)
25/01/01 12:02:56 INFO Executor: Running task 1.0 in stage 0.0 (TID 1)
25/01/01 12:02:56 INFO Executor: Running task 0.0 in stage 0.0 (TID 0)
25/01/01 12:02:56 INFO FileScanRDD: Reading File path: file:///home/bidut/Desktop/dev/pyspark_learn/Course01Learn/19-ShuffleJoinDemo/data/d1/part-00001-00af64b6-7ef5-4909-8f82-b8897114efaf-c000.json, range: 0-30670316, partition values: [empty row]
25/01/01 12:02:56 INFO FileScanRDD: Reading File path: file:///home/bidut/Desktop/dev/pyspark_learn/Course01Learn/19-ShuffleJoinDemo/data/d1/part-00000-00af64b6-7ef5-4909-8f82-b8897114efaf-c000.json, range: 0-29932367, partition values: [empty row]
25/01/01 12:02:56 INFO FileScanRDD: Reading File path: file:///home/bidut/Desktop/dev/pyspark_learn/Course01Learn/19-ShuffleJoinDemo/data/d1/part-00002-00af64b6-7ef5-4909-8f82-b8897114efaf-c000.json, range: 0-22695020, partition values: [empty row]
25/01/01 12:02:57 INFO CodeGenerator: Code generated in 186.780004 ms
25/01/01 12:02:58 INFO Executor: Finished task 2.0 in stage 0.0 (TID 2). 2256 bytes result sent to driver
25/01/01 12:02:58 INFO TaskSetManager: Finished task 2.0 in stage 0.0 (TID 2) in 1479 ms on 192.168.29.182 (executor driver) (1/3)
25/01/01 12:02:58 INFO Executor: Finished task 0.0 in stage 0.0 (TID 0). 2213 bytes result sent to driver
25/01/01 12:02:58 INFO TaskSetManager: Finished task 0.0 in stage 0.0 (TID 0) in 1577 ms on 192.168.29.182 (executor driver) (2/3)
25/01/01 12:02:58 INFO Executor: Finished task 1.0 in stage 0.0 (TID 1). 2213 bytes result sent to driver
25/01/01 12:02:58 INFO TaskSetManager: Finished task 1.0 in stage 0.0 (TID 1) in 1600 ms on 192.168.29.182 (executor driver) (3/3)
25/01/01 12:02:58 INFO TaskSchedulerImpl: Removed TaskSet 0.0, whose tasks have all completed, from pool 
25/01/01 12:02:58 INFO DAGScheduler: ResultStage 0 (json at NativeMethodAccessorImpl.java:0) finished in 1.750 s
25/01/01 12:02:58 INFO DAGScheduler: Job 0 is finished. Cancelling potential speculative or zombie tasks for this job
25/01/01 12:02:58 INFO TaskSchedulerImpl: Killing all running tasks in stage 0: Stage finished
25/01/01 12:02:58 INFO DAGScheduler: Job 0 finished: json at NativeMethodAccessorImpl.java:0, took 1.808816 s
25/01/01 12:02:58 INFO InMemoryFileIndex: It took 2 ms to list leaf files for 1 paths.
25/01/01 12:02:58 INFO InMemoryFileIndex: It took 2 ms to list leaf files for 3 paths.
25/01/01 12:02:58 INFO FileSourceStrategy: Pushed Filters: 
25/01/01 12:02:58 INFO FileSourceStrategy: Post-Scan Filters: 
25/01/01 12:02:58 INFO MemoryStore: Block broadcast_2 stored as values in memory (estimated size 199.2 KiB, free 434.0 MiB)
25/01/01 12:02:58 INFO MemoryStore: Block broadcast_2_piece0 stored as bytes in memory (estimated size 34.2 KiB, free 433.9 MiB)
25/01/01 12:02:58 INFO BlockManagerInfo: Added broadcast_2_piece0 in memory on 192.168.29.182:46045 (size: 34.2 KiB, free: 434.3 MiB)
25/01/01 12:02:58 INFO SparkContext: Created broadcast 2 from json at NativeMethodAccessorImpl.java:0
25/01/01 12:02:58 INFO FileSourceScanExec: Planning scan with bin packing, max size: 26547366 bytes, open cost is considered as scanning 4194304 bytes.
25/01/01 12:02:58 INFO SparkContext: Starting job: json at NativeMethodAccessorImpl.java:0
25/01/01 12:02:58 INFO DAGScheduler: Got job 1 (json at NativeMethodAccessorImpl.java:0) with 3 output partitions
25/01/01 12:02:58 INFO DAGScheduler: Final stage: ResultStage 1 (json at NativeMethodAccessorImpl.java:0)
25/01/01 12:02:58 INFO DAGScheduler: Parents of final stage: List()
25/01/01 12:02:58 INFO DAGScheduler: Missing parents: List()
25/01/01 12:02:58 INFO DAGScheduler: Submitting ResultStage 1 (MapPartitionsRDD[7] at json at NativeMethodAccessorImpl.java:0), which has no missing parents
25/01/01 12:02:58 INFO MemoryStore: Block broadcast_3 stored as values in memory (estimated size 15.6 KiB, free 433.9 MiB)
25/01/01 12:02:58 INFO MemoryStore: Block broadcast_3_piece0 stored as bytes in memory (estimated size 7.7 KiB, free 433.9 MiB)
25/01/01 12:02:58 INFO BlockManagerInfo: Added broadcast_3_piece0 in memory on 192.168.29.182:46045 (size: 7.7 KiB, free: 434.3 MiB)
25/01/01 12:02:58 INFO SparkContext: Created broadcast 3 from broadcast at DAGScheduler.scala:1585
25/01/01 12:02:58 INFO DAGScheduler: Submitting 3 missing tasks from ResultStage 1 (MapPartitionsRDD[7] at json at NativeMethodAccessorImpl.java:0) (first 15 tasks are for partitions Vector(0, 1, 2))
25/01/01 12:02:58 INFO TaskSchedulerImpl: Adding task set 1.0 with 3 tasks resource profile 0
25/01/01 12:02:58 INFO TaskSetManager: Starting task 0.0 in stage 1.0 (TID 3) (192.168.29.182, executor driver, partition 0, PROCESS_LOCAL, 9705 bytes) 
25/01/01 12:02:58 INFO TaskSetManager: Starting task 1.0 in stage 1.0 (TID 4) (192.168.29.182, executor driver, partition 1, PROCESS_LOCAL, 9705 bytes) 
25/01/01 12:02:58 INFO TaskSetManager: Starting task 2.0 in stage 1.0 (TID 5) (192.168.29.182, executor driver, partition 2, PROCESS_LOCAL, 9705 bytes) 
25/01/01 12:02:58 INFO Executor: Running task 1.0 in stage 1.0 (TID 4)
25/01/01 12:02:58 INFO Executor: Running task 0.0 in stage 1.0 (TID 3)
25/01/01 12:02:58 INFO Executor: Running task 2.0 in stage 1.0 (TID 5)
25/01/01 12:02:58 INFO FileScanRDD: Reading File path: file:///home/bidut/Desktop/dev/pyspark_learn/Course01Learn/19-ShuffleJoinDemo/data/d2/part-00002-ee8814fd-bbb7-4a16-912b-f74b04a6d4fa-c000.json, range: 0-17923969, partition values: [empty row]
25/01/01 12:02:58 INFO FileScanRDD: Reading File path: file:///home/bidut/Desktop/dev/pyspark_learn/Course01Learn/19-ShuffleJoinDemo/data/d2/part-00000-ee8814fd-bbb7-4a16-912b-f74b04a6d4fa-c000.json, range: 0-24318011, partition values: [empty row]
25/01/01 12:02:58 INFO FileScanRDD: Reading File path: file:///home/bidut/Desktop/dev/pyspark_learn/Course01Learn/19-ShuffleJoinDemo/data/d2/part-00001-ee8814fd-bbb7-4a16-912b-f74b04a6d4fa-c000.json, range: 0-24817208, partition values: [empty row]
25/01/01 12:02:58 INFO BlockManagerInfo: Removed broadcast_1_piece0 on 192.168.29.182:46045 in memory (size: 7.7 KiB, free: 434.3 MiB)
25/01/01 12:02:59 INFO Executor: Finished task 2.0 in stage 1.0 (TID 5). 2182 bytes result sent to driver
25/01/01 12:02:59 INFO TaskSetManager: Finished task 2.0 in stage 1.0 (TID 5) in 535 ms on 192.168.29.182 (executor driver) (1/3)
25/01/01 12:02:59 INFO Executor: Finished task 1.0 in stage 1.0 (TID 4). 2182 bytes result sent to driver
25/01/01 12:02:59 INFO TaskSetManager: Finished task 1.0 in stage 1.0 (TID 4) in 586 ms on 192.168.29.182 (executor driver) (2/3)
25/01/01 12:02:59 INFO Executor: Finished task 0.0 in stage 1.0 (TID 3). 2182 bytes result sent to driver
25/01/01 12:02:59 INFO TaskSetManager: Finished task 0.0 in stage 1.0 (TID 3) in 619 ms on 192.168.29.182 (executor driver) (3/3)
25/01/01 12:02:59 INFO TaskSchedulerImpl: Removed TaskSet 1.0, whose tasks have all completed, from pool 
25/01/01 12:02:59 INFO DAGScheduler: ResultStage 1 (json at NativeMethodAccessorImpl.java:0) finished in 0.633 s
25/01/01 12:02:59 INFO DAGScheduler: Job 1 is finished. Cancelling potential speculative or zombie tasks for this job
25/01/01 12:02:59 INFO TaskSchedulerImpl: Killing all running tasks in stage 1: Stage finished
25/01/01 12:02:59 INFO DAGScheduler: Job 1 finished: json at NativeMethodAccessorImpl.java:0, took 0.641337 s
25/01/01 12:02:59 INFO FileSourceStrategy: Pushed Filters: IsNotNull(id)
25/01/01 12:02:59 INFO FileSourceStrategy: Post-Scan Filters: isnotnull(id#15L)
25/01/01 12:02:59 INFO FileSourceStrategy: Pushed Filters: IsNotNull(id)
25/01/01 12:02:59 INFO FileSourceStrategy: Post-Scan Filters: isnotnull(id#40L)
25/01/01 12:02:59 INFO CodeGenerator: Code generated in 30.986785 ms
25/01/01 12:02:59 INFO MemoryStore: Block broadcast_4 stored as values in memory (estimated size 199.2 KiB, free 433.7 MiB)
25/01/01 12:02:59 INFO MemoryStore: Block broadcast_4_piece0 stored as bytes in memory (estimated size 34.1 KiB, free 433.7 MiB)
25/01/01 12:02:59 INFO BlockManagerInfo: Added broadcast_4_piece0 in memory on 192.168.29.182:46045 (size: 34.1 KiB, free: 434.3 MiB)
25/01/01 12:02:59 INFO SparkContext: Created broadcast 4 from collect at /home/bidut/Desktop/dev/pyspark_learn/Course01Learn/19-ShuffleJoinDemo/ShuffleJoinDemo.py:31
25/01/01 12:02:59 INFO FileSourceScanExec: Planning scan with bin packing, max size: 31960205 bytes, open cost is considered as scanning 4194304 bytes.
25/01/01 12:02:59 INFO DAGScheduler: Registering RDD 11 (collect at /home/bidut/Desktop/dev/pyspark_learn/Course01Learn/19-ShuffleJoinDemo/ShuffleJoinDemo.py:31) as input to shuffle 0
25/01/01 12:02:59 INFO DAGScheduler: Got map stage job 2 (collect at /home/bidut/Desktop/dev/pyspark_learn/Course01Learn/19-ShuffleJoinDemo/ShuffleJoinDemo.py:31) with 3 output partitions
25/01/01 12:02:59 INFO DAGScheduler: Final stage: ShuffleMapStage 2 (collect at /home/bidut/Desktop/dev/pyspark_learn/Course01Learn/19-ShuffleJoinDemo/ShuffleJoinDemo.py:31)
25/01/01 12:02:59 INFO DAGScheduler: Parents of final stage: List()
25/01/01 12:02:59 INFO DAGScheduler: Missing parents: List()
25/01/01 12:02:59 INFO DAGScheduler: Submitting ShuffleMapStage 2 (MapPartitionsRDD[11] at collect at /home/bidut/Desktop/dev/pyspark_learn/Course01Learn/19-ShuffleJoinDemo/ShuffleJoinDemo.py:31), which has no missing parents
25/01/01 12:02:59 INFO CodeGenerator: Code generated in 64.539635 ms
25/01/01 12:02:59 INFO MemoryStore: Block broadcast_5 stored as values in memory (estimated size 199.2 KiB, free 433.5 MiB)
25/01/01 12:02:59 INFO MemoryStore: Block broadcast_5_piece0 stored as bytes in memory (estimated size 34.1 KiB, free 433.5 MiB)
25/01/01 12:02:59 INFO BlockManagerInfo: Added broadcast_5_piece0 in memory on 192.168.29.182:46045 (size: 34.1 KiB, free: 434.3 MiB)
25/01/01 12:02:59 INFO SparkContext: Created broadcast 5 from collect at /home/bidut/Desktop/dev/pyspark_learn/Course01Learn/19-ShuffleJoinDemo/ShuffleJoinDemo.py:31
25/01/01 12:02:59 INFO FileSourceScanExec: Planning scan with bin packing, max size: 26547366 bytes, open cost is considered as scanning 4194304 bytes.
25/01/01 12:02:59 INFO MemoryStore: Block broadcast_6 stored as values in memory (estimated size 19.7 KiB, free 433.4 MiB)
25/01/01 12:02:59 INFO MemoryStore: Block broadcast_6_piece0 stored as bytes in memory (estimated size 9.0 KiB, free 433.4 MiB)
25/01/01 12:02:59 INFO BlockManagerInfo: Added broadcast_6_piece0 in memory on 192.168.29.182:46045 (size: 9.0 KiB, free: 434.3 MiB)
25/01/01 12:02:59 INFO SparkContext: Created broadcast 6 from broadcast at DAGScheduler.scala:1585
25/01/01 12:02:59 INFO DAGScheduler: Submitting 3 missing tasks from ShuffleMapStage 2 (MapPartitionsRDD[11] at collect at /home/bidut/Desktop/dev/pyspark_learn/Course01Learn/19-ShuffleJoinDemo/ShuffleJoinDemo.py:31) (first 15 tasks are for partitions Vector(0, 1, 2))
25/01/01 12:02:59 INFO TaskSchedulerImpl: Adding task set 2.0 with 3 tasks resource profile 0
25/01/01 12:02:59 INFO DAGScheduler: Registering RDD 15 (collect at /home/bidut/Desktop/dev/pyspark_learn/Course01Learn/19-ShuffleJoinDemo/ShuffleJoinDemo.py:31) as input to shuffle 1
25/01/01 12:02:59 INFO DAGScheduler: Got map stage job 3 (collect at /home/bidut/Desktop/dev/pyspark_learn/Course01Learn/19-ShuffleJoinDemo/ShuffleJoinDemo.py:31) with 3 output partitions
25/01/01 12:02:59 INFO DAGScheduler: Final stage: ShuffleMapStage 3 (collect at /home/bidut/Desktop/dev/pyspark_learn/Course01Learn/19-ShuffleJoinDemo/ShuffleJoinDemo.py:31)
25/01/01 12:02:59 INFO DAGScheduler: Parents of final stage: List()
25/01/01 12:02:59 INFO DAGScheduler: Missing parents: List()
25/01/01 12:02:59 INFO TaskSetManager: Starting task 0.0 in stage 2.0 (TID 6) (192.168.29.182, executor driver, partition 0, PROCESS_LOCAL, 9694 bytes) 
25/01/01 12:02:59 INFO DAGScheduler: Submitting ShuffleMapStage 3 (MapPartitionsRDD[15] at collect at /home/bidut/Desktop/dev/pyspark_learn/Course01Learn/19-ShuffleJoinDemo/ShuffleJoinDemo.py:31), which has no missing parents
25/01/01 12:02:59 INFO TaskSetManager: Starting task 1.0 in stage 2.0 (TID 7) (192.168.29.182, executor driver, partition 1, PROCESS_LOCAL, 9694 bytes) 
25/01/01 12:02:59 INFO TaskSetManager: Starting task 2.0 in stage 2.0 (TID 8) (192.168.29.182, executor driver, partition 2, PROCESS_LOCAL, 9694 bytes) 
25/01/01 12:02:59 INFO Executor: Running task 2.0 in stage 2.0 (TID 8)
25/01/01 12:02:59 INFO Executor: Running task 0.0 in stage 2.0 (TID 6)
25/01/01 12:02:59 INFO Executor: Running task 1.0 in stage 2.0 (TID 7)
25/01/01 12:02:59 INFO MemoryStore: Block broadcast_7 stored as values in memory (estimated size 20.0 KiB, free 433.4 MiB)
25/01/01 12:02:59 INFO MemoryStore: Block broadcast_7_piece0 stored as bytes in memory (estimated size 9.0 KiB, free 433.4 MiB)
25/01/01 12:02:59 INFO BlockManagerInfo: Added broadcast_7_piece0 in memory on 192.168.29.182:46045 (size: 9.0 KiB, free: 434.2 MiB)
25/01/01 12:02:59 INFO SparkContext: Created broadcast 7 from broadcast at DAGScheduler.scala:1585
25/01/01 12:02:59 INFO DAGScheduler: Submitting 3 missing tasks from ShuffleMapStage 3 (MapPartitionsRDD[15] at collect at /home/bidut/Desktop/dev/pyspark_learn/Course01Learn/19-ShuffleJoinDemo/ShuffleJoinDemo.py:31) (first 15 tasks are for partitions Vector(0, 1, 2))
25/01/01 12:02:59 INFO TaskSchedulerImpl: Adding task set 3.0 with 3 tasks resource profile 0
25/01/01 12:02:59 INFO CodeGenerator: Code generated in 20.211466 ms
25/01/01 12:02:59 INFO CodeGenerator: Code generated in 15.782949 ms
25/01/01 12:02:59 INFO FileScanRDD: Reading File path: file:///home/bidut/Desktop/dev/pyspark_learn/Course01Learn/19-ShuffleJoinDemo/data/d1/part-00001-00af64b6-7ef5-4909-8f82-b8897114efaf-c000.json, range: 0-30670316, partition values: [empty row]
25/01/01 12:02:59 INFO FileScanRDD: Reading File path: file:///home/bidut/Desktop/dev/pyspark_learn/Course01Learn/19-ShuffleJoinDemo/data/d1/part-00002-00af64b6-7ef5-4909-8f82-b8897114efaf-c000.json, range: 0-22695020, partition values: [empty row]
25/01/01 12:02:59 INFO FileScanRDD: Reading File path: file:///home/bidut/Desktop/dev/pyspark_learn/Course01Learn/19-ShuffleJoinDemo/data/d1/part-00000-00af64b6-7ef5-4909-8f82-b8897114efaf-c000.json, range: 0-29932367, partition values: [empty row]
25/01/01 12:02:59 INFO CodeGenerator: Code generated in 14.547129 ms
25/01/01 12:02:59 INFO BlockManagerInfo: Removed broadcast_3_piece0 on 192.168.29.182:46045 in memory (size: 7.7 KiB, free: 434.2 MiB)
25/01/01 12:02:59 INFO BlockManagerInfo: Removed broadcast_2_piece0 on 192.168.29.182:46045 in memory (size: 34.2 KiB, free: 434.3 MiB)
25/01/01 12:02:59 INFO CodeGenerator: Code generated in 6.503889 ms
25/01/01 12:03:01 INFO Executor: Finished task 2.0 in stage 2.0 (TID 8). 1933 bytes result sent to driver
25/01/01 12:03:01 INFO TaskSetManager: Starting task 0.0 in stage 3.0 (TID 9) (192.168.29.182, executor driver, partition 0, PROCESS_LOCAL, 9694 bytes) 
25/01/01 12:03:01 INFO Executor: Running task 0.0 in stage 3.0 (TID 9)
25/01/01 12:03:01 INFO TaskSetManager: Finished task 2.0 in stage 2.0 (TID 8) in 1318 ms on 192.168.29.182 (executor driver) (1/3)
25/01/01 12:03:01 INFO CodeGenerator: Code generated in 17.3877 ms
25/01/01 12:03:01 INFO CodeGenerator: Code generated in 11.387441 ms
25/01/01 12:03:01 INFO FileScanRDD: Reading File path: file:///home/bidut/Desktop/dev/pyspark_learn/Course01Learn/19-ShuffleJoinDemo/data/d2/part-00001-ee8814fd-bbb7-4a16-912b-f74b04a6d4fa-c000.json, range: 0-24817208, partition values: [empty row]
25/01/01 12:03:01 INFO CodeGenerator: Code generated in 20.98918 ms
25/01/01 12:03:01 INFO CodeGenerator: Code generated in 5.465315 ms
25/01/01 12:03:01 INFO Executor: Finished task 0.0 in stage 2.0 (TID 6). 1890 bytes result sent to driver
25/01/01 12:03:01 INFO TaskSetManager: Starting task 1.0 in stage 3.0 (TID 10) (192.168.29.182, executor driver, partition 1, PROCESS_LOCAL, 9694 bytes) 
25/01/01 12:03:01 INFO TaskSetManager: Finished task 0.0 in stage 2.0 (TID 6) in 1563 ms on 192.168.29.182 (executor driver) (2/3)
25/01/01 12:03:01 INFO Executor: Running task 1.0 in stage 3.0 (TID 10)
25/01/01 12:03:01 INFO FileScanRDD: Reading File path: file:///home/bidut/Desktop/dev/pyspark_learn/Course01Learn/19-ShuffleJoinDemo/data/d2/part-00000-ee8814fd-bbb7-4a16-912b-f74b04a6d4fa-c000.json, range: 0-24318011, partition values: [empty row]
25/01/01 12:03:01 INFO Executor: Finished task 1.0 in stage 2.0 (TID 7). 1890 bytes result sent to driver
25/01/01 12:03:01 INFO TaskSetManager: Starting task 2.0 in stage 3.0 (TID 11) (192.168.29.182, executor driver, partition 2, PROCESS_LOCAL, 9694 bytes) 
25/01/01 12:03:01 INFO TaskSetManager: Finished task 1.0 in stage 2.0 (TID 7) in 1630 ms on 192.168.29.182 (executor driver) (3/3)
25/01/01 12:03:01 INFO Executor: Running task 2.0 in stage 3.0 (TID 11)
25/01/01 12:03:01 INFO TaskSchedulerImpl: Removed TaskSet 2.0, whose tasks have all completed, from pool 
25/01/01 12:03:01 INFO DAGScheduler: ShuffleMapStage 2 (collect at /home/bidut/Desktop/dev/pyspark_learn/Course01Learn/19-ShuffleJoinDemo/ShuffleJoinDemo.py:31) finished in 1.716 s
25/01/01 12:03:01 INFO DAGScheduler: looking for newly runnable stages
25/01/01 12:03:01 INFO DAGScheduler: running: Set(ShuffleMapStage 3)
25/01/01 12:03:01 INFO DAGScheduler: waiting: Set()
25/01/01 12:03:01 INFO DAGScheduler: failed: Set()
25/01/01 12:03:01 INFO FileScanRDD: Reading File path: file:///home/bidut/Desktop/dev/pyspark_learn/Course01Learn/19-ShuffleJoinDemo/data/d2/part-00002-ee8814fd-bbb7-4a16-912b-f74b04a6d4fa-c000.json, range: 0-17923969, partition values: [empty row]
25/01/01 12:03:01 INFO Executor: Finished task 0.0 in stage 3.0 (TID 9). 1890 bytes result sent to driver
25/01/01 12:03:01 INFO TaskSetManager: Finished task 0.0 in stage 3.0 (TID 9) in 873 ms on 192.168.29.182 (executor driver) (1/3)
25/01/01 12:03:01 INFO Executor: Finished task 2.0 in stage 3.0 (TID 11). 1890 bytes result sent to driver
25/01/01 12:03:01 INFO TaskSetManager: Finished task 2.0 in stage 3.0 (TID 11) in 579 ms on 192.168.29.182 (executor driver) (2/3)
25/01/01 12:03:02 INFO Executor: Finished task 1.0 in stage 3.0 (TID 10). 1890 bytes result sent to driver
25/01/01 12:03:02 INFO TaskSetManager: Finished task 1.0 in stage 3.0 (TID 10) in 713 ms on 192.168.29.182 (executor driver) (3/3)
25/01/01 12:03:02 INFO TaskSchedulerImpl: Removed TaskSet 3.0, whose tasks have all completed, from pool 
25/01/01 12:03:02 INFO DAGScheduler: ShuffleMapStage 3 (collect at /home/bidut/Desktop/dev/pyspark_learn/Course01Learn/19-ShuffleJoinDemo/ShuffleJoinDemo.py:31) finished in 2.270 s
25/01/01 12:03:02 INFO DAGScheduler: looking for newly runnable stages
25/01/01 12:03:02 INFO DAGScheduler: running: Set()
25/01/01 12:03:02 INFO DAGScheduler: waiting: Set()
25/01/01 12:03:02 INFO DAGScheduler: failed: Set()
25/01/01 12:03:02 INFO ShufflePartitionsUtil: For shuffle(0, 1), advisory target size: 67108864, actual target size 9019662, minimum partition size: 1048576
25/01/01 12:03:02 INFO CodeGenerator: Code generated in 52.148329 ms
25/01/01 12:03:02 INFO CodeGenerator: Code generated in 31.544391 ms
25/01/01 12:03:02 INFO CodeGenerator: Code generated in 9.232112 ms
25/01/01 12:03:02 INFO SparkContext: Starting job: collect at /home/bidut/Desktop/dev/pyspark_learn/Course01Learn/19-ShuffleJoinDemo/ShuffleJoinDemo.py:31
25/01/01 12:03:02 INFO DAGScheduler: Got job 4 (collect at /home/bidut/Desktop/dev/pyspark_learn/Course01Learn/19-ShuffleJoinDemo/ShuffleJoinDemo.py:31) with 3 output partitions
25/01/01 12:03:02 INFO DAGScheduler: Final stage: ResultStage 6 (collect at /home/bidut/Desktop/dev/pyspark_learn/Course01Learn/19-ShuffleJoinDemo/ShuffleJoinDemo.py:31)
25/01/01 12:03:02 INFO DAGScheduler: Parents of final stage: List(ShuffleMapStage 5, ShuffleMapStage 4)
25/01/01 12:03:02 INFO DAGScheduler: Missing parents: List()
25/01/01 12:03:02 INFO DAGScheduler: Submitting ResultStage 6 (MapPartitionsRDD[22] at collect at /home/bidut/Desktop/dev/pyspark_learn/Course01Learn/19-ShuffleJoinDemo/ShuffleJoinDemo.py:31), which has no missing parents
25/01/01 12:03:02 INFO MemoryStore: Block broadcast_8 stored as values in memory (estimated size 50.8 KiB, free 433.6 MiB)
25/01/01 12:03:02 INFO MemoryStore: Block broadcast_8_piece0 stored as bytes in memory (estimated size 22.7 KiB, free 433.6 MiB)
25/01/01 12:03:02 INFO BlockManagerInfo: Added broadcast_8_piece0 in memory on 192.168.29.182:46045 (size: 22.7 KiB, free: 434.3 MiB)
25/01/01 12:03:02 INFO SparkContext: Created broadcast 8 from broadcast at DAGScheduler.scala:1585
25/01/01 12:03:02 INFO DAGScheduler: Submitting 3 missing tasks from ResultStage 6 (MapPartitionsRDD[22] at collect at /home/bidut/Desktop/dev/pyspark_learn/Course01Learn/19-ShuffleJoinDemo/ShuffleJoinDemo.py:31) (first 15 tasks are for partitions Vector(0, 1, 2))
25/01/01 12:03:02 INFO TaskSchedulerImpl: Adding task set 6.0 with 3 tasks resource profile 0
25/01/01 12:03:02 INFO TaskSetManager: Starting task 0.0 in stage 6.0 (TID 12) (192.168.29.182, executor driver, partition 0, NODE_LOCAL, 9281 bytes) 
25/01/01 12:03:02 INFO TaskSetManager: Starting task 1.0 in stage 6.0 (TID 13) (192.168.29.182, executor driver, partition 1, NODE_LOCAL, 9281 bytes) 
25/01/01 12:03:02 INFO TaskSetManager: Starting task 2.0 in stage 6.0 (TID 14) (192.168.29.182, executor driver, partition 2, NODE_LOCAL, 9281 bytes) 
25/01/01 12:03:02 INFO Executor: Running task 1.0 in stage 6.0 (TID 13)
25/01/01 12:03:02 INFO Executor: Running task 2.0 in stage 6.0 (TID 14)
25/01/01 12:03:02 INFO Executor: Running task 0.0 in stage 6.0 (TID 12)
25/01/01 12:03:02 INFO ShuffleBlockFetcherIterator: Getting 3 (3.8 MiB) non-empty blocks including 3 (3.8 MiB) local and 0 (0.0 B) host-local and 0 (0.0 B) push-merged-local and 0 (0.0 B) remote blocks
25/01/01 12:03:02 INFO ShuffleBlockFetcherIterator: Getting 3 (3.8 MiB) non-empty blocks including 3 (3.8 MiB) local and 0 (0.0 B) host-local and 0 (0.0 B) push-merged-local and 0 (0.0 B) remote blocks
25/01/01 12:03:02 INFO ShuffleBlockFetcherIterator: Getting 3 (3.8 MiB) non-empty blocks including 3 (3.8 MiB) local and 0 (0.0 B) host-local and 0 (0.0 B) push-merged-local and 0 (0.0 B) remote blocks
25/01/01 12:03:02 INFO ShuffleBlockFetcherIterator: Started 0 remote fetches in 8 ms
25/01/01 12:03:02 INFO ShuffleBlockFetcherIterator: Started 0 remote fetches in 8 ms
25/01/01 12:03:02 INFO ShuffleBlockFetcherIterator: Started 0 remote fetches in 9 ms
25/01/01 12:03:02 INFO CodeGenerator: Code generated in 8.908788 ms
25/01/01 12:03:02 INFO CodeGenerator: Code generated in 11.128469 ms
25/01/01 12:03:02 INFO CodeGenerator: Code generated in 4.698728 ms
25/01/01 12:03:02 INFO ShuffleBlockFetcherIterator: Getting 3 (4.8 MiB) non-empty blocks including 3 (4.8 MiB) local and 0 (0.0 B) host-local and 0 (0.0 B) push-merged-local and 0 (0.0 B) remote blocks
25/01/01 12:03:02 INFO ShuffleBlockFetcherIterator: Getting 3 (4.8 MiB) non-empty blocks including 3 (4.8 MiB) local and 0 (0.0 B) host-local and 0 (0.0 B) push-merged-local and 0 (0.0 B) remote blocks
25/01/01 12:03:02 INFO ShuffleBlockFetcherIterator: Started 0 remote fetches in 0 ms
25/01/01 12:03:02 INFO ShuffleBlockFetcherIterator: Started 0 remote fetches in 0 ms
25/01/01 12:03:02 INFO ShuffleBlockFetcherIterator: Getting 3 (4.8 MiB) non-empty blocks including 3 (4.8 MiB) local and 0 (0.0 B) host-local and 0 (0.0 B) push-merged-local and 0 (0.0 B) remote blocks
25/01/01 12:03:02 INFO ShuffleBlockFetcherIterator: Started 0 remote fetches in 1 ms
25/01/01 12:03:02 INFO CodeGenerator: Code generated in 7.099992 ms
25/01/01 12:03:02 INFO CodeGenerator: Code generated in 4.677279 ms
25/01/01 12:03:02 INFO CodeGenerator: Code generated in 4.421368 ms
25/01/01 12:03:02 INFO CodeGenerator: Code generated in 18.224884 ms
25/01/01 12:03:02 INFO BlockManagerInfo: Removed broadcast_0_piece0 on 192.168.29.182:46045 in memory (size: 34.2 KiB, free: 434.3 MiB)
25/01/01 12:03:02 INFO BlockManagerInfo: Removed broadcast_6_piece0 on 192.168.29.182:46045 in memory (size: 9.0 KiB, free: 434.3 MiB)
25/01/01 12:03:02 INFO BlockManagerInfo: Removed broadcast_7_piece0 on 192.168.29.182:46045 in memory (size: 9.0 KiB, free: 434.3 MiB)
25/01/01 12:03:04 INFO MemoryStore: Block taskresult_14 stored as bytes in memory (estimated size 9.2 MiB, free 424.7 MiB)
25/01/01 12:03:04 INFO BlockManagerInfo: Added taskresult_14 in memory on 192.168.29.182:46045 (size: 9.2 MiB, free: 425.2 MiB)
25/01/01 12:03:04 INFO MemoryStore: Block taskresult_12 stored as bytes in memory (estimated size 9.1 MiB, free 406.5 MiB)
25/01/01 12:03:04 INFO MemoryStore: Block taskresult_13 stored as bytes in memory (estimated size 9.1 MiB, free 406.5 MiB)
25/01/01 12:03:04 INFO BlockManagerInfo: Added taskresult_12 in memory on 192.168.29.182:46045 (size: 9.1 MiB, free: 416.0 MiB)
25/01/01 12:03:04 INFO BlockManagerInfo: Added taskresult_13 in memory on 192.168.29.182:46045 (size: 9.1 MiB, free: 406.9 MiB)
25/01/01 12:03:04 INFO Executor: Finished task 0.0 in stage 6.0 (TID 12). 9571366 bytes result sent via BlockManager)
25/01/01 12:03:04 INFO Executor: Finished task 2.0 in stage 6.0 (TID 14). 9595661 bytes result sent via BlockManager)
25/01/01 12:03:04 INFO Executor: Finished task 1.0 in stage 6.0 (TID 13). 9559414 bytes result sent via BlockManager)
25/01/01 12:03:04 INFO TransportClientFactory: Successfully created connection to /192.168.29.182:46045 after 48 ms (0 ms spent in bootstraps)
25/01/01 12:03:04 INFO TaskSetManager: Finished task 2.0 in stage 6.0 (TID 14) in 2037 ms on 192.168.29.182 (executor driver) (1/3)
25/01/01 12:03:04 INFO BlockManagerInfo: Removed taskresult_14 on 192.168.29.182:46045 in memory (size: 9.2 MiB, free: 416.1 MiB)
25/01/01 12:03:04 INFO TaskSetManager: Finished task 1.0 in stage 6.0 (TID 13) in 2077 ms on 192.168.29.182 (executor driver) (2/3)
25/01/01 12:03:04 INFO BlockManagerInfo: Removed taskresult_13 on 192.168.29.182:46045 in memory (size: 9.1 MiB, free: 425.2 MiB)
25/01/01 12:03:04 INFO TaskSetManager: Finished task 0.0 in stage 6.0 (TID 12) in 2112 ms on 192.168.29.182 (executor driver) (3/3)
25/01/01 12:03:04 INFO TaskSchedulerImpl: Removed TaskSet 6.0, whose tasks have all completed, from pool 
25/01/01 12:03:04 INFO BlockManagerInfo: Removed taskresult_12 on 192.168.29.182:46045 in memory (size: 9.1 MiB, free: 434.3 MiB)
25/01/01 12:03:04 INFO DAGScheduler: ResultStage 6 (collect at /home/bidut/Desktop/dev/pyspark_learn/Course01Learn/19-ShuffleJoinDemo/ShuffleJoinDemo.py:31) finished in 2.127 s
25/01/01 12:03:04 INFO DAGScheduler: Job 4 is finished. Cancelling potential speculative or zombie tasks for this job
25/01/01 12:03:04 INFO TaskSchedulerImpl: Killing all running tasks in stage 6: Stage finished
25/01/01 12:03:04 INFO DAGScheduler: Job 4 finished: collect at /home/bidut/Desktop/dev/pyspark_learn/Course01Learn/19-ShuffleJoinDemo/ShuffleJoinDemo.py:31, took 2.150250 s
25/01/01 12:03:04 INFO BlockManagerInfo: Removed broadcast_8_piece0 on 192.168.29.182:46045 in memory (size: 22.7 KiB, free: 434.3 MiB)
25/01/01 12:08:00 INFO SparkContext: Invoking stop() from shutdown hook
25/01/01 12:08:00 INFO SparkContext: SparkContext is stopping with exitCode 0.
25/01/01 12:08:00 INFO AbstractConnector: Stopped Spark@390c4486{HTTP/1.1, (http/1.1)}{0.0.0.0:4041}
25/01/01 12:08:00 INFO SparkUI: Stopped Spark web UI at http://192.168.29.182:4041
25/01/01 12:08:00 INFO MapOutputTrackerMasterEndpoint: MapOutputTrackerMasterEndpoint stopped!
25/01/01 12:08:00 INFO MemoryStore: MemoryStore cleared
25/01/01 12:08:00 INFO BlockManager: BlockManager stopped
25/01/01 12:08:00 INFO BlockManagerMaster: BlockManagerMaster stopped
25/01/01 12:08:00 INFO OutputCommitCoordinator$OutputCommitCoordinatorEndpoint: OutputCommitCoordinator stopped!
25/01/01 12:08:00 INFO SparkContext: Successfully stopped SparkContext
25/01/01 12:08:00 INFO ShutdownHookManager: Shutdown hook called
25/01/01 12:08:00 INFO ShutdownHookManager: Deleting directory /tmp/spark-4622a4d4-62e0-4a7e-908a-6d5c723ccbf4
25/01/01 12:08:00 INFO ShutdownHookManager: Deleting directory /tmp/spark-0a1a7840-991d-49a7-9ad9-4a7f1d6a6861
25/01/01 12:08:00 INFO ShutdownHookManager: Deleting directory /tmp/spark-0a1a7840-991d-49a7-9ad9-4a7f1d6a6861/pyspark-7f8f8c9a-e935-4ffb-8d5a-4ef18e5e3798
25/01/01 12:23:05 WARN Utils: Your hostname, bidut-HP-Laptop-14s-fq1xxx resolves to a loopback address: 127.0.1.1; using 192.168.29.182 instead (on interface wlo1)
25/01/01 12:23:05 WARN Utils: Set SPARK_LOCAL_IP if you need to bind to another address
25/01/01 12:23:06 INFO SparkContext: Running Spark version 3.5.4
25/01/01 12:23:06 INFO SparkContext: OS info Linux, 5.15.0-126-generic, amd64
25/01/01 12:23:06 INFO SparkContext: Java version 11.0.25
25/01/01 12:23:06 WARN NativeCodeLoader: Unable to load native-hadoop library for your platform... using builtin-java classes where applicable
25/01/01 12:23:06 INFO ResourceUtils: ==============================================================
25/01/01 12:23:06 INFO ResourceUtils: No custom resources configured for spark.driver.
25/01/01 12:23:06 INFO ResourceUtils: ==============================================================
25/01/01 12:23:06 INFO SparkContext: Submitted application: Shuffle Join Demo
25/01/01 12:23:06 INFO ResourceProfile: Default ResourceProfile created, executor resources: Map(cores -> name: cores, amount: 1, script: , vendor: , memory -> name: memory, amount: 1024, script: , vendor: , offHeap -> name: offHeap, amount: 0, script: , vendor: ), task resources: Map(cpus -> name: cpus, amount: 1.0)
25/01/01 12:23:06 INFO ResourceProfile: Limiting resource is cpu
25/01/01 12:23:06 INFO ResourceProfileManager: Added ResourceProfile id: 0
25/01/01 12:23:06 INFO SecurityManager: Changing view acls to: bidut
25/01/01 12:23:06 INFO SecurityManager: Changing modify acls to: bidut
25/01/01 12:23:06 INFO SecurityManager: Changing view acls groups to: 
25/01/01 12:23:06 INFO SecurityManager: Changing modify acls groups to: 
25/01/01 12:23:06 INFO SecurityManager: SecurityManager: authentication disabled; ui acls disabled; users with view permissions: bidut; groups with view permissions: EMPTY; users with modify permissions: bidut; groups with modify permissions: EMPTY
25/01/01 12:23:06 INFO Utils: Successfully started service 'sparkDriver' on port 42707.
25/01/01 12:23:06 INFO SparkEnv: Registering MapOutputTracker
25/01/01 12:23:06 INFO SparkEnv: Registering BlockManagerMaster
25/01/01 12:23:06 INFO BlockManagerMasterEndpoint: Using org.apache.spark.storage.DefaultTopologyMapper for getting topology information
25/01/01 12:23:06 INFO BlockManagerMasterEndpoint: BlockManagerMasterEndpoint up
25/01/01 12:23:06 INFO SparkEnv: Registering BlockManagerMasterHeartbeat
25/01/01 12:23:06 INFO DiskBlockManager: Created local directory at /tmp/blockmgr-6d2dbdcf-64ce-4ed9-b6da-c574a6f45cd3
25/01/01 12:23:06 INFO MemoryStore: MemoryStore started with capacity 434.4 MiB
25/01/01 12:23:06 INFO SparkEnv: Registering OutputCommitCoordinator
25/01/01 12:23:06 INFO log: Logging initialized @3267ms to org.sparkproject.jetty.util.log.Slf4jLog
25/01/01 12:23:07 INFO JettyUtils: Start Jetty 0.0.0.0:4040 for SparkUI
25/01/01 12:23:07 INFO Server: jetty-9.4.56.v20240826; built: 2024-08-26T17:15:05.868Z; git: ec6782ff5ead824dabdcf47fa98f90a4aedff401; jvm 11.0.25+9-post-Ubuntu-1ubuntu120.04
25/01/01 12:23:07 INFO Server: Started @3460ms
25/01/01 12:23:07 WARN Utils: Service 'SparkUI' could not bind on port 4040. Attempting port 4041.
25/01/01 12:23:07 INFO AbstractConnector: Started ServerConnector@4f6bafa7{HTTP/1.1, (http/1.1)}{0.0.0.0:4041}
25/01/01 12:23:07 INFO Utils: Successfully started service 'SparkUI' on port 4041.
25/01/01 12:23:07 INFO ContextHandler: Started o.s.j.s.ServletContextHandler@4218cb51{/,null,AVAILABLE,@Spark}
25/01/01 12:23:07 INFO Executor: Starting executor ID driver on host 192.168.29.182
25/01/01 12:23:07 INFO Executor: OS info Linux, 5.15.0-126-generic, amd64
25/01/01 12:23:07 INFO Executor: Java version 11.0.25
25/01/01 12:23:07 INFO Executor: Starting executor with user classpath (userClassPathFirst = false): ''
25/01/01 12:23:07 INFO Executor: Created or updated repl class loader org.apache.spark.util.MutableURLClassLoader@17e28e6b for default.
25/01/01 12:23:07 INFO Utils: Successfully started service 'org.apache.spark.network.netty.NettyBlockTransferService' on port 36821.
25/01/01 12:23:07 INFO NettyBlockTransferService: Server created on 192.168.29.182:36821
25/01/01 12:23:07 INFO BlockManager: Using org.apache.spark.storage.RandomBlockReplicationPolicy for block replication policy
25/01/01 12:23:07 INFO BlockManagerMaster: Registering BlockManager BlockManagerId(driver, 192.168.29.182, 36821, None)
25/01/01 12:23:07 INFO BlockManagerMasterEndpoint: Registering block manager 192.168.29.182:36821 with 434.4 MiB RAM, BlockManagerId(driver, 192.168.29.182, 36821, None)
25/01/01 12:23:07 INFO BlockManagerMaster: Registered BlockManager BlockManagerId(driver, 192.168.29.182, 36821, None)
25/01/01 12:23:07 INFO BlockManager: Initialized BlockManager: BlockManagerId(driver, 192.168.29.182, 36821, None)
25/01/01 12:23:07 INFO ContextHandler: Stopped o.s.j.s.ServletContextHandler@4218cb51{/,null,STOPPED,@Spark}
25/01/01 12:23:07 INFO ContextHandler: Started o.s.j.s.ServletContextHandler@3076ee7a{/jobs,null,AVAILABLE,@Spark}
25/01/01 12:23:07 INFO ContextHandler: Started o.s.j.s.ServletContextHandler@2c84557b{/jobs/json,null,AVAILABLE,@Spark}
25/01/01 12:23:07 INFO ContextHandler: Started o.s.j.s.ServletContextHandler@2430dc0f{/jobs/job,null,AVAILABLE,@Spark}
25/01/01 12:23:07 INFO ContextHandler: Started o.s.j.s.ServletContextHandler@323737e3{/jobs/job/json,null,AVAILABLE,@Spark}
25/01/01 12:23:07 INFO ContextHandler: Started o.s.j.s.ServletContextHandler@31a8b86d{/stages,null,AVAILABLE,@Spark}
25/01/01 12:23:07 INFO ContextHandler: Started o.s.j.s.ServletContextHandler@66bb7272{/stages/json,null,AVAILABLE,@Spark}
25/01/01 12:23:07 INFO ContextHandler: Started o.s.j.s.ServletContextHandler@48e09c42{/stages/stage,null,AVAILABLE,@Spark}
25/01/01 12:23:07 INFO ContextHandler: Started o.s.j.s.ServletContextHandler@5bceeea7{/stages/stage/json,null,AVAILABLE,@Spark}
25/01/01 12:23:07 INFO ContextHandler: Started o.s.j.s.ServletContextHandler@3e81d1d7{/stages/pool,null,AVAILABLE,@Spark}
25/01/01 12:23:07 INFO ContextHandler: Started o.s.j.s.ServletContextHandler@2ac7400b{/stages/pool/json,null,AVAILABLE,@Spark}
25/01/01 12:23:07 INFO ContextHandler: Started o.s.j.s.ServletContextHandler@1235b3bd{/storage,null,AVAILABLE,@Spark}
25/01/01 12:23:07 INFO ContextHandler: Started o.s.j.s.ServletContextHandler@558ecc4{/storage/json,null,AVAILABLE,@Spark}
25/01/01 12:23:07 INFO ContextHandler: Started o.s.j.s.ServletContextHandler@4ebb50bf{/storage/rdd,null,AVAILABLE,@Spark}
25/01/01 12:23:07 INFO ContextHandler: Started o.s.j.s.ServletContextHandler@602faadd{/storage/rdd/json,null,AVAILABLE,@Spark}
25/01/01 12:23:07 INFO ContextHandler: Started o.s.j.s.ServletContextHandler@6056b461{/environment,null,AVAILABLE,@Spark}
25/01/01 12:23:07 INFO ContextHandler: Started o.s.j.s.ServletContextHandler@45bd0bd4{/environment/json,null,AVAILABLE,@Spark}
25/01/01 12:23:07 INFO ContextHandler: Started o.s.j.s.ServletContextHandler@513afa5{/executors,null,AVAILABLE,@Spark}
25/01/01 12:23:07 INFO ContextHandler: Started o.s.j.s.ServletContextHandler@39cf4d83{/executors/json,null,AVAILABLE,@Spark}
25/01/01 12:23:07 INFO ContextHandler: Started o.s.j.s.ServletContextHandler@6e26f130{/executors/threadDump,null,AVAILABLE,@Spark}
25/01/01 12:23:07 INFO ContextHandler: Started o.s.j.s.ServletContextHandler@31e0d9f9{/executors/threadDump/json,null,AVAILABLE,@Spark}
25/01/01 12:23:07 INFO ContextHandler: Started o.s.j.s.ServletContextHandler@1e86a964{/executors/heapHistogram,null,AVAILABLE,@Spark}
25/01/01 12:23:07 INFO ContextHandler: Started o.s.j.s.ServletContextHandler@5a664bc5{/executors/heapHistogram/json,null,AVAILABLE,@Spark}
25/01/01 12:23:07 INFO ContextHandler: Started o.s.j.s.ServletContextHandler@354a3edd{/static,null,AVAILABLE,@Spark}
25/01/01 12:23:07 INFO ContextHandler: Started o.s.j.s.ServletContextHandler@4bd97f62{/,null,AVAILABLE,@Spark}
25/01/01 12:23:07 INFO ContextHandler: Started o.s.j.s.ServletContextHandler@6c393ca8{/api,null,AVAILABLE,@Spark}
25/01/01 12:23:07 INFO ContextHandler: Started o.s.j.s.ServletContextHandler@b98a6e3{/jobs/job/kill,null,AVAILABLE,@Spark}
25/01/01 12:23:07 INFO ContextHandler: Started o.s.j.s.ServletContextHandler@79fc9b0e{/stages/stage/kill,null,AVAILABLE,@Spark}
25/01/01 12:23:07 INFO ContextHandler: Started o.s.j.s.ServletContextHandler@731001ba{/metrics/json,null,AVAILABLE,@Spark}
25/01/01 12:23:07 INFO SharedState: Setting hive.metastore.warehouse.dir ('null') to the value of spark.sql.warehouse.dir.
25/01/01 12:23:07 INFO SharedState: Warehouse path is 'file:/home/bidut/Desktop/dev/pyspark_learn/Course01Learn/20-BucketJoinDemo/spark-warehouse'.
25/01/01 12:23:07 INFO ContextHandler: Started o.s.j.s.ServletContextHandler@4d51f79{/SQL,null,AVAILABLE,@Spark}
25/01/01 12:23:07 INFO ContextHandler: Started o.s.j.s.ServletContextHandler@1fae97f6{/SQL/json,null,AVAILABLE,@Spark}
25/01/01 12:23:07 INFO ContextHandler: Started o.s.j.s.ServletContextHandler@3e965255{/SQL/execution,null,AVAILABLE,@Spark}
25/01/01 12:23:07 INFO ContextHandler: Started o.s.j.s.ServletContextHandler@dfd9cc1{/SQL/execution/json,null,AVAILABLE,@Spark}
25/01/01 12:23:07 INFO ContextHandler: Started o.s.j.s.ServletContextHandler@4b029fbc{/static/sql,null,AVAILABLE,@Spark}
25/01/01 12:23:09 INFO InMemoryFileIndex: It took 49 ms to list leaf files for 1 paths.
25/01/01 12:23:09 INFO InMemoryFileIndex: It took 3 ms to list leaf files for 3 paths.
25/01/01 12:23:11 INFO FileSourceStrategy: Pushed Filters: 
25/01/01 12:23:11 INFO FileSourceStrategy: Post-Scan Filters: 
25/01/01 12:23:11 INFO MemoryStore: Block broadcast_0 stored as values in memory (estimated size 199.2 KiB, free 434.2 MiB)
25/01/01 12:23:11 INFO MemoryStore: Block broadcast_0_piece0 stored as bytes in memory (estimated size 34.2 KiB, free 434.2 MiB)
25/01/01 12:23:11 INFO BlockManagerInfo: Added broadcast_0_piece0 in memory on 192.168.29.182:36821 (size: 34.2 KiB, free: 434.4 MiB)
25/01/01 12:23:11 INFO SparkContext: Created broadcast 0 from json at NativeMethodAccessorImpl.java:0
25/01/01 12:23:11 INFO FileSourceScanExec: Planning scan with bin packing, max size: 31960205 bytes, open cost is considered as scanning 4194304 bytes.
25/01/01 12:23:11 INFO SparkContext: Starting job: json at NativeMethodAccessorImpl.java:0
25/01/01 12:23:11 INFO DAGScheduler: Got job 0 (json at NativeMethodAccessorImpl.java:0) with 3 output partitions
25/01/01 12:23:11 INFO DAGScheduler: Final stage: ResultStage 0 (json at NativeMethodAccessorImpl.java:0)
25/01/01 12:23:11 INFO DAGScheduler: Parents of final stage: List()
25/01/01 12:23:11 INFO DAGScheduler: Missing parents: List()
25/01/01 12:23:11 INFO DAGScheduler: Submitting ResultStage 0 (MapPartitionsRDD[3] at json at NativeMethodAccessorImpl.java:0), which has no missing parents
25/01/01 12:23:11 INFO MemoryStore: Block broadcast_1 stored as values in memory (estimated size 15.6 KiB, free 434.2 MiB)
25/01/01 12:23:11 INFO MemoryStore: Block broadcast_1_piece0 stored as bytes in memory (estimated size 7.7 KiB, free 434.1 MiB)
25/01/01 12:23:11 INFO BlockManagerInfo: Added broadcast_1_piece0 in memory on 192.168.29.182:36821 (size: 7.7 KiB, free: 434.4 MiB)
25/01/01 12:23:11 INFO SparkContext: Created broadcast 1 from broadcast at DAGScheduler.scala:1585
25/01/01 12:23:11 INFO DAGScheduler: Submitting 3 missing tasks from ResultStage 0 (MapPartitionsRDD[3] at json at NativeMethodAccessorImpl.java:0) (first 15 tasks are for partitions Vector(0, 1, 2))
25/01/01 12:23:11 INFO TaskSchedulerImpl: Adding task set 0.0 with 3 tasks resource profile 0
25/01/01 12:23:11 INFO TaskSetManager: Starting task 0.0 in stage 0.0 (TID 0) (192.168.29.182, executor driver, partition 0, PROCESS_LOCAL, 9704 bytes) 
25/01/01 12:23:11 INFO TaskSetManager: Starting task 1.0 in stage 0.0 (TID 1) (192.168.29.182, executor driver, partition 1, PROCESS_LOCAL, 9704 bytes) 
25/01/01 12:23:11 INFO TaskSetManager: Starting task 2.0 in stage 0.0 (TID 2) (192.168.29.182, executor driver, partition 2, PROCESS_LOCAL, 9704 bytes) 
25/01/01 12:23:11 INFO Executor: Running task 0.0 in stage 0.0 (TID 0)
25/01/01 12:23:11 INFO Executor: Running task 1.0 in stage 0.0 (TID 1)
25/01/01 12:23:11 INFO Executor: Running task 2.0 in stage 0.0 (TID 2)
25/01/01 12:23:12 INFO FileScanRDD: Reading File path: file:///home/bidut/Desktop/dev/pyspark_learn/Course01Learn/20-BucketJoinDemo/data/d1/part-00002-00af64b6-7ef5-4909-8f82-b8897114efaf-c000.json, range: 0-22695020, partition values: [empty row]
25/01/01 12:23:12 INFO FileScanRDD: Reading File path: file:///home/bidut/Desktop/dev/pyspark_learn/Course01Learn/20-BucketJoinDemo/data/d1/part-00001-00af64b6-7ef5-4909-8f82-b8897114efaf-c000.json, range: 0-30670316, partition values: [empty row]
25/01/01 12:23:12 INFO FileScanRDD: Reading File path: file:///home/bidut/Desktop/dev/pyspark_learn/Course01Learn/20-BucketJoinDemo/data/d1/part-00000-00af64b6-7ef5-4909-8f82-b8897114efaf-c000.json, range: 0-29932367, partition values: [empty row]
25/01/01 12:23:12 INFO CodeGenerator: Code generated in 204.951863 ms
25/01/01 12:23:13 INFO Executor: Finished task 2.0 in stage 0.0 (TID 2). 2256 bytes result sent to driver
25/01/01 12:23:13 INFO TaskSetManager: Finished task 2.0 in stage 0.0 (TID 2) in 1712 ms on 192.168.29.182 (executor driver) (1/3)
25/01/01 12:23:13 INFO Executor: Finished task 0.0 in stage 0.0 (TID 0). 2213 bytes result sent to driver
25/01/01 12:23:13 INFO TaskSetManager: Finished task 0.0 in stage 0.0 (TID 0) in 1817 ms on 192.168.29.182 (executor driver) (2/3)
25/01/01 12:23:13 INFO Executor: Finished task 1.0 in stage 0.0 (TID 1). 2256 bytes result sent to driver
25/01/01 12:23:13 INFO TaskSetManager: Finished task 1.0 in stage 0.0 (TID 1) in 1837 ms on 192.168.29.182 (executor driver) (3/3)
25/01/01 12:23:13 INFO DAGScheduler: ResultStage 0 (json at NativeMethodAccessorImpl.java:0) finished in 2.005 s
25/01/01 12:23:13 INFO TaskSchedulerImpl: Removed TaskSet 0.0, whose tasks have all completed, from pool 
25/01/01 12:23:13 INFO DAGScheduler: Job 0 is finished. Cancelling potential speculative or zombie tasks for this job
25/01/01 12:23:13 INFO TaskSchedulerImpl: Killing all running tasks in stage 0: Stage finished
25/01/01 12:23:13 INFO DAGScheduler: Job 0 finished: json at NativeMethodAccessorImpl.java:0, took 2.050274 s
25/01/01 12:23:13 INFO InMemoryFileIndex: It took 4 ms to list leaf files for 1 paths.
25/01/01 12:23:13 INFO InMemoryFileIndex: It took 1 ms to list leaf files for 3 paths.
25/01/01 12:23:13 INFO FileSourceStrategy: Pushed Filters: 
25/01/01 12:23:13 INFO FileSourceStrategy: Post-Scan Filters: 
25/01/01 12:23:13 INFO MemoryStore: Block broadcast_2 stored as values in memory (estimated size 199.2 KiB, free 434.0 MiB)
25/01/01 12:23:13 INFO MemoryStore: Block broadcast_2_piece0 stored as bytes in memory (estimated size 34.2 KiB, free 433.9 MiB)
25/01/01 12:23:13 INFO BlockManagerInfo: Added broadcast_2_piece0 in memory on 192.168.29.182:36821 (size: 34.2 KiB, free: 434.3 MiB)
25/01/01 12:23:13 INFO SparkContext: Created broadcast 2 from json at NativeMethodAccessorImpl.java:0
25/01/01 12:23:13 INFO FileSourceScanExec: Planning scan with bin packing, max size: 26547366 bytes, open cost is considered as scanning 4194304 bytes.
25/01/01 12:23:13 INFO SparkContext: Starting job: json at NativeMethodAccessorImpl.java:0
25/01/01 12:23:13 INFO DAGScheduler: Got job 1 (json at NativeMethodAccessorImpl.java:0) with 3 output partitions
25/01/01 12:23:13 INFO DAGScheduler: Final stage: ResultStage 1 (json at NativeMethodAccessorImpl.java:0)
25/01/01 12:23:13 INFO DAGScheduler: Parents of final stage: List()
25/01/01 12:23:13 INFO DAGScheduler: Missing parents: List()
25/01/01 12:23:13 INFO DAGScheduler: Submitting ResultStage 1 (MapPartitionsRDD[7] at json at NativeMethodAccessorImpl.java:0), which has no missing parents
25/01/01 12:23:13 INFO MemoryStore: Block broadcast_3 stored as values in memory (estimated size 15.6 KiB, free 433.9 MiB)
25/01/01 12:23:13 INFO MemoryStore: Block broadcast_3_piece0 stored as bytes in memory (estimated size 7.7 KiB, free 433.9 MiB)
25/01/01 12:23:13 INFO BlockManagerInfo: Added broadcast_3_piece0 in memory on 192.168.29.182:36821 (size: 7.7 KiB, free: 434.3 MiB)
25/01/01 12:23:13 INFO SparkContext: Created broadcast 3 from broadcast at DAGScheduler.scala:1585
25/01/01 12:23:13 INFO DAGScheduler: Submitting 3 missing tasks from ResultStage 1 (MapPartitionsRDD[7] at json at NativeMethodAccessorImpl.java:0) (first 15 tasks are for partitions Vector(0, 1, 2))
25/01/01 12:23:13 INFO TaskSchedulerImpl: Adding task set 1.0 with 3 tasks resource profile 0
25/01/01 12:23:13 INFO TaskSetManager: Starting task 0.0 in stage 1.0 (TID 3) (192.168.29.182, executor driver, partition 0, PROCESS_LOCAL, 9704 bytes) 
25/01/01 12:23:13 INFO TaskSetManager: Starting task 1.0 in stage 1.0 (TID 4) (192.168.29.182, executor driver, partition 1, PROCESS_LOCAL, 9704 bytes) 
25/01/01 12:23:13 INFO TaskSetManager: Starting task 2.0 in stage 1.0 (TID 5) (192.168.29.182, executor driver, partition 2, PROCESS_LOCAL, 9704 bytes) 
25/01/01 12:23:13 INFO Executor: Running task 1.0 in stage 1.0 (TID 4)
25/01/01 12:23:13 INFO Executor: Running task 2.0 in stage 1.0 (TID 5)
25/01/01 12:23:13 INFO Executor: Running task 0.0 in stage 1.0 (TID 3)
25/01/01 12:23:13 INFO FileScanRDD: Reading File path: file:///home/bidut/Desktop/dev/pyspark_learn/Course01Learn/20-BucketJoinDemo/data/d2/part-00002-ee8814fd-bbb7-4a16-912b-f74b04a6d4fa-c000.json, range: 0-17923969, partition values: [empty row]
25/01/01 12:23:13 INFO FileScanRDD: Reading File path: file:///home/bidut/Desktop/dev/pyspark_learn/Course01Learn/20-BucketJoinDemo/data/d2/part-00001-ee8814fd-bbb7-4a16-912b-f74b04a6d4fa-c000.json, range: 0-24817208, partition values: [empty row]
25/01/01 12:23:13 INFO FileScanRDD: Reading File path: file:///home/bidut/Desktop/dev/pyspark_learn/Course01Learn/20-BucketJoinDemo/data/d2/part-00000-ee8814fd-bbb7-4a16-912b-f74b04a6d4fa-c000.json, range: 0-24318011, partition values: [empty row]
25/01/01 12:23:14 INFO Executor: Finished task 2.0 in stage 1.0 (TID 5). 2182 bytes result sent to driver
25/01/01 12:23:14 INFO TaskSetManager: Finished task 2.0 in stage 1.0 (TID 5) in 681 ms on 192.168.29.182 (executor driver) (1/3)
25/01/01 12:23:14 INFO Executor: Finished task 1.0 in stage 1.0 (TID 4). 2182 bytes result sent to driver
25/01/01 12:23:14 INFO TaskSetManager: Finished task 1.0 in stage 1.0 (TID 4) in 754 ms on 192.168.29.182 (executor driver) (2/3)
25/01/01 12:23:14 INFO Executor: Finished task 0.0 in stage 1.0 (TID 3). 2182 bytes result sent to driver
25/01/01 12:23:14 INFO TaskSetManager: Finished task 0.0 in stage 1.0 (TID 3) in 776 ms on 192.168.29.182 (executor driver) (3/3)
25/01/01 12:23:14 INFO TaskSchedulerImpl: Removed TaskSet 1.0, whose tasks have all completed, from pool 
25/01/01 12:23:14 INFO DAGScheduler: ResultStage 1 (json at NativeMethodAccessorImpl.java:0) finished in 0.792 s
25/01/01 12:23:14 INFO DAGScheduler: Job 1 is finished. Cancelling potential speculative or zombie tasks for this job
25/01/01 12:23:14 INFO TaskSchedulerImpl: Killing all running tasks in stage 1: Stage finished
25/01/01 12:23:14 INFO DAGScheduler: Job 1 finished: json at NativeMethodAccessorImpl.java:0, took 0.802144 s
25/01/01 12:23:14 INFO FileSourceStrategy: Pushed Filters: IsNotNull(id)
25/01/01 12:23:14 INFO FileSourceStrategy: Post-Scan Filters: isnotnull(id#15L)
25/01/01 12:23:14 INFO FileSourceStrategy: Pushed Filters: IsNotNull(id)
25/01/01 12:23:14 INFO FileSourceStrategy: Post-Scan Filters: isnotnull(id#40L)
25/01/01 12:23:15 INFO CodeGenerator: Code generated in 25.931275 ms
25/01/01 12:23:15 INFO MemoryStore: Block broadcast_4 stored as values in memory (estimated size 199.2 KiB, free 433.7 MiB)
25/01/01 12:23:15 INFO MemoryStore: Block broadcast_4_piece0 stored as bytes in memory (estimated size 34.1 KiB, free 433.7 MiB)
25/01/01 12:23:15 INFO BlockManagerInfo: Added broadcast_4_piece0 in memory on 192.168.29.182:36821 (size: 34.1 KiB, free: 434.3 MiB)
25/01/01 12:23:15 INFO SparkContext: Created broadcast 4 from collect at /home/bidut/Desktop/dev/pyspark_learn/Course01Learn/20-BucketJoinDemo/BucketJoinDemo.py:31
25/01/01 12:23:15 INFO FileSourceScanExec: Planning scan with bin packing, max size: 31960205 bytes, open cost is considered as scanning 4194304 bytes.
25/01/01 12:23:15 INFO DAGScheduler: Registering RDD 11 (collect at /home/bidut/Desktop/dev/pyspark_learn/Course01Learn/20-BucketJoinDemo/BucketJoinDemo.py:31) as input to shuffle 0
25/01/01 12:23:15 INFO DAGScheduler: Got map stage job 2 (collect at /home/bidut/Desktop/dev/pyspark_learn/Course01Learn/20-BucketJoinDemo/BucketJoinDemo.py:31) with 3 output partitions
25/01/01 12:23:15 INFO DAGScheduler: Final stage: ShuffleMapStage 2 (collect at /home/bidut/Desktop/dev/pyspark_learn/Course01Learn/20-BucketJoinDemo/BucketJoinDemo.py:31)
25/01/01 12:23:15 INFO DAGScheduler: Parents of final stage: List()
25/01/01 12:23:15 INFO DAGScheduler: Missing parents: List()
25/01/01 12:23:15 INFO DAGScheduler: Submitting ShuffleMapStage 2 (MapPartitionsRDD[11] at collect at /home/bidut/Desktop/dev/pyspark_learn/Course01Learn/20-BucketJoinDemo/BucketJoinDemo.py:31), which has no missing parents
25/01/01 12:23:15 INFO CodeGenerator: Code generated in 22.38343 ms
25/01/01 12:23:15 INFO MemoryStore: Block broadcast_5 stored as values in memory (estimated size 199.2 KiB, free 433.5 MiB)
25/01/01 12:23:15 INFO MemoryStore: Block broadcast_5_piece0 stored as bytes in memory (estimated size 34.1 KiB, free 433.4 MiB)
25/01/01 12:23:15 INFO BlockManagerInfo: Added broadcast_5_piece0 in memory on 192.168.29.182:36821 (size: 34.1 KiB, free: 434.3 MiB)
25/01/01 12:23:15 INFO SparkContext: Created broadcast 5 from collect at /home/bidut/Desktop/dev/pyspark_learn/Course01Learn/20-BucketJoinDemo/BucketJoinDemo.py:31
25/01/01 12:23:15 INFO FileSourceScanExec: Planning scan with bin packing, max size: 26547366 bytes, open cost is considered as scanning 4194304 bytes.
25/01/01 12:23:15 INFO MemoryStore: Block broadcast_6 stored as values in memory (estimated size 19.7 KiB, free 433.4 MiB)
25/01/01 12:23:15 INFO MemoryStore: Block broadcast_6_piece0 stored as bytes in memory (estimated size 9.0 KiB, free 433.4 MiB)
25/01/01 12:23:15 INFO BlockManagerInfo: Added broadcast_6_piece0 in memory on 192.168.29.182:36821 (size: 9.0 KiB, free: 434.2 MiB)
25/01/01 12:23:15 INFO SparkContext: Created broadcast 6 from broadcast at DAGScheduler.scala:1585
25/01/01 12:23:15 INFO DAGScheduler: Submitting 3 missing tasks from ShuffleMapStage 2 (MapPartitionsRDD[11] at collect at /home/bidut/Desktop/dev/pyspark_learn/Course01Learn/20-BucketJoinDemo/BucketJoinDemo.py:31) (first 15 tasks are for partitions Vector(0, 1, 2))
25/01/01 12:23:15 INFO TaskSchedulerImpl: Adding task set 2.0 with 3 tasks resource profile 0
25/01/01 12:23:15 INFO DAGScheduler: Registering RDD 15 (collect at /home/bidut/Desktop/dev/pyspark_learn/Course01Learn/20-BucketJoinDemo/BucketJoinDemo.py:31) as input to shuffle 1
25/01/01 12:23:15 INFO TaskSetManager: Starting task 0.0 in stage 2.0 (TID 6) (192.168.29.182, executor driver, partition 0, PROCESS_LOCAL, 9693 bytes) 
25/01/01 12:23:15 INFO DAGScheduler: Got map stage job 3 (collect at /home/bidut/Desktop/dev/pyspark_learn/Course01Learn/20-BucketJoinDemo/BucketJoinDemo.py:31) with 3 output partitions
25/01/01 12:23:15 INFO DAGScheduler: Final stage: ShuffleMapStage 3 (collect at /home/bidut/Desktop/dev/pyspark_learn/Course01Learn/20-BucketJoinDemo/BucketJoinDemo.py:31)
25/01/01 12:23:15 INFO TaskSetManager: Starting task 1.0 in stage 2.0 (TID 7) (192.168.29.182, executor driver, partition 1, PROCESS_LOCAL, 9693 bytes) 
25/01/01 12:23:15 INFO DAGScheduler: Parents of final stage: List()
25/01/01 12:23:15 INFO TaskSetManager: Starting task 2.0 in stage 2.0 (TID 8) (192.168.29.182, executor driver, partition 2, PROCESS_LOCAL, 9693 bytes) 
25/01/01 12:23:15 INFO DAGScheduler: Missing parents: List()
25/01/01 12:23:15 INFO DAGScheduler: Submitting ShuffleMapStage 3 (MapPartitionsRDD[15] at collect at /home/bidut/Desktop/dev/pyspark_learn/Course01Learn/20-BucketJoinDemo/BucketJoinDemo.py:31), which has no missing parents
25/01/01 12:23:15 INFO Executor: Running task 0.0 in stage 2.0 (TID 6)
25/01/01 12:23:15 INFO Executor: Running task 1.0 in stage 2.0 (TID 7)
25/01/01 12:23:15 INFO Executor: Running task 2.0 in stage 2.0 (TID 8)
25/01/01 12:23:15 INFO MemoryStore: Block broadcast_7 stored as values in memory (estimated size 20.0 KiB, free 433.4 MiB)
25/01/01 12:23:15 INFO MemoryStore: Block broadcast_7_piece0 stored as bytes in memory (estimated size 9.0 KiB, free 433.4 MiB)
25/01/01 12:23:15 INFO BlockManagerInfo: Added broadcast_7_piece0 in memory on 192.168.29.182:36821 (size: 9.0 KiB, free: 434.2 MiB)
25/01/01 12:23:15 INFO SparkContext: Created broadcast 7 from broadcast at DAGScheduler.scala:1585
25/01/01 12:23:15 INFO DAGScheduler: Submitting 3 missing tasks from ShuffleMapStage 3 (MapPartitionsRDD[15] at collect at /home/bidut/Desktop/dev/pyspark_learn/Course01Learn/20-BucketJoinDemo/BucketJoinDemo.py:31) (first 15 tasks are for partitions Vector(0, 1, 2))
25/01/01 12:23:15 INFO TaskSchedulerImpl: Adding task set 3.0 with 3 tasks resource profile 0
25/01/01 12:23:15 INFO CodeGenerator: Code generated in 13.461321 ms
25/01/01 12:23:15 INFO CodeGenerator: Code generated in 10.950438 ms
25/01/01 12:23:15 INFO FileScanRDD: Reading File path: file:///home/bidut/Desktop/dev/pyspark_learn/Course01Learn/20-BucketJoinDemo/data/d1/part-00001-00af64b6-7ef5-4909-8f82-b8897114efaf-c000.json, range: 0-30670316, partition values: [empty row]
25/01/01 12:23:15 INFO FileScanRDD: Reading File path: file:///home/bidut/Desktop/dev/pyspark_learn/Course01Learn/20-BucketJoinDemo/data/d1/part-00002-00af64b6-7ef5-4909-8f82-b8897114efaf-c000.json, range: 0-22695020, partition values: [empty row]
25/01/01 12:23:15 INFO FileScanRDD: Reading File path: file:///home/bidut/Desktop/dev/pyspark_learn/Course01Learn/20-BucketJoinDemo/data/d1/part-00000-00af64b6-7ef5-4909-8f82-b8897114efaf-c000.json, range: 0-29932367, partition values: [empty row]
25/01/01 12:23:15 INFO CodeGenerator: Code generated in 12.308028 ms
25/01/01 12:23:15 INFO CodeGenerator: Code generated in 4.499918 ms
25/01/01 12:23:15 INFO BlockManagerInfo: Removed broadcast_3_piece0 on 192.168.29.182:36821 in memory (size: 7.7 KiB, free: 434.2 MiB)
25/01/01 12:23:15 INFO BlockManagerInfo: Removed broadcast_2_piece0 on 192.168.29.182:36821 in memory (size: 34.2 KiB, free: 434.3 MiB)
25/01/01 12:23:16 INFO Executor: Finished task 2.0 in stage 2.0 (TID 8). 1933 bytes result sent to driver
25/01/01 12:23:16 INFO TaskSetManager: Starting task 0.0 in stage 3.0 (TID 9) (192.168.29.182, executor driver, partition 0, PROCESS_LOCAL, 9693 bytes) 
25/01/01 12:23:16 INFO Executor: Running task 0.0 in stage 3.0 (TID 9)
25/01/01 12:23:16 INFO TaskSetManager: Finished task 2.0 in stage 2.0 (TID 8) in 1081 ms on 192.168.29.182 (executor driver) (1/3)
25/01/01 12:23:16 INFO CodeGenerator: Code generated in 13.511737 ms
25/01/01 12:23:16 INFO CodeGenerator: Code generated in 14.732788 ms
25/01/01 12:23:16 INFO FileScanRDD: Reading File path: file:///home/bidut/Desktop/dev/pyspark_learn/Course01Learn/20-BucketJoinDemo/data/d2/part-00001-ee8814fd-bbb7-4a16-912b-f74b04a6d4fa-c000.json, range: 0-24817208, partition values: [empty row]
25/01/01 12:23:16 INFO CodeGenerator: Code generated in 12.524206 ms
25/01/01 12:23:16 INFO CodeGenerator: Code generated in 5.209781 ms
25/01/01 12:23:16 INFO Executor: Finished task 1.0 in stage 2.0 (TID 7). 1933 bytes result sent to driver
25/01/01 12:23:16 INFO TaskSetManager: Starting task 1.0 in stage 3.0 (TID 10) (192.168.29.182, executor driver, partition 1, PROCESS_LOCAL, 9693 bytes) 
25/01/01 12:23:16 INFO Executor: Running task 1.0 in stage 3.0 (TID 10)
25/01/01 12:23:16 INFO TaskSetManager: Finished task 1.0 in stage 2.0 (TID 7) in 1312 ms on 192.168.29.182 (executor driver) (2/3)
25/01/01 12:23:16 INFO FileScanRDD: Reading File path: file:///home/bidut/Desktop/dev/pyspark_learn/Course01Learn/20-BucketJoinDemo/data/d2/part-00000-ee8814fd-bbb7-4a16-912b-f74b04a6d4fa-c000.json, range: 0-24318011, partition values: [empty row]
25/01/01 12:23:16 INFO Executor: Finished task 0.0 in stage 2.0 (TID 6). 1890 bytes result sent to driver
25/01/01 12:23:16 INFO TaskSetManager: Starting task 2.0 in stage 3.0 (TID 11) (192.168.29.182, executor driver, partition 2, PROCESS_LOCAL, 9693 bytes) 
25/01/01 12:23:16 INFO TaskSetManager: Finished task 0.0 in stage 2.0 (TID 6) in 1390 ms on 192.168.29.182 (executor driver) (3/3)
25/01/01 12:23:16 INFO Executor: Running task 2.0 in stage 3.0 (TID 11)
25/01/01 12:23:16 INFO TaskSchedulerImpl: Removed TaskSet 2.0, whose tasks have all completed, from pool 
25/01/01 12:23:16 INFO DAGScheduler: ShuffleMapStage 2 (collect at /home/bidut/Desktop/dev/pyspark_learn/Course01Learn/20-BucketJoinDemo/BucketJoinDemo.py:31) finished in 1.427 s
25/01/01 12:23:16 INFO DAGScheduler: looking for newly runnable stages
25/01/01 12:23:16 INFO DAGScheduler: running: Set(ShuffleMapStage 3)
25/01/01 12:23:16 INFO DAGScheduler: waiting: Set()
25/01/01 12:23:16 INFO FileScanRDD: Reading File path: file:///home/bidut/Desktop/dev/pyspark_learn/Course01Learn/20-BucketJoinDemo/data/d2/part-00002-ee8814fd-bbb7-4a16-912b-f74b04a6d4fa-c000.json, range: 0-17923969, partition values: [empty row]
25/01/01 12:23:16 INFO DAGScheduler: failed: Set()
25/01/01 12:23:17 INFO Executor: Finished task 0.0 in stage 3.0 (TID 9). 1890 bytes result sent to driver
25/01/01 12:23:17 INFO TaskSetManager: Finished task 0.0 in stage 3.0 (TID 9) in 786 ms on 192.168.29.182 (executor driver) (1/3)
25/01/01 12:23:17 INFO Executor: Finished task 2.0 in stage 3.0 (TID 11). 1890 bytes result sent to driver
25/01/01 12:23:17 INFO TaskSetManager: Finished task 2.0 in stage 3.0 (TID 11) in 674 ms on 192.168.29.182 (executor driver) (2/3)
25/01/01 12:23:17 INFO Executor: Finished task 1.0 in stage 3.0 (TID 10). 1890 bytes result sent to driver
25/01/01 12:23:17 INFO TaskSetManager: Finished task 1.0 in stage 3.0 (TID 10) in 791 ms on 192.168.29.182 (executor driver) (3/3)
25/01/01 12:23:17 INFO TaskSchedulerImpl: Removed TaskSet 3.0, whose tasks have all completed, from pool 
25/01/01 12:23:17 INFO DAGScheduler: ShuffleMapStage 3 (collect at /home/bidut/Desktop/dev/pyspark_learn/Course01Learn/20-BucketJoinDemo/BucketJoinDemo.py:31) finished in 2.100 s
25/01/01 12:23:17 INFO DAGScheduler: looking for newly runnable stages
25/01/01 12:23:17 INFO DAGScheduler: running: Set()
25/01/01 12:23:17 INFO DAGScheduler: waiting: Set()
25/01/01 12:23:17 INFO DAGScheduler: failed: Set()
25/01/01 12:23:17 INFO ShufflePartitionsUtil: For shuffle(0, 1), advisory target size: 67108864, actual target size 9019662, minimum partition size: 1048576
25/01/01 12:23:17 INFO CodeGenerator: Code generated in 33.621893 ms
25/01/01 12:23:17 INFO CodeGenerator: Code generated in 13.641101 ms
25/01/01 12:23:17 INFO CodeGenerator: Code generated in 7.871721 ms
25/01/01 12:23:17 INFO SparkContext: Starting job: collect at /home/bidut/Desktop/dev/pyspark_learn/Course01Learn/20-BucketJoinDemo/BucketJoinDemo.py:31
25/01/01 12:23:17 INFO DAGScheduler: Got job 4 (collect at /home/bidut/Desktop/dev/pyspark_learn/Course01Learn/20-BucketJoinDemo/BucketJoinDemo.py:31) with 3 output partitions
25/01/01 12:23:17 INFO DAGScheduler: Final stage: ResultStage 6 (collect at /home/bidut/Desktop/dev/pyspark_learn/Course01Learn/20-BucketJoinDemo/BucketJoinDemo.py:31)
25/01/01 12:23:17 INFO DAGScheduler: Parents of final stage: List(ShuffleMapStage 5, ShuffleMapStage 4)
25/01/01 12:23:17 INFO DAGScheduler: Missing parents: List()
25/01/01 12:23:17 INFO DAGScheduler: Submitting ResultStage 6 (MapPartitionsRDD[22] at collect at /home/bidut/Desktop/dev/pyspark_learn/Course01Learn/20-BucketJoinDemo/BucketJoinDemo.py:31), which has no missing parents
25/01/01 12:23:17 INFO MemoryStore: Block broadcast_8 stored as values in memory (estimated size 50.8 KiB, free 433.6 MiB)
25/01/01 12:23:17 INFO MemoryStore: Block broadcast_8_piece0 stored as bytes in memory (estimated size 22.7 KiB, free 433.6 MiB)
25/01/01 12:23:17 INFO BlockManagerInfo: Added broadcast_8_piece0 in memory on 192.168.29.182:36821 (size: 22.7 KiB, free: 434.3 MiB)
25/01/01 12:23:17 INFO SparkContext: Created broadcast 8 from broadcast at DAGScheduler.scala:1585
25/01/01 12:23:17 INFO DAGScheduler: Submitting 3 missing tasks from ResultStage 6 (MapPartitionsRDD[22] at collect at /home/bidut/Desktop/dev/pyspark_learn/Course01Learn/20-BucketJoinDemo/BucketJoinDemo.py:31) (first 15 tasks are for partitions Vector(0, 1, 2))
25/01/01 12:23:17 INFO TaskSchedulerImpl: Adding task set 6.0 with 3 tasks resource profile 0
25/01/01 12:23:17 INFO TaskSetManager: Starting task 0.0 in stage 6.0 (TID 12) (192.168.29.182, executor driver, partition 0, NODE_LOCAL, 9281 bytes) 
25/01/01 12:23:17 INFO TaskSetManager: Starting task 1.0 in stage 6.0 (TID 13) (192.168.29.182, executor driver, partition 1, NODE_LOCAL, 9281 bytes) 
25/01/01 12:23:17 INFO TaskSetManager: Starting task 2.0 in stage 6.0 (TID 14) (192.168.29.182, executor driver, partition 2, NODE_LOCAL, 9281 bytes) 
25/01/01 12:23:17 INFO Executor: Running task 0.0 in stage 6.0 (TID 12)
25/01/01 12:23:17 INFO Executor: Running task 1.0 in stage 6.0 (TID 13)
25/01/01 12:23:17 INFO Executor: Running task 2.0 in stage 6.0 (TID 14)
25/01/01 12:23:17 INFO ShuffleBlockFetcherIterator: Getting 3 (3.8 MiB) non-empty blocks including 3 (3.8 MiB) local and 0 (0.0 B) host-local and 0 (0.0 B) push-merged-local and 0 (0.0 B) remote blocks
25/01/01 12:23:17 INFO ShuffleBlockFetcherIterator: Getting 3 (3.8 MiB) non-empty blocks including 3 (3.8 MiB) local and 0 (0.0 B) host-local and 0 (0.0 B) push-merged-local and 0 (0.0 B) remote blocks
25/01/01 12:23:17 INFO ShuffleBlockFetcherIterator: Getting 3 (3.8 MiB) non-empty blocks including 3 (3.8 MiB) local and 0 (0.0 B) host-local and 0 (0.0 B) push-merged-local and 0 (0.0 B) remote blocks
25/01/01 12:23:17 INFO ShuffleBlockFetcherIterator: Started 0 remote fetches in 9 ms
25/01/01 12:23:17 INFO ShuffleBlockFetcherIterator: Started 0 remote fetches in 9 ms
25/01/01 12:23:17 INFO ShuffleBlockFetcherIterator: Started 0 remote fetches in 9 ms
25/01/01 12:23:17 INFO CodeGenerator: Code generated in 7.87147 ms
25/01/01 12:23:17 INFO CodeGenerator: Code generated in 9.629317 ms
25/01/01 12:23:17 INFO CodeGenerator: Code generated in 5.594009 ms
25/01/01 12:23:17 INFO ShuffleBlockFetcherIterator: Getting 3 (4.8 MiB) non-empty blocks including 3 (4.8 MiB) local and 0 (0.0 B) host-local and 0 (0.0 B) push-merged-local and 0 (0.0 B) remote blocks
25/01/01 12:23:17 INFO ShuffleBlockFetcherIterator: Getting 3 (4.8 MiB) non-empty blocks including 3 (4.8 MiB) local and 0 (0.0 B) host-local and 0 (0.0 B) push-merged-local and 0 (0.0 B) remote blocks
25/01/01 12:23:17 INFO ShuffleBlockFetcherIterator: Started 0 remote fetches in 1 ms
25/01/01 12:23:17 INFO ShuffleBlockFetcherIterator: Started 0 remote fetches in 1 ms
25/01/01 12:23:17 INFO ShuffleBlockFetcherIterator: Getting 3 (4.8 MiB) non-empty blocks including 3 (4.8 MiB) local and 0 (0.0 B) host-local and 0 (0.0 B) push-merged-local and 0 (0.0 B) remote blocks
25/01/01 12:23:17 INFO ShuffleBlockFetcherIterator: Started 0 remote fetches in 2 ms
25/01/01 12:23:17 INFO CodeGenerator: Code generated in 7.292534 ms
25/01/01 12:23:17 INFO CodeGenerator: Code generated in 4.237301 ms
25/01/01 12:23:17 INFO CodeGenerator: Code generated in 5.324038 ms
25/01/01 12:23:17 INFO CodeGenerator: Code generated in 21.894725 ms
25/01/01 12:23:17 INFO BlockManagerInfo: Removed broadcast_1_piece0 on 192.168.29.182:36821 in memory (size: 7.7 KiB, free: 434.3 MiB)
25/01/01 12:23:17 INFO BlockManagerInfo: Removed broadcast_6_piece0 on 192.168.29.182:36821 in memory (size: 9.0 KiB, free: 434.3 MiB)
25/01/01 12:23:17 INFO BlockManagerInfo: Removed broadcast_0_piece0 on 192.168.29.182:36821 in memory (size: 34.2 KiB, free: 434.3 MiB)
25/01/01 12:23:17 INFO BlockManagerInfo: Removed broadcast_7_piece0 on 192.168.29.182:36821 in memory (size: 9.0 KiB, free: 434.3 MiB)
25/01/01 12:23:18 INFO MemoryStore: Block taskresult_13 stored as bytes in memory (estimated size 9.1 MiB, free 312.8 MiB)
25/01/01 12:23:18 INFO BlockManagerInfo: Added taskresult_13 in memory on 192.168.29.182:36821 (size: 9.1 MiB, free: 425.2 MiB)
25/01/01 12:23:18 INFO Executor: Finished task 1.0 in stage 6.0 (TID 13). 9559414 bytes result sent via BlockManager)
25/01/01 12:23:18 INFO MemoryStore: Block taskresult_14 stored as bytes in memory (estimated size 9.2 MiB, free 415.6 MiB)
25/01/01 12:23:18 INFO BlockManagerInfo: Added taskresult_14 in memory on 192.168.29.182:36821 (size: 9.2 MiB, free: 416.0 MiB)
25/01/01 12:23:18 INFO Executor: Finished task 2.0 in stage 6.0 (TID 14). 9595661 bytes result sent via BlockManager)
25/01/01 12:23:19 INFO MemoryStore: Block taskresult_12 stored as bytes in memory (estimated size 9.1 MiB, free 406.5 MiB)
25/01/01 12:23:19 INFO BlockManagerInfo: Added taskresult_12 in memory on 192.168.29.182:36821 (size: 9.1 MiB, free: 406.9 MiB)
25/01/01 12:23:19 INFO Executor: Finished task 0.0 in stage 6.0 (TID 12). 9571366 bytes result sent via BlockManager)
25/01/01 12:23:19 INFO TransportClientFactory: Successfully created connection to /192.168.29.182:36821 after 72 ms (0 ms spent in bootstraps)
25/01/01 12:23:19 INFO TaskSetManager: Finished task 0.0 in stage 6.0 (TID 12) in 1531 ms on 192.168.29.182 (executor driver) (1/3)
25/01/01 12:23:19 INFO BlockManagerInfo: Removed taskresult_12 on 192.168.29.182:36821 in memory (size: 9.1 MiB, free: 416.0 MiB)
25/01/01 12:23:19 INFO TaskSetManager: Finished task 1.0 in stage 6.0 (TID 13) in 1569 ms on 192.168.29.182 (executor driver) (2/3)
25/01/01 12:23:19 INFO BlockManagerInfo: Removed taskresult_13 on 192.168.29.182:36821 in memory (size: 9.1 MiB, free: 425.2 MiB)
25/01/01 12:23:19 INFO TaskSetManager: Finished task 2.0 in stage 6.0 (TID 14) in 1589 ms on 192.168.29.182 (executor driver) (3/3)
25/01/01 12:23:19 INFO TaskSchedulerImpl: Removed TaskSet 6.0, whose tasks have all completed, from pool 
25/01/01 12:23:19 INFO BlockManagerInfo: Removed taskresult_14 on 192.168.29.182:36821 in memory (size: 9.2 MiB, free: 434.3 MiB)
25/01/01 12:23:19 INFO DAGScheduler: ResultStage 6 (collect at /home/bidut/Desktop/dev/pyspark_learn/Course01Learn/20-BucketJoinDemo/BucketJoinDemo.py:31) finished in 1.607 s
25/01/01 12:23:19 INFO DAGScheduler: Job 4 is finished. Cancelling potential speculative or zombie tasks for this job
25/01/01 12:23:19 INFO TaskSchedulerImpl: Killing all running tasks in stage 6: Stage finished
25/01/01 12:23:19 INFO DAGScheduler: Job 4 finished: collect at /home/bidut/Desktop/dev/pyspark_learn/Course01Learn/20-BucketJoinDemo/BucketJoinDemo.py:31, took 1.622174 s
25/01/01 12:23:19 INFO BlockManagerInfo: Removed broadcast_8_piece0 on 192.168.29.182:36821 in memory (size: 22.7 KiB, free: 434.3 MiB)
25/01/01 12:25:02 INFO SparkContext: Invoking stop() from shutdown hook
25/01/01 12:25:02 INFO SparkContext: SparkContext is stopping with exitCode 0.
25/01/01 12:25:02 INFO AbstractConnector: Stopped Spark@4f6bafa7{HTTP/1.1, (http/1.1)}{0.0.0.0:4041}
25/01/01 12:25:02 INFO SparkUI: Stopped Spark web UI at http://192.168.29.182:4041
25/01/01 12:25:02 INFO MapOutputTrackerMasterEndpoint: MapOutputTrackerMasterEndpoint stopped!
25/01/01 12:25:02 INFO MemoryStore: MemoryStore cleared
25/01/01 12:25:02 INFO BlockManager: BlockManager stopped
25/01/01 12:25:02 INFO BlockManagerMaster: BlockManagerMaster stopped
25/01/01 12:25:02 INFO OutputCommitCoordinator$OutputCommitCoordinatorEndpoint: OutputCommitCoordinator stopped!
25/01/01 12:25:02 INFO SparkContext: Successfully stopped SparkContext
25/01/01 12:25:02 INFO ShutdownHookManager: Shutdown hook called
25/01/01 12:25:02 INFO ShutdownHookManager: Deleting directory /tmp/spark-1943ba7b-5063-456e-93b9-b84a1893bb62/pyspark-82346169-697e-4a3e-834a-3a9cb62a67ef
25/01/01 12:25:02 INFO ShutdownHookManager: Deleting directory /tmp/spark-03f8ef74-f9c8-4431-9097-03076493304d
25/01/01 12:25:02 INFO ShutdownHookManager: Deleting directory /tmp/spark-1943ba7b-5063-456e-93b9-b84a1893bb62
25/01/01 12:28:56 WARN Utils: Your hostname, bidut-HP-Laptop-14s-fq1xxx resolves to a loopback address: 127.0.1.1; using 192.168.29.182 instead (on interface wlo1)
25/01/01 12:28:56 WARN Utils: Set SPARK_LOCAL_IP if you need to bind to another address
25/01/01 12:29:01 INFO SparkContext: Running Spark version 3.5.4
25/01/01 12:29:01 INFO SparkContext: OS info Linux, 5.15.0-126-generic, amd64
25/01/01 12:29:01 INFO SparkContext: Java version 11.0.25
25/01/01 12:29:01 WARN NativeCodeLoader: Unable to load native-hadoop library for your platform... using builtin-java classes where applicable
25/01/01 12:29:01 INFO ResourceUtils: ==============================================================
25/01/01 12:29:01 INFO ResourceUtils: No custom resources configured for spark.driver.
25/01/01 12:29:01 INFO ResourceUtils: ==============================================================
25/01/01 12:29:01 INFO SparkContext: Submitted application: Shuffle Join Demo
25/01/01 12:29:01 INFO ResourceProfile: Default ResourceProfile created, executor resources: Map(cores -> name: cores, amount: 1, script: , vendor: , memory -> name: memory, amount: 1024, script: , vendor: , offHeap -> name: offHeap, amount: 0, script: , vendor: ), task resources: Map(cpus -> name: cpus, amount: 1.0)
25/01/01 12:29:01 INFO ResourceProfile: Limiting resource is cpu
25/01/01 12:29:01 INFO ResourceProfileManager: Added ResourceProfile id: 0
25/01/01 12:29:02 INFO SecurityManager: Changing view acls to: bidut
25/01/01 12:29:02 INFO SecurityManager: Changing modify acls to: bidut
25/01/01 12:29:02 INFO SecurityManager: Changing view acls groups to: 
25/01/01 12:29:02 INFO SecurityManager: Changing modify acls groups to: 
25/01/01 12:29:02 INFO SecurityManager: SecurityManager: authentication disabled; ui acls disabled; users with view permissions: bidut; groups with view permissions: EMPTY; users with modify permissions: bidut; groups with modify permissions: EMPTY
25/01/01 12:29:02 INFO Utils: Successfully started service 'sparkDriver' on port 38075.
25/01/01 12:29:02 INFO SparkEnv: Registering MapOutputTracker
25/01/01 12:29:02 INFO SparkEnv: Registering BlockManagerMaster
25/01/01 12:29:02 INFO BlockManagerMasterEndpoint: Using org.apache.spark.storage.DefaultTopologyMapper for getting topology information
25/01/01 12:29:02 INFO BlockManagerMasterEndpoint: BlockManagerMasterEndpoint up
25/01/01 12:29:02 INFO SparkEnv: Registering BlockManagerMasterHeartbeat
25/01/01 12:29:02 INFO DiskBlockManager: Created local directory at /tmp/blockmgr-4cd170fb-e2e1-4c06-a3e3-f94dcf2118b2
25/01/01 12:29:02 INFO MemoryStore: MemoryStore started with capacity 434.4 MiB
25/01/01 12:29:02 INFO SparkEnv: Registering OutputCommitCoordinator
25/01/01 12:29:02 INFO log: Logging initialized @7893ms to org.sparkproject.jetty.util.log.Slf4jLog
25/01/01 12:29:02 INFO JettyUtils: Start Jetty 0.0.0.0:4040 for SparkUI
25/01/01 12:29:02 INFO Server: jetty-9.4.56.v20240826; built: 2024-08-26T17:15:05.868Z; git: ec6782ff5ead824dabdcf47fa98f90a4aedff401; jvm 11.0.25+9-post-Ubuntu-1ubuntu120.04
25/01/01 12:29:02 INFO Server: Started @8020ms
25/01/01 12:29:02 WARN Utils: Service 'SparkUI' could not bind on port 4040. Attempting port 4041.
25/01/01 12:29:02 INFO AbstractConnector: Started ServerConnector@2157d95e{HTTP/1.1, (http/1.1)}{0.0.0.0:4041}
25/01/01 12:29:02 INFO Utils: Successfully started service 'SparkUI' on port 4041.
25/01/01 12:29:02 INFO ContextHandler: Started o.s.j.s.ServletContextHandler@765163d1{/,null,AVAILABLE,@Spark}
25/01/01 12:29:02 INFO Executor: Starting executor ID driver on host 192.168.29.182
25/01/01 12:29:02 INFO Executor: OS info Linux, 5.15.0-126-generic, amd64
25/01/01 12:29:02 INFO Executor: Java version 11.0.25
25/01/01 12:29:02 INFO Executor: Starting executor with user classpath (userClassPathFirst = false): ''
25/01/01 12:29:02 INFO Executor: Created or updated repl class loader org.apache.spark.util.MutableURLClassLoader@2d0240b9 for default.
25/01/01 12:29:02 INFO Utils: Successfully started service 'org.apache.spark.network.netty.NettyBlockTransferService' on port 43919.
25/01/01 12:29:02 INFO NettyBlockTransferService: Server created on 192.168.29.182:43919
25/01/01 12:29:02 INFO BlockManager: Using org.apache.spark.storage.RandomBlockReplicationPolicy for block replication policy
25/01/01 12:29:02 INFO BlockManagerMaster: Registering BlockManager BlockManagerId(driver, 192.168.29.182, 43919, None)
25/01/01 12:29:02 INFO BlockManagerMasterEndpoint: Registering block manager 192.168.29.182:43919 with 434.4 MiB RAM, BlockManagerId(driver, 192.168.29.182, 43919, None)
25/01/01 12:29:02 INFO BlockManagerMaster: Registered BlockManager BlockManagerId(driver, 192.168.29.182, 43919, None)
25/01/01 12:29:02 INFO BlockManager: Initialized BlockManager: BlockManagerId(driver, 192.168.29.182, 43919, None)
25/01/01 12:29:02 INFO ContextHandler: Stopped o.s.j.s.ServletContextHandler@765163d1{/,null,STOPPED,@Spark}
25/01/01 12:29:02 INFO ContextHandler: Started o.s.j.s.ServletContextHandler@25f38236{/jobs,null,AVAILABLE,@Spark}
25/01/01 12:29:02 INFO ContextHandler: Started o.s.j.s.ServletContextHandler@3e16591d{/jobs/json,null,AVAILABLE,@Spark}
25/01/01 12:29:02 INFO ContextHandler: Started o.s.j.s.ServletContextHandler@538f023c{/jobs/job,null,AVAILABLE,@Spark}
25/01/01 12:29:02 INFO ContextHandler: Started o.s.j.s.ServletContextHandler@342138a4{/jobs/job/json,null,AVAILABLE,@Spark}
25/01/01 12:29:02 INFO ContextHandler: Started o.s.j.s.ServletContextHandler@2b4e82a4{/stages,null,AVAILABLE,@Spark}
25/01/01 12:29:02 INFO ContextHandler: Started o.s.j.s.ServletContextHandler@23155f64{/stages/json,null,AVAILABLE,@Spark}
25/01/01 12:29:02 INFO ContextHandler: Started o.s.j.s.ServletContextHandler@295e22e7{/stages/stage,null,AVAILABLE,@Spark}
25/01/01 12:29:02 INFO ContextHandler: Started o.s.j.s.ServletContextHandler@1c5c3dd7{/stages/stage/json,null,AVAILABLE,@Spark}
25/01/01 12:29:02 INFO ContextHandler: Started o.s.j.s.ServletContextHandler@73c5aa63{/stages/pool,null,AVAILABLE,@Spark}
25/01/01 12:29:02 INFO ContextHandler: Started o.s.j.s.ServletContextHandler@77e4235f{/stages/pool/json,null,AVAILABLE,@Spark}
25/01/01 12:29:02 INFO ContextHandler: Started o.s.j.s.ServletContextHandler@2593f921{/storage,null,AVAILABLE,@Spark}
25/01/01 12:29:02 INFO ContextHandler: Started o.s.j.s.ServletContextHandler@21e80262{/storage/json,null,AVAILABLE,@Spark}
25/01/01 12:29:02 INFO ContextHandler: Started o.s.j.s.ServletContextHandler@3e62788e{/storage/rdd,null,AVAILABLE,@Spark}
25/01/01 12:29:02 INFO ContextHandler: Started o.s.j.s.ServletContextHandler@2986cee6{/storage/rdd/json,null,AVAILABLE,@Spark}
25/01/01 12:29:02 INFO ContextHandler: Started o.s.j.s.ServletContextHandler@1683dd4c{/environment,null,AVAILABLE,@Spark}
25/01/01 12:29:03 INFO ContextHandler: Started o.s.j.s.ServletContextHandler@202ca9ef{/environment/json,null,AVAILABLE,@Spark}
25/01/01 12:29:03 INFO ContextHandler: Started o.s.j.s.ServletContextHandler@5098f303{/executors,null,AVAILABLE,@Spark}
25/01/01 12:29:03 INFO ContextHandler: Started o.s.j.s.ServletContextHandler@3fded7a7{/executors/json,null,AVAILABLE,@Spark}
25/01/01 12:29:03 INFO ContextHandler: Started o.s.j.s.ServletContextHandler@39c67457{/executors/threadDump,null,AVAILABLE,@Spark}
25/01/01 12:29:03 INFO ContextHandler: Started o.s.j.s.ServletContextHandler@49fb9b31{/executors/threadDump/json,null,AVAILABLE,@Spark}
25/01/01 12:29:03 INFO ContextHandler: Started o.s.j.s.ServletContextHandler@613597a9{/executors/heapHistogram,null,AVAILABLE,@Spark}
25/01/01 12:29:03 INFO ContextHandler: Started o.s.j.s.ServletContextHandler@7ce0526b{/executors/heapHistogram/json,null,AVAILABLE,@Spark}
25/01/01 12:29:03 INFO ContextHandler: Started o.s.j.s.ServletContextHandler@35ea061{/static,null,AVAILABLE,@Spark}
25/01/01 12:29:03 INFO ContextHandler: Started o.s.j.s.ServletContextHandler@1c598824{/,null,AVAILABLE,@Spark}
25/01/01 12:29:03 INFO ContextHandler: Started o.s.j.s.ServletContextHandler@298a7e15{/api,null,AVAILABLE,@Spark}
25/01/01 12:29:03 INFO ContextHandler: Started o.s.j.s.ServletContextHandler@73f3b4c3{/jobs/job/kill,null,AVAILABLE,@Spark}
25/01/01 12:29:03 INFO ContextHandler: Started o.s.j.s.ServletContextHandler@5d0a4f7d{/stages/stage/kill,null,AVAILABLE,@Spark}
25/01/01 12:29:03 INFO ContextHandler: Started o.s.j.s.ServletContextHandler@4010929b{/metrics/json,null,AVAILABLE,@Spark}
25/01/01 12:29:03 INFO SharedState: Setting hive.metastore.warehouse.dir ('null') to the value of spark.sql.warehouse.dir.
25/01/01 12:29:03 INFO SharedState: Warehouse path is 'file:/home/bidut/Desktop/dev/pyspark_learn/Course01Learn/20-BucketJoinDemo/spark-warehouse'.
25/01/01 12:29:03 INFO ContextHandler: Started o.s.j.s.ServletContextHandler@7fdcdbeb{/SQL,null,AVAILABLE,@Spark}
25/01/01 12:29:03 INFO ContextHandler: Started o.s.j.s.ServletContextHandler@48d2adb9{/SQL/json,null,AVAILABLE,@Spark}
25/01/01 12:29:03 INFO ContextHandler: Started o.s.j.s.ServletContextHandler@100d31b9{/SQL/execution,null,AVAILABLE,@Spark}
25/01/01 12:29:03 INFO ContextHandler: Started o.s.j.s.ServletContextHandler@11dd043{/SQL/execution/json,null,AVAILABLE,@Spark}
25/01/01 12:29:03 INFO ContextHandler: Started o.s.j.s.ServletContextHandler@48a00cfa{/static/sql,null,AVAILABLE,@Spark}
25/01/01 12:29:04 INFO InMemoryFileIndex: It took 44 ms to list leaf files for 1 paths.
25/01/01 12:29:04 INFO InMemoryFileIndex: It took 3 ms to list leaf files for 3 paths.
25/01/01 12:29:06 INFO FileSourceStrategy: Pushed Filters: 
25/01/01 12:29:06 INFO FileSourceStrategy: Post-Scan Filters: 
25/01/01 12:29:06 INFO MemoryStore: Block broadcast_0 stored as values in memory (estimated size 199.2 KiB, free 434.2 MiB)
25/01/01 12:29:06 INFO MemoryStore: Block broadcast_0_piece0 stored as bytes in memory (estimated size 34.2 KiB, free 434.2 MiB)
25/01/01 12:29:06 INFO BlockManagerInfo: Added broadcast_0_piece0 in memory on 192.168.29.182:43919 (size: 34.2 KiB, free: 434.4 MiB)
25/01/01 12:29:06 INFO SparkContext: Created broadcast 0 from json at NativeMethodAccessorImpl.java:0
25/01/01 12:29:06 INFO FileSourceScanExec: Planning scan with bin packing, max size: 31960205 bytes, open cost is considered as scanning 4194304 bytes.
25/01/01 12:29:06 INFO SparkContext: Starting job: json at NativeMethodAccessorImpl.java:0
25/01/01 12:29:06 INFO DAGScheduler: Got job 0 (json at NativeMethodAccessorImpl.java:0) with 3 output partitions
25/01/01 12:29:06 INFO DAGScheduler: Final stage: ResultStage 0 (json at NativeMethodAccessorImpl.java:0)
25/01/01 12:29:06 INFO DAGScheduler: Parents of final stage: List()
25/01/01 12:29:06 INFO DAGScheduler: Missing parents: List()
25/01/01 12:29:06 INFO DAGScheduler: Submitting ResultStage 0 (MapPartitionsRDD[3] at json at NativeMethodAccessorImpl.java:0), which has no missing parents
25/01/01 12:29:06 INFO MemoryStore: Block broadcast_1 stored as values in memory (estimated size 15.6 KiB, free 434.2 MiB)
25/01/01 12:29:06 INFO MemoryStore: Block broadcast_1_piece0 stored as bytes in memory (estimated size 7.7 KiB, free 434.1 MiB)
25/01/01 12:29:06 INFO BlockManagerInfo: Added broadcast_1_piece0 in memory on 192.168.29.182:43919 (size: 7.7 KiB, free: 434.4 MiB)
25/01/01 12:29:06 INFO SparkContext: Created broadcast 1 from broadcast at DAGScheduler.scala:1585
25/01/01 12:29:06 INFO DAGScheduler: Submitting 3 missing tasks from ResultStage 0 (MapPartitionsRDD[3] at json at NativeMethodAccessorImpl.java:0) (first 15 tasks are for partitions Vector(0, 1, 2))
25/01/01 12:29:06 INFO TaskSchedulerImpl: Adding task set 0.0 with 3 tasks resource profile 0
25/01/01 12:29:06 INFO TaskSetManager: Starting task 0.0 in stage 0.0 (TID 0) (192.168.29.182, executor driver, partition 0, PROCESS_LOCAL, 9704 bytes) 
25/01/01 12:29:06 INFO TaskSetManager: Starting task 1.0 in stage 0.0 (TID 1) (192.168.29.182, executor driver, partition 1, PROCESS_LOCAL, 9704 bytes) 
25/01/01 12:29:06 INFO TaskSetManager: Starting task 2.0 in stage 0.0 (TID 2) (192.168.29.182, executor driver, partition 2, PROCESS_LOCAL, 9704 bytes) 
25/01/01 12:29:06 INFO Executor: Running task 2.0 in stage 0.0 (TID 2)
25/01/01 12:29:06 INFO Executor: Running task 1.0 in stage 0.0 (TID 1)
25/01/01 12:29:06 INFO Executor: Running task 0.0 in stage 0.0 (TID 0)
25/01/01 12:29:06 INFO FileScanRDD: Reading File path: file:///home/bidut/Desktop/dev/pyspark_learn/Course01Learn/20-BucketJoinDemo/data/d1/part-00000-00af64b6-7ef5-4909-8f82-b8897114efaf-c000.json, range: 0-29932367, partition values: [empty row]
25/01/01 12:29:06 INFO FileScanRDD: Reading File path: file:///home/bidut/Desktop/dev/pyspark_learn/Course01Learn/20-BucketJoinDemo/data/d1/part-00002-00af64b6-7ef5-4909-8f82-b8897114efaf-c000.json, range: 0-22695020, partition values: [empty row]
25/01/01 12:29:06 INFO FileScanRDD: Reading File path: file:///home/bidut/Desktop/dev/pyspark_learn/Course01Learn/20-BucketJoinDemo/data/d1/part-00001-00af64b6-7ef5-4909-8f82-b8897114efaf-c000.json, range: 0-30670316, partition values: [empty row]
25/01/01 12:29:07 INFO CodeGenerator: Code generated in 192.052884 ms
25/01/01 12:29:08 INFO Executor: Finished task 2.0 in stage 0.0 (TID 2). 2256 bytes result sent to driver
25/01/01 12:29:08 INFO TaskSetManager: Finished task 2.0 in stage 0.0 (TID 2) in 1496 ms on 192.168.29.182 (executor driver) (1/3)
25/01/01 12:29:08 INFO Executor: Finished task 0.0 in stage 0.0 (TID 0). 2256 bytes result sent to driver
25/01/01 12:29:08 INFO TaskSetManager: Finished task 0.0 in stage 0.0 (TID 0) in 1620 ms on 192.168.29.182 (executor driver) (2/3)
25/01/01 12:29:08 INFO Executor: Finished task 1.0 in stage 0.0 (TID 1). 2213 bytes result sent to driver
25/01/01 12:29:08 INFO TaskSetManager: Finished task 1.0 in stage 0.0 (TID 1) in 1631 ms on 192.168.29.182 (executor driver) (3/3)
25/01/01 12:29:08 INFO TaskSchedulerImpl: Removed TaskSet 0.0, whose tasks have all completed, from pool 
25/01/01 12:29:08 INFO DAGScheduler: ResultStage 0 (json at NativeMethodAccessorImpl.java:0) finished in 1.798 s
25/01/01 12:29:08 INFO DAGScheduler: Job 0 is finished. Cancelling potential speculative or zombie tasks for this job
25/01/01 12:29:08 INFO TaskSchedulerImpl: Killing all running tasks in stage 0: Stage finished
25/01/01 12:29:08 INFO DAGScheduler: Job 0 finished: json at NativeMethodAccessorImpl.java:0, took 1.847619 s
25/01/01 12:29:08 INFO InMemoryFileIndex: It took 3 ms to list leaf files for 1 paths.
25/01/01 12:29:08 INFO InMemoryFileIndex: It took 4 ms to list leaf files for 3 paths.
25/01/01 12:29:08 INFO FileSourceStrategy: Pushed Filters: 
25/01/01 12:29:08 INFO FileSourceStrategy: Post-Scan Filters: 
25/01/01 12:29:08 INFO MemoryStore: Block broadcast_2 stored as values in memory (estimated size 199.2 KiB, free 434.0 MiB)
25/01/01 12:29:08 INFO MemoryStore: Block broadcast_2_piece0 stored as bytes in memory (estimated size 34.2 KiB, free 433.9 MiB)
25/01/01 12:29:08 INFO BlockManagerInfo: Added broadcast_2_piece0 in memory on 192.168.29.182:43919 (size: 34.2 KiB, free: 434.3 MiB)
25/01/01 12:29:08 INFO SparkContext: Created broadcast 2 from json at NativeMethodAccessorImpl.java:0
25/01/01 12:29:08 INFO FileSourceScanExec: Planning scan with bin packing, max size: 26547366 bytes, open cost is considered as scanning 4194304 bytes.
25/01/01 12:29:08 INFO SparkContext: Starting job: json at NativeMethodAccessorImpl.java:0
25/01/01 12:29:08 INFO DAGScheduler: Got job 1 (json at NativeMethodAccessorImpl.java:0) with 3 output partitions
25/01/01 12:29:08 INFO DAGScheduler: Final stage: ResultStage 1 (json at NativeMethodAccessorImpl.java:0)
25/01/01 12:29:08 INFO DAGScheduler: Parents of final stage: List()
25/01/01 12:29:08 INFO DAGScheduler: Missing parents: List()
25/01/01 12:29:08 INFO DAGScheduler: Submitting ResultStage 1 (MapPartitionsRDD[7] at json at NativeMethodAccessorImpl.java:0), which has no missing parents
25/01/01 12:29:08 INFO MemoryStore: Block broadcast_3 stored as values in memory (estimated size 15.6 KiB, free 433.9 MiB)
25/01/01 12:29:08 INFO MemoryStore: Block broadcast_3_piece0 stored as bytes in memory (estimated size 7.7 KiB, free 433.9 MiB)
25/01/01 12:29:08 INFO BlockManagerInfo: Added broadcast_3_piece0 in memory on 192.168.29.182:43919 (size: 7.7 KiB, free: 434.3 MiB)
25/01/01 12:29:08 INFO SparkContext: Created broadcast 3 from broadcast at DAGScheduler.scala:1585
25/01/01 12:29:08 INFO DAGScheduler: Submitting 3 missing tasks from ResultStage 1 (MapPartitionsRDD[7] at json at NativeMethodAccessorImpl.java:0) (first 15 tasks are for partitions Vector(0, 1, 2))
25/01/01 12:29:08 INFO TaskSchedulerImpl: Adding task set 1.0 with 3 tasks resource profile 0
25/01/01 12:29:08 INFO TaskSetManager: Starting task 0.0 in stage 1.0 (TID 3) (192.168.29.182, executor driver, partition 0, PROCESS_LOCAL, 9704 bytes) 
25/01/01 12:29:08 INFO TaskSetManager: Starting task 1.0 in stage 1.0 (TID 4) (192.168.29.182, executor driver, partition 1, PROCESS_LOCAL, 9704 bytes) 
25/01/01 12:29:08 INFO TaskSetManager: Starting task 2.0 in stage 1.0 (TID 5) (192.168.29.182, executor driver, partition 2, PROCESS_LOCAL, 9704 bytes) 
25/01/01 12:29:08 INFO Executor: Running task 0.0 in stage 1.0 (TID 3)
25/01/01 12:29:08 INFO Executor: Running task 2.0 in stage 1.0 (TID 5)
25/01/01 12:29:08 INFO Executor: Running task 1.0 in stage 1.0 (TID 4)
25/01/01 12:29:08 INFO FileScanRDD: Reading File path: file:///home/bidut/Desktop/dev/pyspark_learn/Course01Learn/20-BucketJoinDemo/data/d2/part-00000-ee8814fd-bbb7-4a16-912b-f74b04a6d4fa-c000.json, range: 0-24318011, partition values: [empty row]
25/01/01 12:29:08 INFO FileScanRDD: Reading File path: file:///home/bidut/Desktop/dev/pyspark_learn/Course01Learn/20-BucketJoinDemo/data/d2/part-00001-ee8814fd-bbb7-4a16-912b-f74b04a6d4fa-c000.json, range: 0-24817208, partition values: [empty row]
25/01/01 12:29:08 INFO FileScanRDD: Reading File path: file:///home/bidut/Desktop/dev/pyspark_learn/Course01Learn/20-BucketJoinDemo/data/d2/part-00002-ee8814fd-bbb7-4a16-912b-f74b04a6d4fa-c000.json, range: 0-17923969, partition values: [empty row]
25/01/01 12:29:09 INFO Executor: Finished task 2.0 in stage 1.0 (TID 5). 2182 bytes result sent to driver
25/01/01 12:29:09 INFO TaskSetManager: Finished task 2.0 in stage 1.0 (TID 5) in 1221 ms on 192.168.29.182 (executor driver) (1/3)
25/01/01 12:29:09 INFO Executor: Finished task 0.0 in stage 1.0 (TID 3). 2182 bytes result sent to driver
25/01/01 12:29:09 INFO TaskSetManager: Finished task 0.0 in stage 1.0 (TID 3) in 1270 ms on 192.168.29.182 (executor driver) (2/3)
25/01/01 12:29:09 INFO Executor: Finished task 1.0 in stage 1.0 (TID 4). 2182 bytes result sent to driver
25/01/01 12:29:09 INFO TaskSetManager: Finished task 1.0 in stage 1.0 (TID 4) in 1279 ms on 192.168.29.182 (executor driver) (3/3)
25/01/01 12:29:09 INFO TaskSchedulerImpl: Removed TaskSet 1.0, whose tasks have all completed, from pool 
25/01/01 12:29:09 INFO DAGScheduler: ResultStage 1 (json at NativeMethodAccessorImpl.java:0) finished in 1.293 s
25/01/01 12:29:09 INFO DAGScheduler: Job 1 is finished. Cancelling potential speculative or zombie tasks for this job
25/01/01 12:29:09 INFO TaskSchedulerImpl: Killing all running tasks in stage 1: Stage finished
25/01/01 12:29:09 INFO DAGScheduler: Job 1 finished: json at NativeMethodAccessorImpl.java:0, took 1.302657 s
25/01/01 12:29:10 INFO FileSourceStrategy: Pushed Filters: IsNotNull(id)
25/01/01 12:29:10 INFO FileSourceStrategy: Post-Scan Filters: isnotnull(id#15L)
25/01/01 12:29:10 INFO FileSourceStrategy: Pushed Filters: IsNotNull(id)
25/01/01 12:29:10 INFO FileSourceStrategy: Post-Scan Filters: isnotnull(id#40L)
25/01/01 12:29:10 INFO CodeGenerator: Code generated in 31.973969 ms
25/01/01 12:29:10 INFO MemoryStore: Block broadcast_4 stored as values in memory (estimated size 199.2 KiB, free 433.7 MiB)
25/01/01 12:29:10 INFO MemoryStore: Block broadcast_4_piece0 stored as bytes in memory (estimated size 34.1 KiB, free 433.7 MiB)
25/01/01 12:29:10 INFO BlockManagerInfo: Added broadcast_4_piece0 in memory on 192.168.29.182:43919 (size: 34.1 KiB, free: 434.3 MiB)
25/01/01 12:29:10 INFO SparkContext: Created broadcast 4 from collect at /home/bidut/Desktop/dev/pyspark_learn/Course01Learn/20-BucketJoinDemo/BucketJoinDemo.py:31
25/01/01 12:29:10 INFO FileSourceScanExec: Planning scan with bin packing, max size: 26547366 bytes, open cost is considered as scanning 4194304 bytes.
25/01/01 12:29:10 INFO SparkContext: Starting job: collect at /home/bidut/Desktop/dev/pyspark_learn/Course01Learn/20-BucketJoinDemo/BucketJoinDemo.py:31
25/01/01 12:29:10 INFO DAGScheduler: Got job 2 (collect at /home/bidut/Desktop/dev/pyspark_learn/Course01Learn/20-BucketJoinDemo/BucketJoinDemo.py:31) with 3 output partitions
25/01/01 12:29:10 INFO DAGScheduler: Final stage: ResultStage 2 (collect at /home/bidut/Desktop/dev/pyspark_learn/Course01Learn/20-BucketJoinDemo/BucketJoinDemo.py:31)
25/01/01 12:29:10 INFO DAGScheduler: Parents of final stage: List()
25/01/01 12:29:10 INFO DAGScheduler: Missing parents: List()
25/01/01 12:29:10 INFO DAGScheduler: Submitting ResultStage 2 (MapPartitionsRDD[11] at collect at /home/bidut/Desktop/dev/pyspark_learn/Course01Learn/20-BucketJoinDemo/BucketJoinDemo.py:31), which has no missing parents
25/01/01 12:29:10 INFO MemoryStore: Block broadcast_5 stored as values in memory (estimated size 17.5 KiB, free 433.7 MiB)
25/01/01 12:29:10 INFO MemoryStore: Block broadcast_5_piece0 stored as bytes in memory (estimated size 7.8 KiB, free 433.6 MiB)
25/01/01 12:29:10 INFO BlockManagerInfo: Added broadcast_5_piece0 in memory on 192.168.29.182:43919 (size: 7.8 KiB, free: 434.3 MiB)
25/01/01 12:29:10 INFO SparkContext: Created broadcast 5 from broadcast at DAGScheduler.scala:1585
25/01/01 12:29:10 INFO DAGScheduler: Submitting 3 missing tasks from ResultStage 2 (MapPartitionsRDD[11] at collect at /home/bidut/Desktop/dev/pyspark_learn/Course01Learn/20-BucketJoinDemo/BucketJoinDemo.py:31) (first 15 tasks are for partitions Vector(0, 1, 2))
25/01/01 12:29:10 INFO TaskSchedulerImpl: Adding task set 2.0 with 3 tasks resource profile 0
25/01/01 12:29:10 INFO TaskSetManager: Starting task 0.0 in stage 2.0 (TID 6) (192.168.29.182, executor driver, partition 0, PROCESS_LOCAL, 9704 bytes) 
25/01/01 12:29:10 INFO TaskSetManager: Starting task 1.0 in stage 2.0 (TID 7) (192.168.29.182, executor driver, partition 1, PROCESS_LOCAL, 9704 bytes) 
25/01/01 12:29:10 INFO TaskSetManager: Starting task 2.0 in stage 2.0 (TID 8) (192.168.29.182, executor driver, partition 2, PROCESS_LOCAL, 9704 bytes) 
25/01/01 12:29:10 INFO Executor: Running task 1.0 in stage 2.0 (TID 7)
25/01/01 12:29:10 INFO Executor: Running task 0.0 in stage 2.0 (TID 6)
25/01/01 12:29:10 INFO Executor: Running task 2.0 in stage 2.0 (TID 8)
25/01/01 12:29:10 INFO CodeGenerator: Code generated in 15.536746 ms
25/01/01 12:29:10 INFO FileScanRDD: Reading File path: file:///home/bidut/Desktop/dev/pyspark_learn/Course01Learn/20-BucketJoinDemo/data/d2/part-00001-ee8814fd-bbb7-4a16-912b-f74b04a6d4fa-c000.json, range: 0-24817208, partition values: [empty row]
25/01/01 12:29:10 INFO FileScanRDD: Reading File path: file:///home/bidut/Desktop/dev/pyspark_learn/Course01Learn/20-BucketJoinDemo/data/d2/part-00000-ee8814fd-bbb7-4a16-912b-f74b04a6d4fa-c000.json, range: 0-24318011, partition values: [empty row]
25/01/01 12:29:10 INFO FileScanRDD: Reading File path: file:///home/bidut/Desktop/dev/pyspark_learn/Course01Learn/20-BucketJoinDemo/data/d2/part-00002-ee8814fd-bbb7-4a16-912b-f74b04a6d4fa-c000.json, range: 0-17923969, partition values: [empty row]
25/01/01 12:29:10 INFO CodeGenerator: Code generated in 14.318849 ms
25/01/01 12:29:10 INFO CodeGenerator: Code generated in 9.076845 ms
25/01/01 12:29:10 INFO BlockManagerInfo: Removed broadcast_2_piece0 on 192.168.29.182:43919 in memory (size: 34.2 KiB, free: 434.3 MiB)
25/01/01 12:29:10 INFO BlockManagerInfo: Removed broadcast_3_piece0 on 192.168.29.182:43919 in memory (size: 7.7 KiB, free: 434.3 MiB)
25/01/01 12:29:11 INFO MemoryStore: Block taskresult_8 stored as bytes in memory (estimated size 3.7 MiB, free 430.2 MiB)
25/01/01 12:29:11 INFO BlockManagerInfo: Added taskresult_8 in memory on 192.168.29.182:43919 (size: 3.7 MiB, free: 430.7 MiB)
25/01/01 12:29:11 INFO Executor: Finished task 2.0 in stage 2.0 (TID 8). 3842605 bytes result sent via BlockManager)
25/01/01 12:29:12 INFO TransportClientFactory: Successfully created connection to /192.168.29.182:43919 after 30 ms (0 ms spent in bootstraps)
25/01/01 12:29:12 INFO TaskSetManager: Finished task 2.0 in stage 2.0 (TID 8) in 1624 ms on 192.168.29.182 (executor driver) (1/3)
25/01/01 12:29:12 INFO BlockManagerInfo: Removed taskresult_8 on 192.168.29.182:43919 in memory (size: 3.7 MiB, free: 434.3 MiB)
25/01/01 12:29:12 INFO MemoryStore: Block taskresult_7 stored as bytes in memory (estimated size 5.1 MiB, free 428.8 MiB)
25/01/01 12:29:12 INFO BlockManagerInfo: Removed broadcast_1_piece0 on 192.168.29.182:43919 in memory (size: 7.7 KiB, free: 434.3 MiB)
25/01/01 12:29:12 INFO BlockManagerInfo: Added taskresult_7 in memory on 192.168.29.182:43919 (size: 5.1 MiB, free: 429.2 MiB)
25/01/01 12:29:12 INFO Executor: Finished task 1.0 in stage 2.0 (TID 7). 5369361 bytes result sent via BlockManager)
25/01/01 12:29:12 INFO BlockManagerInfo: Removed broadcast_0_piece0 on 192.168.29.182:43919 in memory (size: 34.2 KiB, free: 429.2 MiB)
25/01/01 12:29:12 INFO MemoryStore: Block taskresult_6 stored as bytes in memory (estimated size 5.1 MiB, free 423.9 MiB)
25/01/01 12:29:12 INFO BlockManagerInfo: Added taskresult_6 in memory on 192.168.29.182:43919 (size: 5.1 MiB, free: 424.2 MiB)
25/01/01 12:29:12 INFO Executor: Finished task 0.0 in stage 2.0 (TID 6). 5323463 bytes result sent via BlockManager)
25/01/01 12:29:12 INFO TaskSetManager: Finished task 1.0 in stage 2.0 (TID 7) in 1714 ms on 192.168.29.182 (executor driver) (2/3)
25/01/01 12:29:12 INFO BlockManagerInfo: Removed taskresult_7 on 192.168.29.182:43919 in memory (size: 5.1 MiB, free: 429.3 MiB)
25/01/01 12:29:12 INFO TaskSetManager: Finished task 0.0 in stage 2.0 (TID 6) in 1746 ms on 192.168.29.182 (executor driver) (3/3)
25/01/01 12:29:12 INFO TaskSchedulerImpl: Removed TaskSet 2.0, whose tasks have all completed, from pool 
25/01/01 12:29:12 INFO DAGScheduler: ResultStage 2 (collect at /home/bidut/Desktop/dev/pyspark_learn/Course01Learn/20-BucketJoinDemo/BucketJoinDemo.py:31) finished in 1.759 s
25/01/01 12:29:12 INFO BlockManagerInfo: Removed taskresult_6 on 192.168.29.182:43919 in memory (size: 5.1 MiB, free: 434.4 MiB)
25/01/01 12:29:12 INFO DAGScheduler: Job 2 is finished. Cancelling potential speculative or zombie tasks for this job
25/01/01 12:29:12 INFO TaskSchedulerImpl: Killing all running tasks in stage 2: Stage finished
25/01/01 12:29:12 INFO DAGScheduler: Job 2 finished: collect at /home/bidut/Desktop/dev/pyspark_learn/Course01Learn/20-BucketJoinDemo/BucketJoinDemo.py:31, took 1.766875 s
25/01/01 12:29:12 INFO CodeGenerator: Code generated in 6.622948 ms
25/01/01 12:29:12 INFO BlockManagerInfo: Removed broadcast_5_piece0 on 192.168.29.182:43919 in memory (size: 7.8 KiB, free: 434.4 MiB)
25/01/01 12:29:12 INFO MemoryStore: Block broadcast_6 stored as values in memory (estimated size 80.0 MiB, free 354.2 MiB)
25/01/01 12:29:12 INFO MemoryStore: Block broadcast_6_piece0 stored as bytes in memory (estimated size 4.0 MiB, free 350.2 MiB)
25/01/01 12:29:12 INFO BlockManagerInfo: Added broadcast_6_piece0 in memory on 192.168.29.182:43919 (size: 4.0 MiB, free: 430.4 MiB)
25/01/01 12:29:12 INFO MemoryStore: Block broadcast_6_piece1 stored as bytes in memory (estimated size 4.0 MiB, free 346.2 MiB)
25/01/01 12:29:12 INFO BlockManagerInfo: Added broadcast_6_piece1 in memory on 192.168.29.182:43919 (size: 4.0 MiB, free: 426.4 MiB)
25/01/01 12:29:12 INFO MemoryStore: Block broadcast_6_piece2 stored as bytes in memory (estimated size 4.0 MiB, free 342.2 MiB)
25/01/01 12:29:12 INFO BlockManagerInfo: Added broadcast_6_piece2 in memory on 192.168.29.182:43919 (size: 4.0 MiB, free: 422.4 MiB)
25/01/01 12:29:12 INFO MemoryStore: Block broadcast_6_piece3 stored as bytes in memory (estimated size 4.0 MiB, free 338.2 MiB)
25/01/01 12:29:12 INFO BlockManagerInfo: Added broadcast_6_piece3 in memory on 192.168.29.182:43919 (size: 4.0 MiB, free: 418.4 MiB)
25/01/01 12:29:12 INFO MemoryStore: Block broadcast_6_piece4 stored as bytes in memory (estimated size 3.1 MiB, free 335.1 MiB)
25/01/01 12:29:12 INFO BlockManagerInfo: Added broadcast_6_piece4 in memory on 192.168.29.182:43919 (size: 3.1 MiB, free: 415.3 MiB)
25/01/01 12:29:12 INFO SparkContext: Created broadcast 6 from collect at /home/bidut/Desktop/dev/pyspark_learn/Course01Learn/20-BucketJoinDemo/BucketJoinDemo.py:31
25/01/01 12:29:12 INFO FileSourceStrategy: Pushed Filters: IsNotNull(id)
25/01/01 12:29:12 INFO FileSourceStrategy: Post-Scan Filters: isnotnull(id#15L)
25/01/01 12:29:12 INFO CodeGenerator: Code generated in 23.137858 ms
25/01/01 12:29:12 INFO MemoryStore: Block broadcast_7 stored as values in memory (estimated size 199.2 KiB, free 334.9 MiB)
25/01/01 12:29:12 INFO MemoryStore: Block broadcast_7_piece0 stored as bytes in memory (estimated size 34.1 KiB, free 334.9 MiB)
25/01/01 12:29:12 INFO BlockManagerInfo: Added broadcast_7_piece0 in memory on 192.168.29.182:43919 (size: 34.1 KiB, free: 415.3 MiB)
25/01/01 12:29:12 INFO SparkContext: Created broadcast 7 from collect at /home/bidut/Desktop/dev/pyspark_learn/Course01Learn/20-BucketJoinDemo/BucketJoinDemo.py:31
25/01/01 12:29:12 INFO FileSourceScanExec: Planning scan with bin packing, max size: 31960205 bytes, open cost is considered as scanning 4194304 bytes.
25/01/01 12:29:12 INFO SparkContext: Starting job: collect at /home/bidut/Desktop/dev/pyspark_learn/Course01Learn/20-BucketJoinDemo/BucketJoinDemo.py:31
25/01/01 12:29:12 INFO DAGScheduler: Got job 3 (collect at /home/bidut/Desktop/dev/pyspark_learn/Course01Learn/20-BucketJoinDemo/BucketJoinDemo.py:31) with 3 output partitions
25/01/01 12:29:12 INFO DAGScheduler: Final stage: ResultStage 3 (collect at /home/bidut/Desktop/dev/pyspark_learn/Course01Learn/20-BucketJoinDemo/BucketJoinDemo.py:31)
25/01/01 12:29:12 INFO DAGScheduler: Parents of final stage: List()
25/01/01 12:29:12 INFO DAGScheduler: Missing parents: List()
25/01/01 12:29:12 INFO DAGScheduler: Submitting ResultStage 3 (MapPartitionsRDD[15] at collect at /home/bidut/Desktop/dev/pyspark_learn/Course01Learn/20-BucketJoinDemo/BucketJoinDemo.py:31), which has no missing parents
25/01/01 12:29:12 INFO MemoryStore: Block broadcast_8 stored as values in memory (estimated size 20.5 KiB, free 334.8 MiB)
25/01/01 12:29:12 INFO MemoryStore: Block broadcast_8_piece0 stored as bytes in memory (estimated size 8.8 KiB, free 334.8 MiB)
25/01/01 12:29:12 INFO BlockManagerInfo: Added broadcast_8_piece0 in memory on 192.168.29.182:43919 (size: 8.8 KiB, free: 415.2 MiB)
25/01/01 12:29:12 INFO SparkContext: Created broadcast 8 from broadcast at DAGScheduler.scala:1585
25/01/01 12:29:12 INFO DAGScheduler: Submitting 3 missing tasks from ResultStage 3 (MapPartitionsRDD[15] at collect at /home/bidut/Desktop/dev/pyspark_learn/Course01Learn/20-BucketJoinDemo/BucketJoinDemo.py:31) (first 15 tasks are for partitions Vector(0, 1, 2))
25/01/01 12:29:12 INFO TaskSchedulerImpl: Adding task set 3.0 with 3 tasks resource profile 0
25/01/01 12:29:12 INFO TaskSetManager: Starting task 0.0 in stage 3.0 (TID 9) (192.168.29.182, executor driver, partition 0, PROCESS_LOCAL, 9704 bytes) 
25/01/01 12:29:12 INFO TaskSetManager: Starting task 1.0 in stage 3.0 (TID 10) (192.168.29.182, executor driver, partition 1, PROCESS_LOCAL, 9704 bytes) 
25/01/01 12:29:12 INFO TaskSetManager: Starting task 2.0 in stage 3.0 (TID 11) (192.168.29.182, executor driver, partition 2, PROCESS_LOCAL, 9704 bytes) 
25/01/01 12:29:12 INFO Executor: Running task 2.0 in stage 3.0 (TID 11)
25/01/01 12:29:12 INFO Executor: Running task 1.0 in stage 3.0 (TID 10)
25/01/01 12:29:12 INFO Executor: Running task 0.0 in stage 3.0 (TID 9)
25/01/01 12:29:12 INFO CodeGenerator: Code generated in 26.99964 ms
25/01/01 12:29:12 INFO FileScanRDD: Reading File path: file:///home/bidut/Desktop/dev/pyspark_learn/Course01Learn/20-BucketJoinDemo/data/d1/part-00000-00af64b6-7ef5-4909-8f82-b8897114efaf-c000.json, range: 0-29932367, partition values: [empty row]
25/01/01 12:29:12 INFO FileScanRDD: Reading File path: file:///home/bidut/Desktop/dev/pyspark_learn/Course01Learn/20-BucketJoinDemo/data/d1/part-00002-00af64b6-7ef5-4909-8f82-b8897114efaf-c000.json, range: 0-22695020, partition values: [empty row]
25/01/01 12:29:12 INFO FileScanRDD: Reading File path: file:///home/bidut/Desktop/dev/pyspark_learn/Course01Learn/20-BucketJoinDemo/data/d1/part-00001-00af64b6-7ef5-4909-8f82-b8897114efaf-c000.json, range: 0-30670316, partition values: [empty row]
25/01/01 12:29:12 INFO CodeGenerator: Code generated in 11.210929 ms
25/01/01 12:29:12 INFO CodeGenerator: Code generated in 4.305799 ms
25/01/01 12:29:14 INFO MemoryStore: Block taskresult_11 stored as bytes in memory (estimated size 6.5 MiB, free 328.3 MiB)
25/01/01 12:29:14 INFO BlockManagerInfo: Added taskresult_11 in memory on 192.168.29.182:43919 (size: 6.5 MiB, free: 408.7 MiB)
25/01/01 12:29:14 INFO Executor: Finished task 2.0 in stage 3.0 (TID 11). 6855605 bytes result sent via BlockManager)
25/01/01 12:29:14 INFO TaskSetManager: Finished task 2.0 in stage 3.0 (TID 11) in 1252 ms on 192.168.29.182 (executor driver) (1/3)
25/01/01 12:29:14 INFO BlockManagerInfo: Removed taskresult_11 on 192.168.29.182:43919 in memory (size: 6.5 MiB, free: 415.2 MiB)
25/01/01 12:29:14 INFO MemoryStore: Block taskresult_10 stored as bytes in memory (estimated size 9.0 MiB, free 325.9 MiB)
25/01/01 12:29:14 INFO BlockManagerInfo: Added taskresult_10 in memory on 192.168.29.182:43919 (size: 9.0 MiB, free: 406.3 MiB)
25/01/01 12:29:14 INFO Executor: Finished task 1.0 in stage 3.0 (TID 10). 9417497 bytes result sent via BlockManager)
25/01/01 12:29:14 INFO TaskSetManager: Finished task 1.0 in stage 3.0 (TID 10) in 1514 ms on 192.168.29.182 (executor driver) (2/3)
25/01/01 12:29:14 INFO BlockManagerInfo: Removed taskresult_10 on 192.168.29.182:43919 in memory (size: 9.0 MiB, free: 415.2 MiB)
25/01/01 12:29:14 INFO MemoryStore: Block taskresult_9 stored as bytes in memory (estimated size 9.0 MiB, free 325.9 MiB)
25/01/01 12:29:14 INFO BlockManagerInfo: Added taskresult_9 in memory on 192.168.29.182:43919 (size: 9.0 MiB, free: 406.3 MiB)
25/01/01 12:29:14 INFO Executor: Finished task 0.0 in stage 3.0 (TID 9). 9388259 bytes result sent via BlockManager)
25/01/01 12:29:14 INFO TaskSetManager: Finished task 0.0 in stage 3.0 (TID 9) in 1563 ms on 192.168.29.182 (executor driver) (3/3)
25/01/01 12:29:14 INFO TaskSchedulerImpl: Removed TaskSet 3.0, whose tasks have all completed, from pool 
25/01/01 12:29:14 INFO BlockManagerInfo: Removed taskresult_9 on 192.168.29.182:43919 in memory (size: 9.0 MiB, free: 415.2 MiB)
25/01/01 12:29:14 INFO DAGScheduler: ResultStage 3 (collect at /home/bidut/Desktop/dev/pyspark_learn/Course01Learn/20-BucketJoinDemo/BucketJoinDemo.py:31) finished in 1.581 s
25/01/01 12:29:14 INFO DAGScheduler: Job 3 is finished. Cancelling potential speculative or zombie tasks for this job
25/01/01 12:29:14 INFO TaskSchedulerImpl: Killing all running tasks in stage 3: Stage finished
25/01/01 12:29:14 INFO DAGScheduler: Job 3 finished: collect at /home/bidut/Desktop/dev/pyspark_learn/Course01Learn/20-BucketJoinDemo/BucketJoinDemo.py:31, took 1.588791 s
25/01/01 12:29:14 INFO BlockManagerInfo: Removed broadcast_8_piece0 on 192.168.29.182:43919 in memory (size: 8.8 KiB, free: 415.3 MiB)
25/01/01 12:36:05 INFO SparkContext: Invoking stop() from shutdown hook
25/01/01 12:36:05 INFO SparkContext: SparkContext is stopping with exitCode 0.
25/01/01 12:36:05 INFO AbstractConnector: Stopped Spark@2157d95e{HTTP/1.1, (http/1.1)}{0.0.0.0:4041}
25/01/01 12:36:05 INFO SparkUI: Stopped Spark web UI at http://192.168.29.182:4041
25/01/01 12:36:05 INFO MapOutputTrackerMasterEndpoint: MapOutputTrackerMasterEndpoint stopped!
25/01/01 12:36:05 INFO MemoryStore: MemoryStore cleared
25/01/01 12:36:05 INFO BlockManager: BlockManager stopped
25/01/01 12:36:05 INFO BlockManagerMaster: BlockManagerMaster stopped
25/01/01 12:36:05 INFO OutputCommitCoordinator$OutputCommitCoordinatorEndpoint: OutputCommitCoordinator stopped!
25/01/01 12:36:05 INFO SparkContext: Successfully stopped SparkContext
25/01/01 12:36:05 INFO ShutdownHookManager: Shutdown hook called
25/01/01 12:36:05 INFO ShutdownHookManager: Deleting directory /tmp/spark-328d5580-337a-4a97-8674-80459d25dc33
25/01/01 12:36:05 INFO ShutdownHookManager: Deleting directory /tmp/spark-328d5580-337a-4a97-8674-80459d25dc33/pyspark-0702cada-9e7f-4a94-a765-a44b687255f6
25/01/01 12:36:05 INFO ShutdownHookManager: Deleting directory /tmp/spark-0d74e7ff-5853-42b6-b68e-1e17daec429c
25/01/01 12:51:25 WARN Utils: Your hostname, bidut-HP-Laptop-14s-fq1xxx resolves to a loopback address: 127.0.1.1; using 192.168.29.182 instead (on interface wlo1)
25/01/01 12:51:25 WARN Utils: Set SPARK_LOCAL_IP if you need to bind to another address
25/01/01 12:51:25 INFO SparkContext: Running Spark version 3.5.4
25/01/01 12:51:25 INFO SparkContext: OS info Linux, 5.15.0-126-generic, amd64
25/01/01 12:51:25 INFO SparkContext: Java version 11.0.25
25/01/01 12:51:25 WARN NativeCodeLoader: Unable to load native-hadoop library for your platform... using builtin-java classes where applicable
25/01/01 12:51:25 INFO ResourceUtils: ==============================================================
25/01/01 12:51:25 INFO ResourceUtils: No custom resources configured for spark.driver.
25/01/01 12:51:25 INFO ResourceUtils: ==============================================================
25/01/01 12:51:25 INFO SparkContext: Submitted application: Bucket Join
25/01/01 12:51:25 INFO ResourceProfile: Default ResourceProfile created, executor resources: Map(cores -> name: cores, amount: 1, script: , vendor: , memory -> name: memory, amount: 1024, script: , vendor: , offHeap -> name: offHeap, amount: 0, script: , vendor: ), task resources: Map(cpus -> name: cpus, amount: 1.0)
25/01/01 12:51:25 INFO ResourceProfile: Limiting resource is cpu
25/01/01 12:51:25 INFO ResourceProfileManager: Added ResourceProfile id: 0
25/01/01 12:51:25 INFO SecurityManager: Changing view acls to: bidut
25/01/01 12:51:25 INFO SecurityManager: Changing modify acls to: bidut
25/01/01 12:51:25 INFO SecurityManager: Changing view acls groups to: 
25/01/01 12:51:25 INFO SecurityManager: Changing modify acls groups to: 
25/01/01 12:51:26 INFO SecurityManager: SecurityManager: authentication disabled; ui acls disabled; users with view permissions: bidut; groups with view permissions: EMPTY; users with modify permissions: bidut; groups with modify permissions: EMPTY
25/01/01 12:51:26 INFO Utils: Successfully started service 'sparkDriver' on port 39479.
25/01/01 12:51:26 INFO SparkEnv: Registering MapOutputTracker
25/01/01 12:51:26 INFO SparkEnv: Registering BlockManagerMaster
25/01/01 12:51:26 INFO BlockManagerMasterEndpoint: Using org.apache.spark.storage.DefaultTopologyMapper for getting topology information
25/01/01 12:51:26 INFO BlockManagerMasterEndpoint: BlockManagerMasterEndpoint up
25/01/01 12:51:26 INFO SparkEnv: Registering BlockManagerMasterHeartbeat
25/01/01 12:51:26 INFO DiskBlockManager: Created local directory at /tmp/blockmgr-f525ae49-6d15-498c-bf7e-4ed50e841d1f
25/01/01 12:51:26 INFO MemoryStore: MemoryStore started with capacity 434.4 MiB
25/01/01 12:51:26 INFO SparkEnv: Registering OutputCommitCoordinator
25/01/01 12:51:26 INFO log: Logging initialized @2421ms to org.sparkproject.jetty.util.log.Slf4jLog
25/01/01 12:51:26 INFO JettyUtils: Start Jetty 0.0.0.0:4040 for SparkUI
25/01/01 12:51:26 INFO Server: jetty-9.4.56.v20240826; built: 2024-08-26T17:15:05.868Z; git: ec6782ff5ead824dabdcf47fa98f90a4aedff401; jvm 11.0.25+9-post-Ubuntu-1ubuntu120.04
25/01/01 12:51:26 INFO Server: Started @2549ms
25/01/01 12:51:26 WARN Utils: Service 'SparkUI' could not bind on port 4040. Attempting port 4041.
25/01/01 12:51:26 INFO AbstractConnector: Started ServerConnector@3ec2c48{HTTP/1.1, (http/1.1)}{0.0.0.0:4041}
25/01/01 12:51:26 INFO Utils: Successfully started service 'SparkUI' on port 4041.
25/01/01 12:51:26 INFO ContextHandler: Started o.s.j.s.ServletContextHandler@60c47b9c{/,null,AVAILABLE,@Spark}
25/01/01 12:51:26 INFO Executor: Starting executor ID driver on host 192.168.29.182
25/01/01 12:51:26 INFO Executor: OS info Linux, 5.15.0-126-generic, amd64
25/01/01 12:51:26 INFO Executor: Java version 11.0.25
25/01/01 12:51:26 INFO Executor: Starting executor with user classpath (userClassPathFirst = false): ''
25/01/01 12:51:26 INFO Executor: Created or updated repl class loader org.apache.spark.util.MutableURLClassLoader@4fdc97b5 for default.
25/01/01 12:51:26 INFO Utils: Successfully started service 'org.apache.spark.network.netty.NettyBlockTransferService' on port 44689.
25/01/01 12:51:26 INFO NettyBlockTransferService: Server created on 192.168.29.182:44689
25/01/01 12:51:26 INFO BlockManager: Using org.apache.spark.storage.RandomBlockReplicationPolicy for block replication policy
25/01/01 12:51:26 INFO BlockManagerMaster: Registering BlockManager BlockManagerId(driver, 192.168.29.182, 44689, None)
25/01/01 12:51:26 INFO BlockManagerMasterEndpoint: Registering block manager 192.168.29.182:44689 with 434.4 MiB RAM, BlockManagerId(driver, 192.168.29.182, 44689, None)
25/01/01 12:51:26 INFO BlockManagerMaster: Registered BlockManager BlockManagerId(driver, 192.168.29.182, 44689, None)
25/01/01 12:51:26 INFO BlockManager: Initialized BlockManager: BlockManagerId(driver, 192.168.29.182, 44689, None)
25/01/01 12:51:26 INFO ContextHandler: Stopped o.s.j.s.ServletContextHandler@60c47b9c{/,null,STOPPED,@Spark}
25/01/01 12:51:26 INFO ContextHandler: Started o.s.j.s.ServletContextHandler@3bc0b0b1{/jobs,null,AVAILABLE,@Spark}
25/01/01 12:51:26 INFO ContextHandler: Started o.s.j.s.ServletContextHandler@4a99e51b{/jobs/json,null,AVAILABLE,@Spark}
25/01/01 12:51:26 INFO ContextHandler: Started o.s.j.s.ServletContextHandler@17825c8a{/jobs/job,null,AVAILABLE,@Spark}
25/01/01 12:51:26 INFO ContextHandler: Started o.s.j.s.ServletContextHandler@72a5cdd6{/jobs/job/json,null,AVAILABLE,@Spark}
25/01/01 12:51:26 INFO ContextHandler: Started o.s.j.s.ServletContextHandler@53431028{/stages,null,AVAILABLE,@Spark}
25/01/01 12:51:26 INFO ContextHandler: Started o.s.j.s.ServletContextHandler@58e8bc65{/stages/json,null,AVAILABLE,@Spark}
25/01/01 12:51:26 INFO ContextHandler: Started o.s.j.s.ServletContextHandler@20404bd9{/stages/stage,null,AVAILABLE,@Spark}
25/01/01 12:51:26 INFO ContextHandler: Started o.s.j.s.ServletContextHandler@9bac979{/stages/stage/json,null,AVAILABLE,@Spark}
25/01/01 12:51:26 INFO ContextHandler: Started o.s.j.s.ServletContextHandler@68eb8d8c{/stages/pool,null,AVAILABLE,@Spark}
25/01/01 12:51:26 INFO ContextHandler: Started o.s.j.s.ServletContextHandler@67cd3d8e{/stages/pool/json,null,AVAILABLE,@Spark}
25/01/01 12:51:26 INFO ContextHandler: Started o.s.j.s.ServletContextHandler@2117ab57{/storage,null,AVAILABLE,@Spark}
25/01/01 12:51:26 INFO ContextHandler: Started o.s.j.s.ServletContextHandler@92aed36{/storage/json,null,AVAILABLE,@Spark}
25/01/01 12:51:26 INFO ContextHandler: Started o.s.j.s.ServletContextHandler@26f05ec2{/storage/rdd,null,AVAILABLE,@Spark}
25/01/01 12:51:26 INFO ContextHandler: Started o.s.j.s.ServletContextHandler@53cb6171{/storage/rdd/json,null,AVAILABLE,@Spark}
25/01/01 12:51:26 INFO ContextHandler: Started o.s.j.s.ServletContextHandler@45c4276d{/environment,null,AVAILABLE,@Spark}
25/01/01 12:51:26 INFO ContextHandler: Started o.s.j.s.ServletContextHandler@7311c468{/environment/json,null,AVAILABLE,@Spark}
25/01/01 12:51:26 INFO ContextHandler: Started o.s.j.s.ServletContextHandler@45200d49{/executors,null,AVAILABLE,@Spark}
25/01/01 12:51:26 INFO ContextHandler: Started o.s.j.s.ServletContextHandler@c96da1b{/executors/json,null,AVAILABLE,@Spark}
25/01/01 12:51:26 INFO ContextHandler: Started o.s.j.s.ServletContextHandler@3514e283{/executors/threadDump,null,AVAILABLE,@Spark}
25/01/01 12:51:26 INFO ContextHandler: Started o.s.j.s.ServletContextHandler@351dfc8a{/executors/threadDump/json,null,AVAILABLE,@Spark}
25/01/01 12:51:26 INFO ContextHandler: Started o.s.j.s.ServletContextHandler@8a71719{/executors/heapHistogram,null,AVAILABLE,@Spark}
25/01/01 12:51:26 INFO ContextHandler: Started o.s.j.s.ServletContextHandler@50ac29c4{/executors/heapHistogram/json,null,AVAILABLE,@Spark}
25/01/01 12:51:26 INFO ContextHandler: Started o.s.j.s.ServletContextHandler@55f265c4{/static,null,AVAILABLE,@Spark}
25/01/01 12:51:26 INFO ContextHandler: Started o.s.j.s.ServletContextHandler@3af04d52{/,null,AVAILABLE,@Spark}
25/01/01 12:51:26 INFO ContextHandler: Started o.s.j.s.ServletContextHandler@721940c{/api,null,AVAILABLE,@Spark}
25/01/01 12:51:26 INFO ContextHandler: Started o.s.j.s.ServletContextHandler@64f2a82f{/jobs/job/kill,null,AVAILABLE,@Spark}
25/01/01 12:51:26 INFO ContextHandler: Started o.s.j.s.ServletContextHandler@1dedc7fe{/stages/stage/kill,null,AVAILABLE,@Spark}
25/01/01 12:51:26 INFO ContextHandler: Started o.s.j.s.ServletContextHandler@369102af{/metrics/json,null,AVAILABLE,@Spark}
25/01/01 12:51:27 INFO SharedState: Setting hive.metastore.warehouse.dir ('null') to the value of spark.sql.warehouse.dir.
25/01/01 12:51:27 INFO SharedState: Warehouse path is 'file:/home/bidut/Desktop/dev/pyspark_learn/Course01Learn/21-BucketJoinDemo/spark-warehouse'.
25/01/01 12:51:27 INFO ContextHandler: Started o.s.j.s.ServletContextHandler@21ed3703{/SQL,null,AVAILABLE,@Spark}
25/01/01 12:51:27 INFO ContextHandler: Started o.s.j.s.ServletContextHandler@5cd80324{/SQL/json,null,AVAILABLE,@Spark}
25/01/01 12:51:27 INFO ContextHandler: Started o.s.j.s.ServletContextHandler@4685ca0d{/SQL/execution,null,AVAILABLE,@Spark}
25/01/01 12:51:27 INFO ContextHandler: Started o.s.j.s.ServletContextHandler@57ddc221{/SQL/execution/json,null,AVAILABLE,@Spark}
25/01/01 12:51:27 INFO ContextHandler: Started o.s.j.s.ServletContextHandler@25502668{/static/sql,null,AVAILABLE,@Spark}
25/01/01 12:51:28 INFO InMemoryFileIndex: It took 65 ms to list leaf files for 1 paths.
25/01/01 12:51:28 INFO InMemoryFileIndex: It took 4 ms to list leaf files for 3 paths.
25/01/01 12:51:30 INFO FileSourceStrategy: Pushed Filters: 
25/01/01 12:51:30 INFO FileSourceStrategy: Post-Scan Filters: 
25/01/01 12:51:30 INFO MemoryStore: Block broadcast_0 stored as values in memory (estimated size 199.1 KiB, free 434.2 MiB)
25/01/01 12:51:30 INFO MemoryStore: Block broadcast_0_piece0 stored as bytes in memory (estimated size 34.2 KiB, free 434.2 MiB)
25/01/01 12:51:30 INFO BlockManagerInfo: Added broadcast_0_piece0 in memory on 192.168.29.182:44689 (size: 34.2 KiB, free: 434.4 MiB)
25/01/01 12:51:30 INFO SparkContext: Created broadcast 0 from json at NativeMethodAccessorImpl.java:0
25/01/01 12:51:30 INFO FileSourceScanExec: Planning scan with bin packing, max size: 31960205 bytes, open cost is considered as scanning 4194304 bytes.
25/01/01 12:51:30 INFO SparkContext: Starting job: json at NativeMethodAccessorImpl.java:0
25/01/01 12:51:30 INFO DAGScheduler: Got job 0 (json at NativeMethodAccessorImpl.java:0) with 3 output partitions
25/01/01 12:51:30 INFO DAGScheduler: Final stage: ResultStage 0 (json at NativeMethodAccessorImpl.java:0)
25/01/01 12:51:30 INFO DAGScheduler: Parents of final stage: List()
25/01/01 12:51:30 INFO DAGScheduler: Missing parents: List()
25/01/01 12:51:30 INFO DAGScheduler: Submitting ResultStage 0 (MapPartitionsRDD[3] at json at NativeMethodAccessorImpl.java:0), which has no missing parents
25/01/01 12:51:30 INFO MemoryStore: Block broadcast_1 stored as values in memory (estimated size 15.6 KiB, free 434.2 MiB)
25/01/01 12:51:30 INFO MemoryStore: Block broadcast_1_piece0 stored as bytes in memory (estimated size 7.7 KiB, free 434.1 MiB)
25/01/01 12:51:30 INFO BlockManagerInfo: Added broadcast_1_piece0 in memory on 192.168.29.182:44689 (size: 7.7 KiB, free: 434.4 MiB)
25/01/01 12:51:30 INFO SparkContext: Created broadcast 1 from broadcast at DAGScheduler.scala:1585
25/01/01 12:51:30 INFO DAGScheduler: Submitting 3 missing tasks from ResultStage 0 (MapPartitionsRDD[3] at json at NativeMethodAccessorImpl.java:0) (first 15 tasks are for partitions Vector(0, 1, 2))
25/01/01 12:51:30 INFO TaskSchedulerImpl: Adding task set 0.0 with 3 tasks resource profile 0
25/01/01 12:51:31 INFO TaskSetManager: Starting task 0.0 in stage 0.0 (TID 0) (192.168.29.182, executor driver, partition 0, PROCESS_LOCAL, 9704 bytes) 
25/01/01 12:51:31 INFO TaskSetManager: Starting task 1.0 in stage 0.0 (TID 1) (192.168.29.182, executor driver, partition 1, PROCESS_LOCAL, 9704 bytes) 
25/01/01 12:51:31 INFO TaskSetManager: Starting task 2.0 in stage 0.0 (TID 2) (192.168.29.182, executor driver, partition 2, PROCESS_LOCAL, 9704 bytes) 
25/01/01 12:51:31 INFO Executor: Running task 1.0 in stage 0.0 (TID 1)
25/01/01 12:51:31 INFO Executor: Running task 0.0 in stage 0.0 (TID 0)
25/01/01 12:51:31 INFO Executor: Running task 2.0 in stage 0.0 (TID 2)
25/01/01 12:51:31 INFO FileScanRDD: Reading File path: file:///home/bidut/Desktop/dev/pyspark_learn/Course01Learn/21-BucketJoinDemo/data/d1/part-00001-00af64b6-7ef5-4909-8f82-b8897114efaf-c000.json, range: 0-30670316, partition values: [empty row]
25/01/01 12:51:31 INFO FileScanRDD: Reading File path: file:///home/bidut/Desktop/dev/pyspark_learn/Course01Learn/21-BucketJoinDemo/data/d1/part-00002-00af64b6-7ef5-4909-8f82-b8897114efaf-c000.json, range: 0-22695020, partition values: [empty row]
25/01/01 12:51:31 INFO FileScanRDD: Reading File path: file:///home/bidut/Desktop/dev/pyspark_learn/Course01Learn/21-BucketJoinDemo/data/d1/part-00000-00af64b6-7ef5-4909-8f82-b8897114efaf-c000.json, range: 0-29932367, partition values: [empty row]
25/01/01 12:51:31 INFO CodeGenerator: Code generated in 174.618059 ms
25/01/01 12:51:32 INFO Executor: Finished task 2.0 in stage 0.0 (TID 2). 2256 bytes result sent to driver
25/01/01 12:51:32 INFO TaskSetManager: Finished task 2.0 in stage 0.0 (TID 2) in 1368 ms on 192.168.29.182 (executor driver) (1/3)
25/01/01 12:51:32 INFO Executor: Finished task 1.0 in stage 0.0 (TID 1). 2213 bytes result sent to driver
25/01/01 12:51:32 INFO TaskSetManager: Finished task 1.0 in stage 0.0 (TID 1) in 1470 ms on 192.168.29.182 (executor driver) (2/3)
25/01/01 12:51:32 INFO Executor: Finished task 0.0 in stage 0.0 (TID 0). 2213 bytes result sent to driver
25/01/01 12:51:32 INFO TaskSetManager: Finished task 0.0 in stage 0.0 (TID 0) in 1522 ms on 192.168.29.182 (executor driver) (3/3)
25/01/01 12:51:32 INFO TaskSchedulerImpl: Removed TaskSet 0.0, whose tasks have all completed, from pool 
25/01/01 12:51:32 INFO DAGScheduler: ResultStage 0 (json at NativeMethodAccessorImpl.java:0) finished in 1.662 s
25/01/01 12:51:32 INFO DAGScheduler: Job 0 is finished. Cancelling potential speculative or zombie tasks for this job
25/01/01 12:51:32 INFO TaskSchedulerImpl: Killing all running tasks in stage 0: Stage finished
25/01/01 12:51:32 INFO DAGScheduler: Job 0 finished: json at NativeMethodAccessorImpl.java:0, took 1.717811 s
25/01/01 12:51:32 INFO InMemoryFileIndex: It took 2 ms to list leaf files for 1 paths.
25/01/01 12:51:32 INFO InMemoryFileIndex: It took 2 ms to list leaf files for 3 paths.
25/01/01 12:51:32 INFO FileSourceStrategy: Pushed Filters: 
25/01/01 12:51:32 INFO FileSourceStrategy: Post-Scan Filters: 
25/01/01 12:51:32 INFO MemoryStore: Block broadcast_2 stored as values in memory (estimated size 199.1 KiB, free 434.0 MiB)
25/01/01 12:51:32 INFO MemoryStore: Block broadcast_2_piece0 stored as bytes in memory (estimated size 34.2 KiB, free 433.9 MiB)
25/01/01 12:51:32 INFO BlockManagerInfo: Added broadcast_2_piece0 in memory on 192.168.29.182:44689 (size: 34.2 KiB, free: 434.3 MiB)
25/01/01 12:51:32 INFO SparkContext: Created broadcast 2 from json at NativeMethodAccessorImpl.java:0
25/01/01 12:51:32 INFO FileSourceScanExec: Planning scan with bin packing, max size: 26547366 bytes, open cost is considered as scanning 4194304 bytes.
25/01/01 12:51:32 INFO SparkContext: Starting job: json at NativeMethodAccessorImpl.java:0
25/01/01 12:51:32 INFO DAGScheduler: Got job 1 (json at NativeMethodAccessorImpl.java:0) with 3 output partitions
25/01/01 12:51:32 INFO DAGScheduler: Final stage: ResultStage 1 (json at NativeMethodAccessorImpl.java:0)
25/01/01 12:51:32 INFO DAGScheduler: Parents of final stage: List()
25/01/01 12:51:32 INFO DAGScheduler: Missing parents: List()
25/01/01 12:51:32 INFO DAGScheduler: Submitting ResultStage 1 (MapPartitionsRDD[7] at json at NativeMethodAccessorImpl.java:0), which has no missing parents
25/01/01 12:51:32 INFO MemoryStore: Block broadcast_3 stored as values in memory (estimated size 15.6 KiB, free 433.9 MiB)
25/01/01 12:51:32 INFO MemoryStore: Block broadcast_3_piece0 stored as bytes in memory (estimated size 7.7 KiB, free 433.9 MiB)
25/01/01 12:51:32 INFO BlockManagerInfo: Added broadcast_3_piece0 in memory on 192.168.29.182:44689 (size: 7.7 KiB, free: 434.3 MiB)
25/01/01 12:51:32 INFO SparkContext: Created broadcast 3 from broadcast at DAGScheduler.scala:1585
25/01/01 12:51:32 INFO DAGScheduler: Submitting 3 missing tasks from ResultStage 1 (MapPartitionsRDD[7] at json at NativeMethodAccessorImpl.java:0) (first 15 tasks are for partitions Vector(0, 1, 2))
25/01/01 12:51:32 INFO TaskSchedulerImpl: Adding task set 1.0 with 3 tasks resource profile 0
25/01/01 12:51:32 INFO TaskSetManager: Starting task 0.0 in stage 1.0 (TID 3) (192.168.29.182, executor driver, partition 0, PROCESS_LOCAL, 9704 bytes) 
25/01/01 12:51:32 INFO TaskSetManager: Starting task 1.0 in stage 1.0 (TID 4) (192.168.29.182, executor driver, partition 1, PROCESS_LOCAL, 9704 bytes) 
25/01/01 12:51:32 INFO TaskSetManager: Starting task 2.0 in stage 1.0 (TID 5) (192.168.29.182, executor driver, partition 2, PROCESS_LOCAL, 9704 bytes) 
25/01/01 12:51:32 INFO Executor: Running task 2.0 in stage 1.0 (TID 5)
25/01/01 12:51:32 INFO Executor: Running task 0.0 in stage 1.0 (TID 3)
25/01/01 12:51:32 INFO Executor: Running task 1.0 in stage 1.0 (TID 4)
25/01/01 12:51:32 INFO FileScanRDD: Reading File path: file:///home/bidut/Desktop/dev/pyspark_learn/Course01Learn/21-BucketJoinDemo/data/d2/part-00000-ee8814fd-bbb7-4a16-912b-f74b04a6d4fa-c000.json, range: 0-24318011, partition values: [empty row]
25/01/01 12:51:32 INFO FileScanRDD: Reading File path: file:///home/bidut/Desktop/dev/pyspark_learn/Course01Learn/21-BucketJoinDemo/data/d2/part-00002-ee8814fd-bbb7-4a16-912b-f74b04a6d4fa-c000.json, range: 0-17923969, partition values: [empty row]
25/01/01 12:51:32 INFO FileScanRDD: Reading File path: file:///home/bidut/Desktop/dev/pyspark_learn/Course01Learn/21-BucketJoinDemo/data/d2/part-00001-ee8814fd-bbb7-4a16-912b-f74b04a6d4fa-c000.json, range: 0-24817208, partition values: [empty row]
25/01/01 12:51:33 INFO Executor: Finished task 2.0 in stage 1.0 (TID 5). 2182 bytes result sent to driver
25/01/01 12:51:33 INFO TaskSetManager: Finished task 2.0 in stage 1.0 (TID 5) in 862 ms on 192.168.29.182 (executor driver) (1/3)
25/01/01 12:51:33 INFO Executor: Finished task 1.0 in stage 1.0 (TID 4). 2182 bytes result sent to driver
25/01/01 12:51:33 INFO TaskSetManager: Finished task 1.0 in stage 1.0 (TID 4) in 906 ms on 192.168.29.182 (executor driver) (2/3)
25/01/01 12:51:33 INFO Executor: Finished task 0.0 in stage 1.0 (TID 3). 2182 bytes result sent to driver
25/01/01 12:51:33 INFO TaskSetManager: Finished task 0.0 in stage 1.0 (TID 3) in 934 ms on 192.168.29.182 (executor driver) (3/3)
25/01/01 12:51:33 INFO TaskSchedulerImpl: Removed TaskSet 1.0, whose tasks have all completed, from pool 
25/01/01 12:51:33 INFO DAGScheduler: ResultStage 1 (json at NativeMethodAccessorImpl.java:0) finished in 0.948 s
25/01/01 12:51:33 INFO DAGScheduler: Job 1 is finished. Cancelling potential speculative or zombie tasks for this job
25/01/01 12:51:33 INFO TaskSchedulerImpl: Killing all running tasks in stage 1: Stage finished
25/01/01 12:51:33 INFO DAGScheduler: Job 1 finished: json at NativeMethodAccessorImpl.java:0, took 0.956293 s
25/01/01 12:51:33 INFO HiveConf: Found configuration file null
25/01/01 12:51:33 INFO HiveUtils: Initializing HiveMetastoreConnection version 2.3.9 using Spark classes.
25/01/01 12:51:34 INFO HiveClientImpl: Warehouse location for Hive client (version 2.3.9) is file:/home/bidut/Desktop/dev/pyspark_learn/Course01Learn/21-BucketJoinDemo/spark-warehouse
25/01/01 12:51:34 WARN HiveConf: HiveConf of name hive.stats.jdbc.timeout does not exist
25/01/01 12:51:34 WARN HiveConf: HiveConf of name hive.stats.retries.wait does not exist
25/01/01 12:51:34 INFO HiveMetaStore: 0: Opening raw store with implementation class:org.apache.hadoop.hive.metastore.ObjectStore
25/01/01 12:51:34 INFO ObjectStore: ObjectStore, initialize called
25/01/01 12:51:34 INFO Persistence: Property hive.metastore.integral.jdo.pushdown unknown - will be ignored
25/01/01 12:51:34 INFO Persistence: Property datanucleus.cache.level2 unknown - will be ignored
25/01/01 12:51:34 INFO BlockManagerInfo: Removed broadcast_3_piece0 on 192.168.29.182:44689 in memory (size: 7.7 KiB, free: 434.3 MiB)
25/01/01 12:51:34 INFO BlockManagerInfo: Removed broadcast_2_piece0 on 192.168.29.182:44689 in memory (size: 34.2 KiB, free: 434.4 MiB)
25/01/01 12:51:35 INFO ObjectStore: Setting MetaStore object pin classes with hive.metastore.cache.pinobjtypes="Table,StorageDescriptor,SerDeInfo,Partition,Database,Type,FieldSchema,Order"
25/01/01 12:51:37 INFO MetaStoreDirectSql: Using direct SQL, underlying DB is DERBY
25/01/01 12:51:37 INFO ObjectStore: Initialized ObjectStore
25/01/01 12:51:37 WARN ObjectStore: Version information not found in metastore. hive.metastore.schema.verification is not enabled so recording the schema version 2.3.0
25/01/01 12:51:37 WARN ObjectStore: setMetaStoreSchemaVersion called but recording version is disabled: version = 2.3.0, comment = Set by MetaStore bidut@127.0.1.1
25/01/01 12:51:37 WARN ObjectStore: Failed to get database default, returning NoSuchObjectException
25/01/01 12:51:37 INFO HiveMetaStore: Added admin role in metastore
25/01/01 12:51:37 INFO HiveMetaStore: Added public role in metastore
25/01/01 12:51:38 INFO HiveMetaStore: No user is added in admin role, since config is empty
25/01/01 12:51:38 INFO HiveMetaStore: 0: get_database: default
25/01/01 12:51:38 INFO audit: ugi=bidut	ip=unknown-ip-addr	cmd=get_database: default	
25/01/01 12:51:38 INFO HiveMetaStore: 0: get_database: my_db
25/01/01 12:51:38 INFO audit: ugi=bidut	ip=unknown-ip-addr	cmd=get_database: my_db	
25/01/01 12:51:38 WARN ObjectStore: Failed to get database my_db, returning NoSuchObjectException
25/01/01 12:51:38 INFO HiveMetaStore: 0: get_database: my_db
25/01/01 12:51:38 INFO audit: ugi=bidut	ip=unknown-ip-addr	cmd=get_database: my_db	
25/01/01 12:51:38 WARN ObjectStore: Failed to get database my_db, returning NoSuchObjectException
25/01/01 12:51:38 INFO HiveMetaStore: 0: get_database: global_temp
25/01/01 12:51:38 INFO audit: ugi=bidut	ip=unknown-ip-addr	cmd=get_database: global_temp	
25/01/01 12:51:38 WARN ObjectStore: Failed to get database global_temp, returning NoSuchObjectException
25/01/01 12:51:38 INFO HiveMetaStore: 0: create_database: Database(name:my_db, description:, locationUri:file:/home/bidut/Desktop/dev/pyspark_learn/Course01Learn/21-BucketJoinDemo/spark-warehouse/my_db.db, parameters:{}, ownerName:bidut)
25/01/01 12:51:38 INFO audit: ugi=bidut	ip=unknown-ip-addr	cmd=create_database: Database(name:my_db, description:, locationUri:file:/home/bidut/Desktop/dev/pyspark_learn/Course01Learn/21-BucketJoinDemo/spark-warehouse/my_db.db, parameters:{}, ownerName:bidut)	
25/01/01 12:51:38 WARN ObjectStore: Failed to get database my_db, returning NoSuchObjectException
25/01/01 12:51:38 INFO FileUtils: Creating directory if it doesn't exist: file:/home/bidut/Desktop/dev/pyspark_learn/Course01Learn/21-BucketJoinDemo/spark-warehouse/my_db.db
25/01/01 12:51:38 INFO HiveMetaStore: 0: get_database: my_db
25/01/01 12:51:38 INFO audit: ugi=bidut	ip=unknown-ip-addr	cmd=get_database: my_db	
25/01/01 12:51:38 INFO HiveMetaStore: 0: get_table : db=my_db tbl=flight_data1
25/01/01 12:51:38 INFO audit: ugi=bidut	ip=unknown-ip-addr	cmd=get_table : db=my_db tbl=flight_data1	
25/01/01 12:51:38 INFO HiveMetaStore: 0: get_table : db=my_db tbl=flight_data1
25/01/01 12:51:38 INFO audit: ugi=bidut	ip=unknown-ip-addr	cmd=get_table : db=my_db tbl=flight_data1	
25/01/01 12:51:38 INFO HiveMetaStore: 0: get_database: my_db
25/01/01 12:51:38 INFO audit: ugi=bidut	ip=unknown-ip-addr	cmd=get_database: my_db	
25/01/01 12:51:38 INFO HiveMetaStore: 0: get_database: my_db
25/01/01 12:51:38 INFO audit: ugi=bidut	ip=unknown-ip-addr	cmd=get_database: my_db	
25/01/01 12:51:38 INFO HiveMetaStore: 0: get_database: my_db
25/01/01 12:51:38 INFO audit: ugi=bidut	ip=unknown-ip-addr	cmd=get_database: my_db	
25/01/01 12:51:38 INFO HiveMetaStore: 0: get_database: my_db
25/01/01 12:51:38 INFO audit: ugi=bidut	ip=unknown-ip-addr	cmd=get_database: my_db	
25/01/01 12:51:38 INFO FileSourceStrategy: Pushed Filters: 
25/01/01 12:51:38 INFO FileSourceStrategy: Post-Scan Filters: 
25/01/01 12:51:38 INFO ParquetUtils: Using default output committer for Parquet: org.apache.parquet.hadoop.ParquetOutputCommitter
25/01/01 12:51:38 INFO FileOutputCommitter: File Output Committer Algorithm version is 1
25/01/01 12:51:38 INFO FileOutputCommitter: FileOutputCommitter skip cleanup _temporary folders under output directory:false, ignore cleanup failures: false
25/01/01 12:51:38 INFO SQLHadoopMapReduceCommitProtocol: Using user defined output committer class org.apache.parquet.hadoop.ParquetOutputCommitter
25/01/01 12:51:38 INFO FileOutputCommitter: File Output Committer Algorithm version is 1
25/01/01 12:51:38 INFO FileOutputCommitter: FileOutputCommitter skip cleanup _temporary folders under output directory:false, ignore cleanup failures: false
25/01/01 12:51:38 INFO SQLHadoopMapReduceCommitProtocol: Using output committer class org.apache.parquet.hadoop.ParquetOutputCommitter
25/01/01 12:51:38 INFO CodeGenerator: Code generated in 23.722889 ms
25/01/01 12:51:38 INFO MemoryStore: Block broadcast_4 stored as values in memory (estimated size 198.9 KiB, free 434.0 MiB)
25/01/01 12:51:38 INFO MemoryStore: Block broadcast_4_piece0 stored as bytes in memory (estimated size 34.1 KiB, free 433.9 MiB)
25/01/01 12:51:38 INFO BlockManagerInfo: Added broadcast_4_piece0 in memory on 192.168.29.182:44689 (size: 34.1 KiB, free: 434.3 MiB)
25/01/01 12:51:38 INFO SparkContext: Created broadcast 4 from saveAsTable at NativeMethodAccessorImpl.java:0
25/01/01 12:51:38 INFO FileSourceScanExec: Planning scan with bin packing, max size: 31960205 bytes, open cost is considered as scanning 4194304 bytes.
25/01/01 12:51:38 INFO SparkContext: Starting job: saveAsTable at NativeMethodAccessorImpl.java:0
25/01/01 12:51:38 INFO DAGScheduler: Got job 2 (saveAsTable at NativeMethodAccessorImpl.java:0) with 1 output partitions
25/01/01 12:51:38 INFO DAGScheduler: Final stage: ResultStage 2 (saveAsTable at NativeMethodAccessorImpl.java:0)
25/01/01 12:51:38 INFO DAGScheduler: Parents of final stage: List()
25/01/01 12:51:38 INFO DAGScheduler: Missing parents: List()
25/01/01 12:51:38 INFO DAGScheduler: Submitting ResultStage 2 (MapPartitionsRDD[12] at saveAsTable at NativeMethodAccessorImpl.java:0), which has no missing parents
25/01/01 12:51:38 INFO MemoryStore: Block broadcast_5 stored as values in memory (estimated size 228.5 KiB, free 433.7 MiB)
25/01/01 12:51:38 INFO MemoryStore: Block broadcast_5_piece0 stored as bytes in memory (estimated size 84.2 KiB, free 433.6 MiB)
25/01/01 12:51:38 INFO BlockManagerInfo: Added broadcast_5_piece0 in memory on 192.168.29.182:44689 (size: 84.2 KiB, free: 434.2 MiB)
25/01/01 12:51:38 INFO SparkContext: Created broadcast 5 from broadcast at DAGScheduler.scala:1585
25/01/01 12:51:38 INFO DAGScheduler: Submitting 1 missing tasks from ResultStage 2 (MapPartitionsRDD[12] at saveAsTable at NativeMethodAccessorImpl.java:0) (first 15 tasks are for partitions Vector(0))
25/01/01 12:51:38 INFO TaskSchedulerImpl: Adding task set 2.0 with 1 tasks resource profile 0
25/01/01 12:51:38 INFO TaskSetManager: Starting task 0.0 in stage 2.0 (TID 6) (192.168.29.182, executor driver, partition 0, PROCESS_LOCAL, 10379 bytes) 
25/01/01 12:51:38 INFO Executor: Running task 0.0 in stage 2.0 (TID 6)
25/01/01 12:51:38 INFO CodeGenerator: Code generated in 10.980619 ms
25/01/01 12:51:38 INFO CodeGenerator: Code generated in 15.532602 ms
25/01/01 12:51:38 INFO CodeGenerator: Code generated in 9.943681 ms
25/01/01 12:51:38 INFO FileOutputCommitter: File Output Committer Algorithm version is 1
25/01/01 12:51:38 INFO FileOutputCommitter: FileOutputCommitter skip cleanup _temporary folders under output directory:false, ignore cleanup failures: false
25/01/01 12:51:38 INFO SQLHadoopMapReduceCommitProtocol: Using user defined output committer class org.apache.parquet.hadoop.ParquetOutputCommitter
25/01/01 12:51:38 INFO FileOutputCommitter: File Output Committer Algorithm version is 1
25/01/01 12:51:38 INFO FileOutputCommitter: FileOutputCommitter skip cleanup _temporary folders under output directory:false, ignore cleanup failures: false
25/01/01 12:51:38 INFO SQLHadoopMapReduceCommitProtocol: Using output committer class org.apache.parquet.hadoop.ParquetOutputCommitter
25/01/01 12:51:38 INFO CodeGenerator: Code generated in 12.521993 ms
25/01/01 12:51:38 INFO FileScanRDD: Reading File path: file:///home/bidut/Desktop/dev/pyspark_learn/Course01Learn/21-BucketJoinDemo/data/d1/part-00001-00af64b6-7ef5-4909-8f82-b8897114efaf-c000.json, range: 0-30670316, partition values: [empty row]
25/01/01 12:51:39 INFO BlockManagerInfo: Removed broadcast_0_piece0 on 192.168.29.182:44689 in memory (size: 34.2 KiB, free: 434.3 MiB)
25/01/01 12:51:39 INFO BlockManagerInfo: Removed broadcast_1_piece0 on 192.168.29.182:44689 in memory (size: 7.7 KiB, free: 434.3 MiB)
25/01/01 12:51:40 INFO FileScanRDD: Reading File path: file:///home/bidut/Desktop/dev/pyspark_learn/Course01Learn/21-BucketJoinDemo/data/d1/part-00000-00af64b6-7ef5-4909-8f82-b8897114efaf-c000.json, range: 0-29932367, partition values: [empty row]
25/01/01 12:51:40 INFO FileScanRDD: Reading File path: file:///home/bidut/Desktop/dev/pyspark_learn/Course01Learn/21-BucketJoinDemo/data/d1/part-00002-00af64b6-7ef5-4909-8f82-b8897114efaf-c000.json, range: 0-22695020, partition values: [empty row]
25/01/01 12:51:41 INFO CodeGenerator: Code generated in 14.830425 ms
25/01/01 12:51:41 INFO CodecConfig: Compression: SNAPPY
25/01/01 12:51:41 INFO CodecConfig: Compression: SNAPPY
25/01/01 12:51:41 INFO ParquetOutputFormat: ParquetRecordWriter [block size: 134217728b, row group padding size: 8388608b, validating: false]
25/01/01 12:51:41 INFO ParquetWriteSupport: Initialized Parquet WriteSupport with Catalyst schema:
{
  "type" : "struct",
  "fields" : [ {
    "name" : "DEST",
    "type" : "string",
    "nullable" : true,
    "metadata" : { }
  }, {
    "name" : "DEST_CITY_NAME",
    "type" : "string",
    "nullable" : true,
    "metadata" : { }
  }, {
    "name" : "FL_DATE",
    "type" : "string",
    "nullable" : true,
    "metadata" : { }
  }, {
    "name" : "OP_CARRIER",
    "type" : "string",
    "nullable" : true,
    "metadata" : { }
  }, {
    "name" : "OP_CARRIER_FL_NUM",
    "type" : "long",
    "nullable" : true,
    "metadata" : { }
  }, {
    "name" : "ORIGIN",
    "type" : "string",
    "nullable" : true,
    "metadata" : { }
  }, {
    "name" : "ORIGIN_CITY_NAME",
    "type" : "string",
    "nullable" : true,
    "metadata" : { }
  }, {
    "name" : "id",
    "type" : "long",
    "nullable" : true,
    "metadata" : { }
  } ]
}
and corresponding Parquet message type:
message spark_schema {
  optional binary DEST (STRING);
  optional binary DEST_CITY_NAME (STRING);
  optional binary FL_DATE (STRING);
  optional binary OP_CARRIER (STRING);
  optional int64 OP_CARRIER_FL_NUM;
  optional binary ORIGIN (STRING);
  optional binary ORIGIN_CITY_NAME (STRING);
  optional int64 id;
}

       
25/01/01 12:51:41 INFO CodecPool: Got brand-new compressor [.snappy]
25/01/01 12:51:42 INFO CodecConfig: Compression: SNAPPY
25/01/01 12:51:42 INFO CodecConfig: Compression: SNAPPY
25/01/01 12:51:42 INFO ParquetOutputFormat: ParquetRecordWriter [block size: 134217728b, row group padding size: 8388608b, validating: false]
25/01/01 12:51:42 INFO ParquetWriteSupport: Initialized Parquet WriteSupport with Catalyst schema:
{
  "type" : "struct",
  "fields" : [ {
    "name" : "DEST",
    "type" : "string",
    "nullable" : true,
    "metadata" : { }
  }, {
    "name" : "DEST_CITY_NAME",
    "type" : "string",
    "nullable" : true,
    "metadata" : { }
  }, {
    "name" : "FL_DATE",
    "type" : "string",
    "nullable" : true,
    "metadata" : { }
  }, {
    "name" : "OP_CARRIER",
    "type" : "string",
    "nullable" : true,
    "metadata" : { }
  }, {
    "name" : "OP_CARRIER_FL_NUM",
    "type" : "long",
    "nullable" : true,
    "metadata" : { }
  }, {
    "name" : "ORIGIN",
    "type" : "string",
    "nullable" : true,
    "metadata" : { }
  }, {
    "name" : "ORIGIN_CITY_NAME",
    "type" : "string",
    "nullable" : true,
    "metadata" : { }
  }, {
    "name" : "id",
    "type" : "long",
    "nullable" : true,
    "metadata" : { }
  } ]
}
and corresponding Parquet message type:
message spark_schema {
  optional binary DEST (STRING);
  optional binary DEST_CITY_NAME (STRING);
  optional binary FL_DATE (STRING);
  optional binary OP_CARRIER (STRING);
  optional int64 OP_CARRIER_FL_NUM;
  optional binary ORIGIN (STRING);
  optional binary ORIGIN_CITY_NAME (STRING);
  optional int64 id;
}

       
25/01/01 12:51:42 INFO CodecConfig: Compression: SNAPPY
25/01/01 12:51:42 INFO CodecConfig: Compression: SNAPPY
25/01/01 12:51:42 INFO ParquetOutputFormat: ParquetRecordWriter [block size: 134217728b, row group padding size: 8388608b, validating: false]
25/01/01 12:51:42 INFO ParquetWriteSupport: Initialized Parquet WriteSupport with Catalyst schema:
{
  "type" : "struct",
  "fields" : [ {
    "name" : "DEST",
    "type" : "string",
    "nullable" : true,
    "metadata" : { }
  }, {
    "name" : "DEST_CITY_NAME",
    "type" : "string",
    "nullable" : true,
    "metadata" : { }
  }, {
    "name" : "FL_DATE",
    "type" : "string",
    "nullable" : true,
    "metadata" : { }
  }, {
    "name" : "OP_CARRIER",
    "type" : "string",
    "nullable" : true,
    "metadata" : { }
  }, {
    "name" : "OP_CARRIER_FL_NUM",
    "type" : "long",
    "nullable" : true,
    "metadata" : { }
  }, {
    "name" : "ORIGIN",
    "type" : "string",
    "nullable" : true,
    "metadata" : { }
  }, {
    "name" : "ORIGIN_CITY_NAME",
    "type" : "string",
    "nullable" : true,
    "metadata" : { }
  }, {
    "name" : "id",
    "type" : "long",
    "nullable" : true,
    "metadata" : { }
  } ]
}
and corresponding Parquet message type:
message spark_schema {
  optional binary DEST (STRING);
  optional binary DEST_CITY_NAME (STRING);
  optional binary FL_DATE (STRING);
  optional binary OP_CARRIER (STRING);
  optional int64 OP_CARRIER_FL_NUM;
  optional binary ORIGIN (STRING);
  optional binary ORIGIN_CITY_NAME (STRING);
  optional int64 id;
}

       
25/01/01 12:51:42 INFO FileOutputCommitter: Saved output of task 'attempt_202501011251386301485144118843340_0002_m_000000_6' to file:/home/bidut/Desktop/dev/pyspark_learn/Course01Learn/21-BucketJoinDemo/spark-warehouse/my_db.db/flight_data1/_temporary/0/task_202501011251386301485144118843340_0002_m_000000
25/01/01 12:51:42 INFO SparkHadoopMapRedUtil: attempt_202501011251386301485144118843340_0002_m_000000_6: Committed. Elapsed time: 1 ms.
25/01/01 12:51:42 INFO Executor: Finished task 0.0 in stage 2.0 (TID 6). 3099 bytes result sent to driver
25/01/01 12:51:42 INFO TaskSetManager: Finished task 0.0 in stage 2.0 (TID 6) in 4209 ms on 192.168.29.182 (executor driver) (1/1)
25/01/01 12:51:42 INFO TaskSchedulerImpl: Removed TaskSet 2.0, whose tasks have all completed, from pool 
25/01/01 12:51:42 INFO DAGScheduler: ResultStage 2 (saveAsTable at NativeMethodAccessorImpl.java:0) finished in 4.241 s
25/01/01 12:51:42 INFO DAGScheduler: Job 2 is finished. Cancelling potential speculative or zombie tasks for this job
25/01/01 12:51:42 INFO TaskSchedulerImpl: Killing all running tasks in stage 2: Stage finished
25/01/01 12:51:42 INFO DAGScheduler: Job 2 finished: saveAsTable at NativeMethodAccessorImpl.java:0, took 4.249505 s
25/01/01 12:51:42 INFO FileFormatWriter: Start to commit write Job 88a9eadd-481a-42e7-8f1d-0b9e2e0305c3.
25/01/01 12:51:43 INFO FileFormatWriter: Write Job 88a9eadd-481a-42e7-8f1d-0b9e2e0305c3 committed. Elapsed time: 28 ms.
25/01/01 12:51:43 INFO FileFormatWriter: Finished processing stats for write job 88a9eadd-481a-42e7-8f1d-0b9e2e0305c3.
25/01/01 12:51:43 INFO InMemoryFileIndex: It took 3 ms to list leaf files for 1 paths.
25/01/01 12:51:43 INFO HiveMetaStore: 0: get_database: my_db
25/01/01 12:51:43 INFO audit: ugi=bidut	ip=unknown-ip-addr	cmd=get_database: my_db	
25/01/01 12:51:43 INFO HiveMetaStore: 0: get_table : db=my_db tbl=flight_data1
25/01/01 12:51:43 INFO audit: ugi=bidut	ip=unknown-ip-addr	cmd=get_table : db=my_db tbl=flight_data1	
25/01/01 12:51:43 INFO HiveMetaStore: 0: get_database: my_db
25/01/01 12:51:43 INFO audit: ugi=bidut	ip=unknown-ip-addr	cmd=get_database: my_db	
25/01/01 12:51:43 INFO HiveMetaStore: 0: get_table : db=my_db tbl=flight_data1
25/01/01 12:51:43 INFO audit: ugi=bidut	ip=unknown-ip-addr	cmd=get_table : db=my_db tbl=flight_data1	
25/01/01 12:51:43 INFO HiveExternalCatalog: Persisting bucketed data source table `spark_catalog`.`my_db`.`flight_data1` into Hive metastore in Spark SQL specific format, which is NOT compatible with Hive bucketed table. But Hive can read this table as a non-bucketed table.
25/01/01 12:51:43 INFO SQLStdHiveAccessController: Created SQLStdHiveAccessController for session context : HiveAuthzSessionContext [sessionString=23fa5fda-e7ca-41c3-ac92-9d849a9f366b, clientType=HIVECLI]
25/01/01 12:51:43 WARN SessionState: METASTORE_FILTER_HOOK will be ignored, since hive.security.authorization.manager is set to instance of HiveAuthorizerFactory.
25/01/01 12:51:43 INFO metastore: Mestastore configuration hive.metastore.filter.hook changed from org.apache.hadoop.hive.metastore.DefaultMetaStoreFilterHookImpl to org.apache.hadoop.hive.ql.security.authorization.plugin.AuthorizationMetaStoreFilterHook
25/01/01 12:51:43 INFO HiveMetaStore: 0: Cleaning up thread local RawStore...
25/01/01 12:51:43 INFO audit: ugi=bidut	ip=unknown-ip-addr	cmd=Cleaning up thread local RawStore...	
25/01/01 12:51:43 INFO HiveMetaStore: 0: Done cleaning up thread local RawStore
25/01/01 12:51:43 INFO audit: ugi=bidut	ip=unknown-ip-addr	cmd=Done cleaning up thread local RawStore	
25/01/01 12:51:43 INFO HiveMetaStore: 0: create_table: Table(tableName:flight_data1, dbName:my_db, owner:bidut, createTime:1735716098, lastAccessTime:0, retention:0, sd:StorageDescriptor(cols:[FieldSchema(name:DEST, type:string, comment:null), FieldSchema(name:DEST_CITY_NAME, type:string, comment:null), FieldSchema(name:FL_DATE, type:string, comment:null), FieldSchema(name:OP_CARRIER, type:string, comment:null), FieldSchema(name:OP_CARRIER_FL_NUM, type:bigint, comment:null), FieldSchema(name:ORIGIN, type:string, comment:null), FieldSchema(name:ORIGIN_CITY_NAME, type:string, comment:null), FieldSchema(name:id, type:bigint, comment:null)], location:null, inputFormat:org.apache.hadoop.hive.ql.io.parquet.MapredParquetInputFormat, outputFormat:org.apache.hadoop.hive.ql.io.parquet.MapredParquetOutputFormat, compressed:false, numBuckets:-1, serdeInfo:SerDeInfo(name:null, serializationLib:org.apache.hadoop.hive.ql.io.parquet.serde.ParquetHiveSerDe, parameters:{path=file:/home/bidut/Desktop/dev/pyspark_learn/Course01Learn/21-BucketJoinDemo/spark-warehouse/my_db.db/flight_data1, serialization.format=1}), bucketCols:[], sortCols:[], parameters:{}, skewedInfo:SkewedInfo(skewedColNames:[], skewedColValues:[], skewedColValueLocationMaps:{})), partitionKeys:[], parameters:{spark.sql.sources.schema.bucketCol.0=id, spark.sql.sources.schema.numBuckets=3, spark.sql.sources.schema={"type":"struct","fields":[{"name":"DEST","type":"string","nullable":true,"metadata":{}},{"name":"DEST_CITY_NAME","type":"string","nullable":true,"metadata":{}},{"name":"FL_DATE","type":"string","nullable":true,"metadata":{}},{"name":"OP_CARRIER","type":"string","nullable":true,"metadata":{}},{"name":"OP_CARRIER_FL_NUM","type":"long","nullable":true,"metadata":{}},{"name":"ORIGIN","type":"string","nullable":true,"metadata":{}},{"name":"ORIGIN_CITY_NAME","type":"string","nullable":true,"metadata":{}},{"name":"id","type":"long","nullable":true,"metadata":{}}]}, spark.sql.sources.schema.numBucketCols=1, spark.sql.sources.provider=parquet, spark.sql.create.version=3.5.4}, viewOriginalText:null, viewExpandedText:null, tableType:MANAGED_TABLE, privileges:PrincipalPrivilegeSet(userPrivileges:{bidut=[PrivilegeGrantInfo(privilege:INSERT, createTime:-1, grantor:bidut, grantorType:USER, grantOption:true), PrivilegeGrantInfo(privilege:SELECT, createTime:-1, grantor:bidut, grantorType:USER, grantOption:true), PrivilegeGrantInfo(privilege:UPDATE, createTime:-1, grantor:bidut, grantorType:USER, grantOption:true), PrivilegeGrantInfo(privilege:DELETE, createTime:-1, grantor:bidut, grantorType:USER, grantOption:true)]}, groupPrivileges:null, rolePrivileges:null))
25/01/01 12:51:43 INFO audit: ugi=bidut	ip=unknown-ip-addr	cmd=create_table: Table(tableName:flight_data1, dbName:my_db, owner:bidut, createTime:1735716098, lastAccessTime:0, retention:0, sd:StorageDescriptor(cols:[FieldSchema(name:DEST, type:string, comment:null), FieldSchema(name:DEST_CITY_NAME, type:string, comment:null), FieldSchema(name:FL_DATE, type:string, comment:null), FieldSchema(name:OP_CARRIER, type:string, comment:null), FieldSchema(name:OP_CARRIER_FL_NUM, type:bigint, comment:null), FieldSchema(name:ORIGIN, type:string, comment:null), FieldSchema(name:ORIGIN_CITY_NAME, type:string, comment:null), FieldSchema(name:id, type:bigint, comment:null)], location:null, inputFormat:org.apache.hadoop.hive.ql.io.parquet.MapredParquetInputFormat, outputFormat:org.apache.hadoop.hive.ql.io.parquet.MapredParquetOutputFormat, compressed:false, numBuckets:-1, serdeInfo:SerDeInfo(name:null, serializationLib:org.apache.hadoop.hive.ql.io.parquet.serde.ParquetHiveSerDe, parameters:{path=file:/home/bidut/Desktop/dev/pyspark_learn/Course01Learn/21-BucketJoinDemo/spark-warehouse/my_db.db/flight_data1, serialization.format=1}), bucketCols:[], sortCols:[], parameters:{}, skewedInfo:SkewedInfo(skewedColNames:[], skewedColValues:[], skewedColValueLocationMaps:{})), partitionKeys:[], parameters:{spark.sql.sources.schema.bucketCol.0=id, spark.sql.sources.schema.numBuckets=3, spark.sql.sources.schema={"type":"struct","fields":[{"name":"DEST","type":"string","nullable":true,"metadata":{}},{"name":"DEST_CITY_NAME","type":"string","nullable":true,"metadata":{}},{"name":"FL_DATE","type":"string","nullable":true,"metadata":{}},{"name":"OP_CARRIER","type":"string","nullable":true,"metadata":{}},{"name":"OP_CARRIER_FL_NUM","type":"long","nullable":true,"metadata":{}},{"name":"ORIGIN","type":"string","nullable":true,"metadata":{}},{"name":"ORIGIN_CITY_NAME","type":"string","nullable":true,"metadata":{}},{"name":"id","type":"long","nullable":true,"metadata":{}}]}, spark.sql.sources.schema.numBucketCols=1, spark.sql.sources.provider=parquet, spark.sql.create.version=3.5.4}, viewOriginalText:null, viewExpandedText:null, tableType:MANAGED_TABLE, privileges:PrincipalPrivilegeSet(userPrivileges:{bidut=[PrivilegeGrantInfo(privilege:INSERT, createTime:-1, grantor:bidut, grantorType:USER, grantOption:true), PrivilegeGrantInfo(privilege:SELECT, createTime:-1, grantor:bidut, grantorType:USER, grantOption:true), PrivilegeGrantInfo(privilege:UPDATE, createTime:-1, grantor:bidut, grantorType:USER, grantOption:true), PrivilegeGrantInfo(privilege:DELETE, createTime:-1, grantor:bidut, grantorType:USER, grantOption:true)]}, groupPrivileges:null, rolePrivileges:null))	
25/01/01 12:51:43 WARN HiveConf: HiveConf of name hive.internal.ss.authz.settings.applied.marker does not exist
25/01/01 12:51:43 WARN HiveConf: HiveConf of name hive.stats.jdbc.timeout does not exist
25/01/01 12:51:43 WARN HiveConf: HiveConf of name hive.stats.retries.wait does not exist
25/01/01 12:51:43 INFO HiveMetaStore: 0: Opening raw store with implementation class:org.apache.hadoop.hive.metastore.ObjectStore
25/01/01 12:51:43 INFO ObjectStore: ObjectStore, initialize called
25/01/01 12:51:43 INFO MetaStoreDirectSql: Using direct SQL, underlying DB is DERBY
25/01/01 12:51:43 INFO ObjectStore: Initialized ObjectStore
25/01/01 12:51:43 INFO log: Updating table stats fast for flight_data1
25/01/01 12:51:43 INFO log: Updated size of table flight_data1 to 3647653
25/01/01 12:51:43 INFO HiveMetaStore: 0: get_table : db=my_db tbl=flight_data2
25/01/01 12:51:43 INFO audit: ugi=bidut	ip=unknown-ip-addr	cmd=get_table : db=my_db tbl=flight_data2	
25/01/01 12:51:43 INFO HiveMetaStore: 0: get_table : db=my_db tbl=flight_data2
25/01/01 12:51:43 INFO audit: ugi=bidut	ip=unknown-ip-addr	cmd=get_table : db=my_db tbl=flight_data2	
25/01/01 12:51:43 INFO HiveMetaStore: 0: get_database: my_db
25/01/01 12:51:43 INFO audit: ugi=bidut	ip=unknown-ip-addr	cmd=get_database: my_db	
25/01/01 12:51:43 INFO HiveMetaStore: 0: get_database: my_db
25/01/01 12:51:43 INFO audit: ugi=bidut	ip=unknown-ip-addr	cmd=get_database: my_db	
25/01/01 12:51:43 INFO HiveMetaStore: 0: get_database: my_db
25/01/01 12:51:43 INFO audit: ugi=bidut	ip=unknown-ip-addr	cmd=get_database: my_db	
25/01/01 12:51:43 INFO HiveMetaStore: 0: get_database: my_db
25/01/01 12:51:43 INFO audit: ugi=bidut	ip=unknown-ip-addr	cmd=get_database: my_db	
25/01/01 12:51:43 INFO FileSourceStrategy: Pushed Filters: 
25/01/01 12:51:43 INFO FileSourceStrategy: Post-Scan Filters: 
25/01/01 12:51:43 INFO ParquetUtils: Using default output committer for Parquet: org.apache.parquet.hadoop.ParquetOutputCommitter
25/01/01 12:51:43 INFO FileOutputCommitter: File Output Committer Algorithm version is 1
25/01/01 12:51:43 INFO FileOutputCommitter: FileOutputCommitter skip cleanup _temporary folders under output directory:false, ignore cleanup failures: false
25/01/01 12:51:43 INFO SQLHadoopMapReduceCommitProtocol: Using user defined output committer class org.apache.parquet.hadoop.ParquetOutputCommitter
25/01/01 12:51:43 INFO FileOutputCommitter: File Output Committer Algorithm version is 1
25/01/01 12:51:43 INFO FileOutputCommitter: FileOutputCommitter skip cleanup _temporary folders under output directory:false, ignore cleanup failures: false
25/01/01 12:51:43 INFO SQLHadoopMapReduceCommitProtocol: Using output committer class org.apache.parquet.hadoop.ParquetOutputCommitter
25/01/01 12:51:43 INFO MemoryStore: Block broadcast_6 stored as values in memory (estimated size 198.9 KiB, free 433.7 MiB)
25/01/01 12:51:43 INFO MemoryStore: Block broadcast_6_piece0 stored as bytes in memory (estimated size 34.1 KiB, free 433.6 MiB)
25/01/01 12:51:43 INFO BlockManagerInfo: Added broadcast_6_piece0 in memory on 192.168.29.182:44689 (size: 34.1 KiB, free: 434.3 MiB)
25/01/01 12:51:43 INFO SparkContext: Created broadcast 6 from saveAsTable at NativeMethodAccessorImpl.java:0
25/01/01 12:51:43 INFO FileSourceScanExec: Planning scan with bin packing, max size: 26547366 bytes, open cost is considered as scanning 4194304 bytes.
25/01/01 12:51:43 INFO SparkContext: Starting job: saveAsTable at NativeMethodAccessorImpl.java:0
25/01/01 12:51:43 INFO DAGScheduler: Got job 3 (saveAsTable at NativeMethodAccessorImpl.java:0) with 1 output partitions
25/01/01 12:51:43 INFO DAGScheduler: Final stage: ResultStage 3 (saveAsTable at NativeMethodAccessorImpl.java:0)
25/01/01 12:51:43 INFO DAGScheduler: Parents of final stage: List()
25/01/01 12:51:43 INFO DAGScheduler: Missing parents: List()
25/01/01 12:51:43 INFO DAGScheduler: Submitting ResultStage 3 (MapPartitionsRDD[17] at saveAsTable at NativeMethodAccessorImpl.java:0), which has no missing parents
25/01/01 12:51:43 INFO BlockManagerInfo: Removed broadcast_5_piece0 on 192.168.29.182:44689 in memory (size: 84.2 KiB, free: 434.3 MiB)
25/01/01 12:51:43 INFO MemoryStore: Block broadcast_7 stored as values in memory (estimated size 228.6 KiB, free 433.7 MiB)
25/01/01 12:51:43 INFO MemoryStore: Block broadcast_7_piece0 stored as bytes in memory (estimated size 84.1 KiB, free 433.6 MiB)
25/01/01 12:51:43 INFO BlockManagerInfo: Added broadcast_7_piece0 in memory on 192.168.29.182:44689 (size: 84.1 KiB, free: 434.3 MiB)
25/01/01 12:51:43 INFO SparkContext: Created broadcast 7 from broadcast at DAGScheduler.scala:1585
25/01/01 12:51:43 INFO DAGScheduler: Submitting 1 missing tasks from ResultStage 3 (MapPartitionsRDD[17] at saveAsTable at NativeMethodAccessorImpl.java:0) (first 15 tasks are for partitions Vector(0))
25/01/01 12:51:43 INFO TaskSchedulerImpl: Adding task set 3.0 with 1 tasks resource profile 0
25/01/01 12:51:43 INFO TaskSetManager: Starting task 0.0 in stage 3.0 (TID 7) (192.168.29.182, executor driver, partition 0, PROCESS_LOCAL, 10379 bytes) 
25/01/01 12:51:43 INFO Executor: Running task 0.0 in stage 3.0 (TID 7)
25/01/01 12:51:43 INFO CodeGenerator: Code generated in 10.267301 ms
25/01/01 12:51:43 INFO CodeGenerator: Code generated in 9.304693 ms
25/01/01 12:51:43 INFO FileOutputCommitter: File Output Committer Algorithm version is 1
25/01/01 12:51:43 INFO FileOutputCommitter: FileOutputCommitter skip cleanup _temporary folders under output directory:false, ignore cleanup failures: false
25/01/01 12:51:43 INFO SQLHadoopMapReduceCommitProtocol: Using user defined output committer class org.apache.parquet.hadoop.ParquetOutputCommitter
25/01/01 12:51:43 INFO FileOutputCommitter: File Output Committer Algorithm version is 1
25/01/01 12:51:43 INFO FileOutputCommitter: FileOutputCommitter skip cleanup _temporary folders under output directory:false, ignore cleanup failures: false
25/01/01 12:51:43 INFO SQLHadoopMapReduceCommitProtocol: Using output committer class org.apache.parquet.hadoop.ParquetOutputCommitter
25/01/01 12:51:43 INFO CodeGenerator: Code generated in 12.746447 ms
25/01/01 12:51:43 INFO FileScanRDD: Reading File path: file:///home/bidut/Desktop/dev/pyspark_learn/Course01Learn/21-BucketJoinDemo/data/d2/part-00001-ee8814fd-bbb7-4a16-912b-f74b04a6d4fa-c000.json, range: 0-24817208, partition values: [empty row]
25/01/01 12:51:43 INFO BlockManagerInfo: Removed broadcast_4_piece0 on 192.168.29.182:44689 in memory (size: 34.1 KiB, free: 434.3 MiB)
25/01/01 12:51:44 INFO FileScanRDD: Reading File path: file:///home/bidut/Desktop/dev/pyspark_learn/Course01Learn/21-BucketJoinDemo/data/d2/part-00000-ee8814fd-bbb7-4a16-912b-f74b04a6d4fa-c000.json, range: 0-24318011, partition values: [empty row]
25/01/01 12:51:45 INFO FileScanRDD: Reading File path: file:///home/bidut/Desktop/dev/pyspark_learn/Course01Learn/21-BucketJoinDemo/data/d2/part-00002-ee8814fd-bbb7-4a16-912b-f74b04a6d4fa-c000.json, range: 0-17923969, partition values: [empty row]
25/01/01 12:51:45 INFO CodeGenerator: Code generated in 8.169737 ms
25/01/01 12:51:45 INFO CodecConfig: Compression: SNAPPY
25/01/01 12:51:45 INFO CodecConfig: Compression: SNAPPY
25/01/01 12:51:45 INFO ParquetOutputFormat: ParquetRecordWriter [block size: 134217728b, row group padding size: 8388608b, validating: false]
25/01/01 12:51:45 INFO ParquetWriteSupport: Initialized Parquet WriteSupport with Catalyst schema:
{
  "type" : "struct",
  "fields" : [ {
    "name" : "ARR_TIME",
    "type" : "long",
    "nullable" : true,
    "metadata" : { }
  }, {
    "name" : "CANCELLED",
    "type" : "long",
    "nullable" : true,
    "metadata" : { }
  }, {
    "name" : "CRS_ARR_TIME",
    "type" : "long",
    "nullable" : true,
    "metadata" : { }
  }, {
    "name" : "CRS_DEP_TIME",
    "type" : "long",
    "nullable" : true,
    "metadata" : { }
  }, {
    "name" : "DEP_TIME",
    "type" : "long",
    "nullable" : true,
    "metadata" : { }
  }, {
    "name" : "DISTANCE",
    "type" : "long",
    "nullable" : true,
    "metadata" : { }
  }, {
    "name" : "TAXI_IN",
    "type" : "long",
    "nullable" : true,
    "metadata" : { }
  }, {
    "name" : "WHEELS_ON",
    "type" : "long",
    "nullable" : true,
    "metadata" : { }
  }, {
    "name" : "id",
    "type" : "long",
    "nullable" : true,
    "metadata" : { }
  } ]
}
and corresponding Parquet message type:
message spark_schema {
  optional int64 ARR_TIME;
  optional int64 CANCELLED;
  optional int64 CRS_ARR_TIME;
  optional int64 CRS_DEP_TIME;
  optional int64 DEP_TIME;
  optional int64 DISTANCE;
  optional int64 TAXI_IN;
  optional int64 WHEELS_ON;
  optional int64 id;
}

       
25/01/01 12:51:45 INFO CodecConfig: Compression: SNAPPY
25/01/01 12:51:45 INFO CodecConfig: Compression: SNAPPY
25/01/01 12:51:45 INFO ParquetOutputFormat: ParquetRecordWriter [block size: 134217728b, row group padding size: 8388608b, validating: false]
25/01/01 12:51:45 INFO ParquetWriteSupport: Initialized Parquet WriteSupport with Catalyst schema:
{
  "type" : "struct",
  "fields" : [ {
    "name" : "ARR_TIME",
    "type" : "long",
    "nullable" : true,
    "metadata" : { }
  }, {
    "name" : "CANCELLED",
    "type" : "long",
    "nullable" : true,
    "metadata" : { }
  }, {
    "name" : "CRS_ARR_TIME",
    "type" : "long",
    "nullable" : true,
    "metadata" : { }
  }, {
    "name" : "CRS_DEP_TIME",
    "type" : "long",
    "nullable" : true,
    "metadata" : { }
  }, {
    "name" : "DEP_TIME",
    "type" : "long",
    "nullable" : true,
    "metadata" : { }
  }, {
    "name" : "DISTANCE",
    "type" : "long",
    "nullable" : true,
    "metadata" : { }
  }, {
    "name" : "TAXI_IN",
    "type" : "long",
    "nullable" : true,
    "metadata" : { }
  }, {
    "name" : "WHEELS_ON",
    "type" : "long",
    "nullable" : true,
    "metadata" : { }
  }, {
    "name" : "id",
    "type" : "long",
    "nullable" : true,
    "metadata" : { }
  } ]
}
and corresponding Parquet message type:
message spark_schema {
  optional int64 ARR_TIME;
  optional int64 CANCELLED;
  optional int64 CRS_ARR_TIME;
  optional int64 CRS_DEP_TIME;
  optional int64 DEP_TIME;
  optional int64 DISTANCE;
  optional int64 TAXI_IN;
  optional int64 WHEELS_ON;
  optional int64 id;
}

       
25/01/01 12:51:45 INFO CodecConfig: Compression: SNAPPY
25/01/01 12:51:45 INFO CodecConfig: Compression: SNAPPY
25/01/01 12:51:45 INFO ParquetOutputFormat: ParquetRecordWriter [block size: 134217728b, row group padding size: 8388608b, validating: false]
25/01/01 12:51:45 INFO ParquetWriteSupport: Initialized Parquet WriteSupport with Catalyst schema:
{
  "type" : "struct",
  "fields" : [ {
    "name" : "ARR_TIME",
    "type" : "long",
    "nullable" : true,
    "metadata" : { }
  }, {
    "name" : "CANCELLED",
    "type" : "long",
    "nullable" : true,
    "metadata" : { }
  }, {
    "name" : "CRS_ARR_TIME",
    "type" : "long",
    "nullable" : true,
    "metadata" : { }
  }, {
    "name" : "CRS_DEP_TIME",
    "type" : "long",
    "nullable" : true,
    "metadata" : { }
  }, {
    "name" : "DEP_TIME",
    "type" : "long",
    "nullable" : true,
    "metadata" : { }
  }, {
    "name" : "DISTANCE",
    "type" : "long",
    "nullable" : true,
    "metadata" : { }
  }, {
    "name" : "TAXI_IN",
    "type" : "long",
    "nullable" : true,
    "metadata" : { }
  }, {
    "name" : "WHEELS_ON",
    "type" : "long",
    "nullable" : true,
    "metadata" : { }
  }, {
    "name" : "id",
    "type" : "long",
    "nullable" : true,
    "metadata" : { }
  } ]
}
and corresponding Parquet message type:
message spark_schema {
  optional int64 ARR_TIME;
  optional int64 CANCELLED;
  optional int64 CRS_ARR_TIME;
  optional int64 CRS_DEP_TIME;
  optional int64 DEP_TIME;
  optional int64 DISTANCE;
  optional int64 TAXI_IN;
  optional int64 WHEELS_ON;
  optional int64 id;
}

       
25/01/01 12:51:45 INFO FileOutputCommitter: Saved output of task 'attempt_202501011251436940817091196782289_0003_m_000000_7' to file:/home/bidut/Desktop/dev/pyspark_learn/Course01Learn/21-BucketJoinDemo/spark-warehouse/my_db.db/flight_data2/_temporary/0/task_202501011251436940817091196782289_0003_m_000000
25/01/01 12:51:45 INFO SparkHadoopMapRedUtil: attempt_202501011251436940817091196782289_0003_m_000000_7: Committed. Elapsed time: 0 ms.
25/01/01 12:51:45 INFO Executor: Finished task 0.0 in stage 3.0 (TID 7). 3056 bytes result sent to driver
25/01/01 12:51:45 INFO TaskSetManager: Finished task 0.0 in stage 3.0 (TID 7) in 2339 ms on 192.168.29.182 (executor driver) (1/1)
25/01/01 12:51:45 INFO TaskSchedulerImpl: Removed TaskSet 3.0, whose tasks have all completed, from pool 
25/01/01 12:51:45 INFO DAGScheduler: ResultStage 3 (saveAsTable at NativeMethodAccessorImpl.java:0) finished in 2.387 s
25/01/01 12:51:45 INFO DAGScheduler: Job 3 is finished. Cancelling potential speculative or zombie tasks for this job
25/01/01 12:51:45 INFO TaskSchedulerImpl: Killing all running tasks in stage 3: Stage finished
25/01/01 12:51:45 INFO DAGScheduler: Job 3 finished: saveAsTable at NativeMethodAccessorImpl.java:0, took 2.393943 s
25/01/01 12:51:45 INFO FileFormatWriter: Start to commit write Job b482cc4a-c35e-475b-99cb-3c23bd37f9c5.
25/01/01 12:51:45 INFO FileFormatWriter: Write Job b482cc4a-c35e-475b-99cb-3c23bd37f9c5 committed. Elapsed time: 12 ms.
25/01/01 12:51:45 INFO FileFormatWriter: Finished processing stats for write job b482cc4a-c35e-475b-99cb-3c23bd37f9c5.
25/01/01 12:51:45 INFO InMemoryFileIndex: It took 2 ms to list leaf files for 1 paths.
25/01/01 12:51:45 INFO HiveMetaStore: 0: get_database: my_db
25/01/01 12:51:45 INFO audit: ugi=bidut	ip=unknown-ip-addr	cmd=get_database: my_db	
25/01/01 12:51:45 INFO HiveMetaStore: 0: get_table : db=my_db tbl=flight_data2
25/01/01 12:51:45 INFO audit: ugi=bidut	ip=unknown-ip-addr	cmd=get_table : db=my_db tbl=flight_data2	
25/01/01 12:51:45 INFO HiveMetaStore: 0: get_database: my_db
25/01/01 12:51:45 INFO audit: ugi=bidut	ip=unknown-ip-addr	cmd=get_database: my_db	
25/01/01 12:51:45 INFO HiveMetaStore: 0: get_table : db=my_db tbl=flight_data2
25/01/01 12:51:45 INFO audit: ugi=bidut	ip=unknown-ip-addr	cmd=get_table : db=my_db tbl=flight_data2	
25/01/01 12:51:45 INFO HiveExternalCatalog: Persisting bucketed data source table `spark_catalog`.`my_db`.`flight_data2` into Hive metastore in Spark SQL specific format, which is NOT compatible with Hive bucketed table. But Hive can read this table as a non-bucketed table.
25/01/01 12:51:45 INFO HiveMetaStore: 0: create_table: Table(tableName:flight_data2, dbName:my_db, owner:bidut, createTime:1735716103, lastAccessTime:0, retention:0, sd:StorageDescriptor(cols:[FieldSchema(name:ARR_TIME, type:bigint, comment:null), FieldSchema(name:CANCELLED, type:bigint, comment:null), FieldSchema(name:CRS_ARR_TIME, type:bigint, comment:null), FieldSchema(name:CRS_DEP_TIME, type:bigint, comment:null), FieldSchema(name:DEP_TIME, type:bigint, comment:null), FieldSchema(name:DISTANCE, type:bigint, comment:null), FieldSchema(name:TAXI_IN, type:bigint, comment:null), FieldSchema(name:WHEELS_ON, type:bigint, comment:null), FieldSchema(name:id, type:bigint, comment:null)], location:null, inputFormat:org.apache.hadoop.hive.ql.io.parquet.MapredParquetInputFormat, outputFormat:org.apache.hadoop.hive.ql.io.parquet.MapredParquetOutputFormat, compressed:false, numBuckets:-1, serdeInfo:SerDeInfo(name:null, serializationLib:org.apache.hadoop.hive.ql.io.parquet.serde.ParquetHiveSerDe, parameters:{path=file:/home/bidut/Desktop/dev/pyspark_learn/Course01Learn/21-BucketJoinDemo/spark-warehouse/my_db.db/flight_data2, serialization.format=1}), bucketCols:[], sortCols:[], parameters:{}, skewedInfo:SkewedInfo(skewedColNames:[], skewedColValues:[], skewedColValueLocationMaps:{})), partitionKeys:[], parameters:{spark.sql.sources.schema.bucketCol.0=id, spark.sql.sources.schema.numBuckets=3, spark.sql.sources.schema={"type":"struct","fields":[{"name":"ARR_TIME","type":"long","nullable":true,"metadata":{}},{"name":"CANCELLED","type":"long","nullable":true,"metadata":{}},{"name":"CRS_ARR_TIME","type":"long","nullable":true,"metadata":{}},{"name":"CRS_DEP_TIME","type":"long","nullable":true,"metadata":{}},{"name":"DEP_TIME","type":"long","nullable":true,"metadata":{}},{"name":"DISTANCE","type":"long","nullable":true,"metadata":{}},{"name":"TAXI_IN","type":"long","nullable":true,"metadata":{}},{"name":"WHEELS_ON","type":"long","nullable":true,"metadata":{}},{"name":"id","type":"long","nullable":true,"metadata":{}}]}, spark.sql.sources.schema.numBucketCols=1, spark.sql.sources.provider=parquet, spark.sql.create.version=3.5.4}, viewOriginalText:null, viewExpandedText:null, tableType:MANAGED_TABLE, privileges:PrincipalPrivilegeSet(userPrivileges:{bidut=[PrivilegeGrantInfo(privilege:INSERT, createTime:-1, grantor:bidut, grantorType:USER, grantOption:true), PrivilegeGrantInfo(privilege:SELECT, createTime:-1, grantor:bidut, grantorType:USER, grantOption:true), PrivilegeGrantInfo(privilege:UPDATE, createTime:-1, grantor:bidut, grantorType:USER, grantOption:true), PrivilegeGrantInfo(privilege:DELETE, createTime:-1, grantor:bidut, grantorType:USER, grantOption:true)]}, groupPrivileges:null, rolePrivileges:null))
25/01/01 12:51:45 INFO audit: ugi=bidut	ip=unknown-ip-addr	cmd=create_table: Table(tableName:flight_data2, dbName:my_db, owner:bidut, createTime:1735716103, lastAccessTime:0, retention:0, sd:StorageDescriptor(cols:[FieldSchema(name:ARR_TIME, type:bigint, comment:null), FieldSchema(name:CANCELLED, type:bigint, comment:null), FieldSchema(name:CRS_ARR_TIME, type:bigint, comment:null), FieldSchema(name:CRS_DEP_TIME, type:bigint, comment:null), FieldSchema(name:DEP_TIME, type:bigint, comment:null), FieldSchema(name:DISTANCE, type:bigint, comment:null), FieldSchema(name:TAXI_IN, type:bigint, comment:null), FieldSchema(name:WHEELS_ON, type:bigint, comment:null), FieldSchema(name:id, type:bigint, comment:null)], location:null, inputFormat:org.apache.hadoop.hive.ql.io.parquet.MapredParquetInputFormat, outputFormat:org.apache.hadoop.hive.ql.io.parquet.MapredParquetOutputFormat, compressed:false, numBuckets:-1, serdeInfo:SerDeInfo(name:null, serializationLib:org.apache.hadoop.hive.ql.io.parquet.serde.ParquetHiveSerDe, parameters:{path=file:/home/bidut/Desktop/dev/pyspark_learn/Course01Learn/21-BucketJoinDemo/spark-warehouse/my_db.db/flight_data2, serialization.format=1}), bucketCols:[], sortCols:[], parameters:{}, skewedInfo:SkewedInfo(skewedColNames:[], skewedColValues:[], skewedColValueLocationMaps:{})), partitionKeys:[], parameters:{spark.sql.sources.schema.bucketCol.0=id, spark.sql.sources.schema.numBuckets=3, spark.sql.sources.schema={"type":"struct","fields":[{"name":"ARR_TIME","type":"long","nullable":true,"metadata":{}},{"name":"CANCELLED","type":"long","nullable":true,"metadata":{}},{"name":"CRS_ARR_TIME","type":"long","nullable":true,"metadata":{}},{"name":"CRS_DEP_TIME","type":"long","nullable":true,"metadata":{}},{"name":"DEP_TIME","type":"long","nullable":true,"metadata":{}},{"name":"DISTANCE","type":"long","nullable":true,"metadata":{}},{"name":"TAXI_IN","type":"long","nullable":true,"metadata":{}},{"name":"WHEELS_ON","type":"long","nullable":true,"metadata":{}},{"name":"id","type":"long","nullable":true,"metadata":{}}]}, spark.sql.sources.schema.numBucketCols=1, spark.sql.sources.provider=parquet, spark.sql.create.version=3.5.4}, viewOriginalText:null, viewExpandedText:null, tableType:MANAGED_TABLE, privileges:PrincipalPrivilegeSet(userPrivileges:{bidut=[PrivilegeGrantInfo(privilege:INSERT, createTime:-1, grantor:bidut, grantorType:USER, grantOption:true), PrivilegeGrantInfo(privilege:SELECT, createTime:-1, grantor:bidut, grantorType:USER, grantOption:true), PrivilegeGrantInfo(privilege:UPDATE, createTime:-1, grantor:bidut, grantorType:USER, grantOption:true), PrivilegeGrantInfo(privilege:DELETE, createTime:-1, grantor:bidut, grantorType:USER, grantOption:true)]}, groupPrivileges:null, rolePrivileges:null))	
25/01/01 12:51:45 INFO log: Updating table stats fast for flight_data2
25/01/01 12:51:45 INFO log: Updated size of table flight_data2 to 6224212
25/01/01 12:51:46 INFO SparkContext: Invoking stop() from shutdown hook
25/01/01 12:51:46 INFO SparkContext: SparkContext is stopping with exitCode 0.
25/01/01 12:51:46 INFO AbstractConnector: Stopped Spark@3ec2c48{HTTP/1.1, (http/1.1)}{0.0.0.0:4041}
25/01/01 12:51:46 INFO SparkUI: Stopped Spark web UI at http://192.168.29.182:4041
25/01/01 12:51:46 INFO MapOutputTrackerMasterEndpoint: MapOutputTrackerMasterEndpoint stopped!
25/01/01 12:51:46 INFO MemoryStore: MemoryStore cleared
25/01/01 12:51:46 INFO BlockManager: BlockManager stopped
25/01/01 12:51:46 INFO BlockManagerMaster: BlockManagerMaster stopped
25/01/01 12:51:46 INFO OutputCommitCoordinator$OutputCommitCoordinatorEndpoint: OutputCommitCoordinator stopped!
25/01/01 12:51:46 INFO SparkContext: Successfully stopped SparkContext
25/01/01 12:51:46 INFO ShutdownHookManager: Shutdown hook called
25/01/01 12:51:46 INFO ShutdownHookManager: Deleting directory /tmp/spark-a474f325-6726-4dbb-b16f-16242bf05bb0
25/01/01 12:51:46 INFO ShutdownHookManager: Deleting directory /tmp/spark-31ce5176-2189-4e15-b449-2841d72bfc70
25/01/01 12:51:46 INFO ShutdownHookManager: Deleting directory /tmp/spark-a474f325-6726-4dbb-b16f-16242bf05bb0/pyspark-f031c4ac-cc0d-4f2b-8918-162ce95661f0
25/01/01 12:52:07 WARN Utils: Your hostname, bidut-HP-Laptop-14s-fq1xxx resolves to a loopback address: 127.0.1.1; using 192.168.29.182 instead (on interface wlo1)
25/01/01 12:52:07 WARN Utils: Set SPARK_LOCAL_IP if you need to bind to another address
25/01/01 12:52:08 INFO SparkContext: Running Spark version 3.5.4
25/01/01 12:52:08 INFO SparkContext: OS info Linux, 5.15.0-126-generic, amd64
25/01/01 12:52:08 INFO SparkContext: Java version 11.0.25
25/01/01 12:52:08 WARN NativeCodeLoader: Unable to load native-hadoop library for your platform... using builtin-java classes where applicable
25/01/01 12:52:08 INFO ResourceUtils: ==============================================================
25/01/01 12:52:08 INFO ResourceUtils: No custom resources configured for spark.driver.
25/01/01 12:52:08 INFO ResourceUtils: ==============================================================
25/01/01 12:52:08 INFO SparkContext: Submitted application: Bucket Join
25/01/01 12:52:08 INFO ResourceProfile: Default ResourceProfile created, executor resources: Map(cores -> name: cores, amount: 1, script: , vendor: , memory -> name: memory, amount: 1024, script: , vendor: , offHeap -> name: offHeap, amount: 0, script: , vendor: ), task resources: Map(cpus -> name: cpus, amount: 1.0)
25/01/01 12:52:08 INFO ResourceProfile: Limiting resource is cpu
25/01/01 12:52:08 INFO ResourceProfileManager: Added ResourceProfile id: 0
25/01/01 12:52:08 INFO SecurityManager: Changing view acls to: bidut
25/01/01 12:52:08 INFO SecurityManager: Changing modify acls to: bidut
25/01/01 12:52:08 INFO SecurityManager: Changing view acls groups to: 
25/01/01 12:52:08 INFO SecurityManager: Changing modify acls groups to: 
25/01/01 12:52:08 INFO SecurityManager: SecurityManager: authentication disabled; ui acls disabled; users with view permissions: bidut; groups with view permissions: EMPTY; users with modify permissions: bidut; groups with modify permissions: EMPTY
25/01/01 12:52:08 INFO Utils: Successfully started service 'sparkDriver' on port 34949.
25/01/01 12:52:08 INFO SparkEnv: Registering MapOutputTracker
25/01/01 12:52:08 INFO SparkEnv: Registering BlockManagerMaster
25/01/01 12:52:08 INFO BlockManagerMasterEndpoint: Using org.apache.spark.storage.DefaultTopologyMapper for getting topology information
25/01/01 12:52:08 INFO BlockManagerMasterEndpoint: BlockManagerMasterEndpoint up
25/01/01 12:52:08 INFO SparkEnv: Registering BlockManagerMasterHeartbeat
25/01/01 12:52:08 INFO DiskBlockManager: Created local directory at /tmp/blockmgr-eb18e10a-c8f0-4b6a-bd59-af97a0510f3e
25/01/01 12:52:08 INFO MemoryStore: MemoryStore started with capacity 434.4 MiB
25/01/01 12:52:08 INFO SparkEnv: Registering OutputCommitCoordinator
25/01/01 12:52:08 INFO log: Logging initialized @2503ms to org.sparkproject.jetty.util.log.Slf4jLog
25/01/01 12:52:09 INFO JettyUtils: Start Jetty 0.0.0.0:4040 for SparkUI
25/01/01 12:52:09 INFO Server: jetty-9.4.56.v20240826; built: 2024-08-26T17:15:05.868Z; git: ec6782ff5ead824dabdcf47fa98f90a4aedff401; jvm 11.0.25+9-post-Ubuntu-1ubuntu120.04
25/01/01 12:52:09 INFO Server: Started @2649ms
25/01/01 12:52:09 WARN Utils: Service 'SparkUI' could not bind on port 4040. Attempting port 4041.
25/01/01 12:52:09 INFO AbstractConnector: Started ServerConnector@727a381b{HTTP/1.1, (http/1.1)}{0.0.0.0:4041}
25/01/01 12:52:09 INFO Utils: Successfully started service 'SparkUI' on port 4041.
25/01/01 12:52:09 INFO ContextHandler: Started o.s.j.s.ServletContextHandler@57d143ee{/,null,AVAILABLE,@Spark}
25/01/01 12:52:09 INFO Executor: Starting executor ID driver on host 192.168.29.182
25/01/01 12:52:09 INFO Executor: OS info Linux, 5.15.0-126-generic, amd64
25/01/01 12:52:09 INFO Executor: Java version 11.0.25
25/01/01 12:52:09 INFO Executor: Starting executor with user classpath (userClassPathFirst = false): ''
25/01/01 12:52:09 INFO Executor: Created or updated repl class loader org.apache.spark.util.MutableURLClassLoader@2dd4c6f0 for default.
25/01/01 12:52:09 INFO Utils: Successfully started service 'org.apache.spark.network.netty.NettyBlockTransferService' on port 45099.
25/01/01 12:52:09 INFO NettyBlockTransferService: Server created on 192.168.29.182:45099
25/01/01 12:52:09 INFO BlockManager: Using org.apache.spark.storage.RandomBlockReplicationPolicy for block replication policy
25/01/01 12:52:09 INFO BlockManagerMaster: Registering BlockManager BlockManagerId(driver, 192.168.29.182, 45099, None)
25/01/01 12:52:09 INFO BlockManagerMasterEndpoint: Registering block manager 192.168.29.182:45099 with 434.4 MiB RAM, BlockManagerId(driver, 192.168.29.182, 45099, None)
25/01/01 12:52:09 INFO BlockManagerMaster: Registered BlockManager BlockManagerId(driver, 192.168.29.182, 45099, None)
25/01/01 12:52:09 INFO BlockManager: Initialized BlockManager: BlockManagerId(driver, 192.168.29.182, 45099, None)
25/01/01 12:52:09 INFO ContextHandler: Stopped o.s.j.s.ServletContextHandler@57d143ee{/,null,STOPPED,@Spark}
25/01/01 12:52:09 INFO ContextHandler: Started o.s.j.s.ServletContextHandler@1b9a8b9{/jobs,null,AVAILABLE,@Spark}
25/01/01 12:52:09 INFO ContextHandler: Started o.s.j.s.ServletContextHandler@92be2f2{/jobs/json,null,AVAILABLE,@Spark}
25/01/01 12:52:09 INFO ContextHandler: Started o.s.j.s.ServletContextHandler@6fc75c98{/jobs/job,null,AVAILABLE,@Spark}
25/01/01 12:52:09 INFO ContextHandler: Started o.s.j.s.ServletContextHandler@27644231{/jobs/job/json,null,AVAILABLE,@Spark}
25/01/01 12:52:09 INFO ContextHandler: Started o.s.j.s.ServletContextHandler@23c70edf{/stages,null,AVAILABLE,@Spark}
25/01/01 12:52:09 INFO ContextHandler: Started o.s.j.s.ServletContextHandler@1967fb1e{/stages/json,null,AVAILABLE,@Spark}
25/01/01 12:52:09 INFO ContextHandler: Started o.s.j.s.ServletContextHandler@30d4f552{/stages/stage,null,AVAILABLE,@Spark}
25/01/01 12:52:09 INFO ContextHandler: Started o.s.j.s.ServletContextHandler@5bd96adf{/stages/stage/json,null,AVAILABLE,@Spark}
25/01/01 12:52:09 INFO ContextHandler: Started o.s.j.s.ServletContextHandler@40d23bf5{/stages/pool,null,AVAILABLE,@Spark}
25/01/01 12:52:09 INFO ContextHandler: Started o.s.j.s.ServletContextHandler@50e23f6e{/stages/pool/json,null,AVAILABLE,@Spark}
25/01/01 12:52:09 INFO ContextHandler: Started o.s.j.s.ServletContextHandler@fda5863{/storage,null,AVAILABLE,@Spark}
25/01/01 12:52:09 INFO ContextHandler: Started o.s.j.s.ServletContextHandler@6787fd84{/storage/json,null,AVAILABLE,@Spark}
25/01/01 12:52:09 INFO ContextHandler: Started o.s.j.s.ServletContextHandler@52c32407{/storage/rdd,null,AVAILABLE,@Spark}
25/01/01 12:52:09 INFO ContextHandler: Started o.s.j.s.ServletContextHandler@518f7210{/storage/rdd/json,null,AVAILABLE,@Spark}
25/01/01 12:52:09 INFO ContextHandler: Started o.s.j.s.ServletContextHandler@2e723609{/environment,null,AVAILABLE,@Spark}
25/01/01 12:52:09 INFO ContextHandler: Started o.s.j.s.ServletContextHandler@6b3f644f{/environment/json,null,AVAILABLE,@Spark}
25/01/01 12:52:09 INFO ContextHandler: Started o.s.j.s.ServletContextHandler@6706b4f4{/executors,null,AVAILABLE,@Spark}
25/01/01 12:52:09 INFO ContextHandler: Started o.s.j.s.ServletContextHandler@62985068{/executors/json,null,AVAILABLE,@Spark}
25/01/01 12:52:09 INFO ContextHandler: Started o.s.j.s.ServletContextHandler@308c71eb{/executors/threadDump,null,AVAILABLE,@Spark}
25/01/01 12:52:09 INFO ContextHandler: Started o.s.j.s.ServletContextHandler@4801986b{/executors/threadDump/json,null,AVAILABLE,@Spark}
25/01/01 12:52:09 INFO ContextHandler: Started o.s.j.s.ServletContextHandler@7f07411{/executors/heapHistogram,null,AVAILABLE,@Spark}
25/01/01 12:52:09 INFO ContextHandler: Started o.s.j.s.ServletContextHandler@7f80158e{/executors/heapHistogram/json,null,AVAILABLE,@Spark}
25/01/01 12:52:09 INFO ContextHandler: Started o.s.j.s.ServletContextHandler@2d805d12{/static,null,AVAILABLE,@Spark}
25/01/01 12:52:09 INFO ContextHandler: Started o.s.j.s.ServletContextHandler@58e75b0d{/,null,AVAILABLE,@Spark}
25/01/01 12:52:09 INFO ContextHandler: Started o.s.j.s.ServletContextHandler@24d4a949{/api,null,AVAILABLE,@Spark}
25/01/01 12:52:09 INFO ContextHandler: Started o.s.j.s.ServletContextHandler@5b683109{/jobs/job/kill,null,AVAILABLE,@Spark}
25/01/01 12:52:09 INFO ContextHandler: Started o.s.j.s.ServletContextHandler@32324b14{/stages/stage/kill,null,AVAILABLE,@Spark}
25/01/01 12:52:09 INFO ContextHandler: Started o.s.j.s.ServletContextHandler@61fa59a6{/metrics/json,null,AVAILABLE,@Spark}
25/01/01 12:52:09 INFO SharedState: Setting hive.metastore.warehouse.dir ('null') to the value of spark.sql.warehouse.dir.
25/01/01 12:52:09 INFO SharedState: Warehouse path is 'file:/home/bidut/Desktop/dev/pyspark_learn/Course01Learn/21-BucketJoinDemo/spark-warehouse'.
25/01/01 12:52:09 INFO ContextHandler: Started o.s.j.s.ServletContextHandler@7541988b{/SQL,null,AVAILABLE,@Spark}
25/01/01 12:52:09 INFO ContextHandler: Started o.s.j.s.ServletContextHandler@170c7003{/SQL/json,null,AVAILABLE,@Spark}
25/01/01 12:52:09 INFO ContextHandler: Started o.s.j.s.ServletContextHandler@6c2c2f1b{/SQL/execution,null,AVAILABLE,@Spark}
25/01/01 12:52:09 INFO ContextHandler: Started o.s.j.s.ServletContextHandler@2bec4779{/SQL/execution/json,null,AVAILABLE,@Spark}
25/01/01 12:52:09 INFO ContextHandler: Started o.s.j.s.ServletContextHandler@7793cad2{/static/sql,null,AVAILABLE,@Spark}
25/01/01 12:52:10 INFO InMemoryFileIndex: It took 57 ms to list leaf files for 1 paths.
25/01/01 12:52:10 INFO InMemoryFileIndex: It took 4 ms to list leaf files for 3 paths.
25/01/01 12:52:12 INFO FileSourceStrategy: Pushed Filters: 
25/01/01 12:52:12 INFO FileSourceStrategy: Post-Scan Filters: 
25/01/01 12:52:12 INFO MemoryStore: Block broadcast_0 stored as values in memory (estimated size 199.1 KiB, free 434.2 MiB)
25/01/01 12:52:13 INFO MemoryStore: Block broadcast_0_piece0 stored as bytes in memory (estimated size 34.2 KiB, free 434.2 MiB)
25/01/01 12:52:13 INFO BlockManagerInfo: Added broadcast_0_piece0 in memory on 192.168.29.182:45099 (size: 34.2 KiB, free: 434.4 MiB)
25/01/01 12:52:13 INFO SparkContext: Created broadcast 0 from json at NativeMethodAccessorImpl.java:0
25/01/01 12:52:13 INFO FileSourceScanExec: Planning scan with bin packing, max size: 31960205 bytes, open cost is considered as scanning 4194304 bytes.
25/01/01 12:52:13 INFO SparkContext: Starting job: json at NativeMethodAccessorImpl.java:0
25/01/01 12:52:13 INFO DAGScheduler: Got job 0 (json at NativeMethodAccessorImpl.java:0) with 3 output partitions
25/01/01 12:52:13 INFO DAGScheduler: Final stage: ResultStage 0 (json at NativeMethodAccessorImpl.java:0)
25/01/01 12:52:13 INFO DAGScheduler: Parents of final stage: List()
25/01/01 12:52:13 INFO DAGScheduler: Missing parents: List()
25/01/01 12:52:13 INFO DAGScheduler: Submitting ResultStage 0 (MapPartitionsRDD[3] at json at NativeMethodAccessorImpl.java:0), which has no missing parents
25/01/01 12:52:13 INFO MemoryStore: Block broadcast_1 stored as values in memory (estimated size 15.6 KiB, free 434.2 MiB)
25/01/01 12:52:13 INFO MemoryStore: Block broadcast_1_piece0 stored as bytes in memory (estimated size 7.7 KiB, free 434.1 MiB)
25/01/01 12:52:13 INFO BlockManagerInfo: Added broadcast_1_piece0 in memory on 192.168.29.182:45099 (size: 7.7 KiB, free: 434.4 MiB)
25/01/01 12:52:13 INFO SparkContext: Created broadcast 1 from broadcast at DAGScheduler.scala:1585
25/01/01 12:52:13 INFO DAGScheduler: Submitting 3 missing tasks from ResultStage 0 (MapPartitionsRDD[3] at json at NativeMethodAccessorImpl.java:0) (first 15 tasks are for partitions Vector(0, 1, 2))
25/01/01 12:52:13 INFO TaskSchedulerImpl: Adding task set 0.0 with 3 tasks resource profile 0
25/01/01 12:52:13 INFO TaskSetManager: Starting task 0.0 in stage 0.0 (TID 0) (192.168.29.182, executor driver, partition 0, PROCESS_LOCAL, 9704 bytes) 
25/01/01 12:52:13 INFO TaskSetManager: Starting task 1.0 in stage 0.0 (TID 1) (192.168.29.182, executor driver, partition 1, PROCESS_LOCAL, 9704 bytes) 
25/01/01 12:52:13 INFO TaskSetManager: Starting task 2.0 in stage 0.0 (TID 2) (192.168.29.182, executor driver, partition 2, PROCESS_LOCAL, 9704 bytes) 
25/01/01 12:52:13 INFO Executor: Running task 0.0 in stage 0.0 (TID 0)
25/01/01 12:52:13 INFO Executor: Running task 1.0 in stage 0.0 (TID 1)
25/01/01 12:52:13 INFO Executor: Running task 2.0 in stage 0.0 (TID 2)
25/01/01 12:52:13 INFO FileScanRDD: Reading File path: file:///home/bidut/Desktop/dev/pyspark_learn/Course01Learn/21-BucketJoinDemo/data/d1/part-00000-00af64b6-7ef5-4909-8f82-b8897114efaf-c000.json, range: 0-29932367, partition values: [empty row]
25/01/01 12:52:13 INFO FileScanRDD: Reading File path: file:///home/bidut/Desktop/dev/pyspark_learn/Course01Learn/21-BucketJoinDemo/data/d1/part-00002-00af64b6-7ef5-4909-8f82-b8897114efaf-c000.json, range: 0-22695020, partition values: [empty row]
25/01/01 12:52:13 INFO FileScanRDD: Reading File path: file:///home/bidut/Desktop/dev/pyspark_learn/Course01Learn/21-BucketJoinDemo/data/d1/part-00001-00af64b6-7ef5-4909-8f82-b8897114efaf-c000.json, range: 0-30670316, partition values: [empty row]
25/01/01 12:52:13 INFO CodeGenerator: Code generated in 157.224144 ms
25/01/01 12:52:14 INFO Executor: Finished task 2.0 in stage 0.0 (TID 2). 2256 bytes result sent to driver
25/01/01 12:52:14 INFO TaskSetManager: Finished task 2.0 in stage 0.0 (TID 2) in 1304 ms on 192.168.29.182 (executor driver) (1/3)
25/01/01 12:52:14 INFO Executor: Finished task 0.0 in stage 0.0 (TID 0). 2213 bytes result sent to driver
25/01/01 12:52:14 INFO TaskSetManager: Finished task 0.0 in stage 0.0 (TID 0) in 1416 ms on 192.168.29.182 (executor driver) (2/3)
25/01/01 12:52:14 INFO Executor: Finished task 1.0 in stage 0.0 (TID 1). 2213 bytes result sent to driver
25/01/01 12:52:14 INFO TaskSetManager: Finished task 1.0 in stage 0.0 (TID 1) in 1429 ms on 192.168.29.182 (executor driver) (3/3)
25/01/01 12:52:14 INFO TaskSchedulerImpl: Removed TaskSet 0.0, whose tasks have all completed, from pool 
25/01/01 12:52:14 INFO DAGScheduler: ResultStage 0 (json at NativeMethodAccessorImpl.java:0) finished in 1.564 s
25/01/01 12:52:14 INFO DAGScheduler: Job 0 is finished. Cancelling potential speculative or zombie tasks for this job
25/01/01 12:52:14 INFO TaskSchedulerImpl: Killing all running tasks in stage 0: Stage finished
25/01/01 12:52:14 INFO DAGScheduler: Job 0 finished: json at NativeMethodAccessorImpl.java:0, took 1.613727 s
25/01/01 12:52:14 INFO InMemoryFileIndex: It took 3 ms to list leaf files for 1 paths.
25/01/01 12:52:14 INFO InMemoryFileIndex: It took 4 ms to list leaf files for 3 paths.
25/01/01 12:52:14 INFO FileSourceStrategy: Pushed Filters: 
25/01/01 12:52:14 INFO FileSourceStrategy: Post-Scan Filters: 
25/01/01 12:52:14 INFO MemoryStore: Block broadcast_2 stored as values in memory (estimated size 199.1 KiB, free 434.0 MiB)
25/01/01 12:52:14 INFO MemoryStore: Block broadcast_2_piece0 stored as bytes in memory (estimated size 34.2 KiB, free 433.9 MiB)
25/01/01 12:52:14 INFO BlockManagerInfo: Added broadcast_2_piece0 in memory on 192.168.29.182:45099 (size: 34.2 KiB, free: 434.3 MiB)
25/01/01 12:52:14 INFO SparkContext: Created broadcast 2 from json at NativeMethodAccessorImpl.java:0
25/01/01 12:52:14 INFO FileSourceScanExec: Planning scan with bin packing, max size: 26547366 bytes, open cost is considered as scanning 4194304 bytes.
25/01/01 12:52:14 INFO SparkContext: Starting job: json at NativeMethodAccessorImpl.java:0
25/01/01 12:52:14 INFO DAGScheduler: Got job 1 (json at NativeMethodAccessorImpl.java:0) with 3 output partitions
25/01/01 12:52:14 INFO DAGScheduler: Final stage: ResultStage 1 (json at NativeMethodAccessorImpl.java:0)
25/01/01 12:52:14 INFO DAGScheduler: Parents of final stage: List()
25/01/01 12:52:14 INFO DAGScheduler: Missing parents: List()
25/01/01 12:52:14 INFO DAGScheduler: Submitting ResultStage 1 (MapPartitionsRDD[7] at json at NativeMethodAccessorImpl.java:0), which has no missing parents
25/01/01 12:52:14 INFO MemoryStore: Block broadcast_3 stored as values in memory (estimated size 15.6 KiB, free 433.9 MiB)
25/01/01 12:52:14 INFO MemoryStore: Block broadcast_3_piece0 stored as bytes in memory (estimated size 7.7 KiB, free 433.9 MiB)
25/01/01 12:52:14 INFO BlockManagerInfo: Added broadcast_3_piece0 in memory on 192.168.29.182:45099 (size: 7.7 KiB, free: 434.3 MiB)
25/01/01 12:52:14 INFO SparkContext: Created broadcast 3 from broadcast at DAGScheduler.scala:1585
25/01/01 12:52:14 INFO DAGScheduler: Submitting 3 missing tasks from ResultStage 1 (MapPartitionsRDD[7] at json at NativeMethodAccessorImpl.java:0) (first 15 tasks are for partitions Vector(0, 1, 2))
25/01/01 12:52:14 INFO TaskSchedulerImpl: Adding task set 1.0 with 3 tasks resource profile 0
25/01/01 12:52:15 INFO TaskSetManager: Starting task 0.0 in stage 1.0 (TID 3) (192.168.29.182, executor driver, partition 0, PROCESS_LOCAL, 9704 bytes) 
25/01/01 12:52:15 INFO TaskSetManager: Starting task 1.0 in stage 1.0 (TID 4) (192.168.29.182, executor driver, partition 1, PROCESS_LOCAL, 9704 bytes) 
25/01/01 12:52:15 INFO TaskSetManager: Starting task 2.0 in stage 1.0 (TID 5) (192.168.29.182, executor driver, partition 2, PROCESS_LOCAL, 9704 bytes) 
25/01/01 12:52:15 INFO Executor: Running task 1.0 in stage 1.0 (TID 4)
25/01/01 12:52:15 INFO Executor: Running task 0.0 in stage 1.0 (TID 3)
25/01/01 12:52:15 INFO Executor: Running task 2.0 in stage 1.0 (TID 5)
25/01/01 12:52:15 INFO FileScanRDD: Reading File path: file:///home/bidut/Desktop/dev/pyspark_learn/Course01Learn/21-BucketJoinDemo/data/d2/part-00000-ee8814fd-bbb7-4a16-912b-f74b04a6d4fa-c000.json, range: 0-24318011, partition values: [empty row]
25/01/01 12:52:15 INFO FileScanRDD: Reading File path: file:///home/bidut/Desktop/dev/pyspark_learn/Course01Learn/21-BucketJoinDemo/data/d2/part-00001-ee8814fd-bbb7-4a16-912b-f74b04a6d4fa-c000.json, range: 0-24817208, partition values: [empty row]
25/01/01 12:52:15 INFO FileScanRDD: Reading File path: file:///home/bidut/Desktop/dev/pyspark_learn/Course01Learn/21-BucketJoinDemo/data/d2/part-00002-ee8814fd-bbb7-4a16-912b-f74b04a6d4fa-c000.json, range: 0-17923969, partition values: [empty row]
25/01/01 12:52:15 INFO BlockManagerInfo: Removed broadcast_1_piece0 on 192.168.29.182:45099 in memory (size: 7.7 KiB, free: 434.3 MiB)
25/01/01 12:52:15 INFO Executor: Finished task 2.0 in stage 1.0 (TID 5). 2182 bytes result sent to driver
25/01/01 12:52:15 INFO TaskSetManager: Finished task 2.0 in stage 1.0 (TID 5) in 410 ms on 192.168.29.182 (executor driver) (1/3)
25/01/01 12:52:15 INFO Executor: Finished task 1.0 in stage 1.0 (TID 4). 2182 bytes result sent to driver
25/01/01 12:52:15 INFO TaskSetManager: Finished task 1.0 in stage 1.0 (TID 4) in 472 ms on 192.168.29.182 (executor driver) (2/3)
25/01/01 12:52:15 INFO Executor: Finished task 0.0 in stage 1.0 (TID 3). 2182 bytes result sent to driver
25/01/01 12:52:15 INFO TaskSetManager: Finished task 0.0 in stage 1.0 (TID 3) in 476 ms on 192.168.29.182 (executor driver) (3/3)
25/01/01 12:52:15 INFO TaskSchedulerImpl: Removed TaskSet 1.0, whose tasks have all completed, from pool 
25/01/01 12:52:15 INFO DAGScheduler: ResultStage 1 (json at NativeMethodAccessorImpl.java:0) finished in 0.488 s
25/01/01 12:52:15 INFO DAGScheduler: Job 1 is finished. Cancelling potential speculative or zombie tasks for this job
25/01/01 12:52:15 INFO TaskSchedulerImpl: Killing all running tasks in stage 1: Stage finished
25/01/01 12:52:15 INFO DAGScheduler: Job 1 finished: json at NativeMethodAccessorImpl.java:0, took 0.496413 s
25/01/01 12:52:15 INFO HiveConf: Found configuration file null
25/01/01 12:52:15 INFO HiveUtils: Initializing HiveMetastoreConnection version 2.3.9 using Spark classes.
25/01/01 12:52:15 INFO HiveClientImpl: Warehouse location for Hive client (version 2.3.9) is file:/home/bidut/Desktop/dev/pyspark_learn/Course01Learn/21-BucketJoinDemo/spark-warehouse
25/01/01 12:52:15 INFO BlockManagerInfo: Removed broadcast_2_piece0 on 192.168.29.182:45099 in memory (size: 34.2 KiB, free: 434.4 MiB)
25/01/01 12:52:15 INFO BlockManagerInfo: Removed broadcast_3_piece0 on 192.168.29.182:45099 in memory (size: 7.7 KiB, free: 434.4 MiB)
25/01/01 12:52:15 WARN HiveConf: HiveConf of name hive.stats.jdbc.timeout does not exist
25/01/01 12:52:15 WARN HiveConf: HiveConf of name hive.stats.retries.wait does not exist
25/01/01 12:52:15 INFO HiveMetaStore: 0: Opening raw store with implementation class:org.apache.hadoop.hive.metastore.ObjectStore
25/01/01 12:52:15 INFO ObjectStore: ObjectStore, initialize called
25/01/01 12:52:16 INFO Persistence: Property hive.metastore.integral.jdo.pushdown unknown - will be ignored
25/01/01 12:52:16 INFO Persistence: Property datanucleus.cache.level2 unknown - will be ignored
25/01/01 12:52:17 INFO ObjectStore: Setting MetaStore object pin classes with hive.metastore.cache.pinobjtypes="Table,StorageDescriptor,SerDeInfo,Partition,Database,Type,FieldSchema,Order"
25/01/01 12:52:18 INFO MetaStoreDirectSql: Using direct SQL, underlying DB is DERBY
25/01/01 12:52:18 INFO ObjectStore: Initialized ObjectStore
25/01/01 12:52:18 WARN ObjectStore: Version information not found in metastore. hive.metastore.schema.verification is not enabled so recording the schema version 2.3.0
25/01/01 12:52:18 WARN ObjectStore: setMetaStoreSchemaVersion called but recording version is disabled: version = 2.3.0, comment = Set by MetaStore bidut@127.0.1.1
25/01/01 12:52:18 INFO HiveMetaStore: Added admin role in metastore
25/01/01 12:52:18 INFO HiveMetaStore: Added public role in metastore
25/01/01 12:52:18 INFO HiveMetaStore: No user is added in admin role, since config is empty
25/01/01 12:52:18 INFO HiveMetaStore: 0: get_database: default
25/01/01 12:52:18 INFO audit: ugi=bidut	ip=unknown-ip-addr	cmd=get_database: default	
25/01/01 12:52:18 INFO HiveMetaStore: 0: get_database: global_temp
25/01/01 12:52:18 INFO audit: ugi=bidut	ip=unknown-ip-addr	cmd=get_database: global_temp	
25/01/01 12:52:18 WARN ObjectStore: Failed to get database global_temp, returning NoSuchObjectException
25/01/01 12:52:18 INFO HiveMetaStore: 0: get_database: my_db
25/01/01 12:52:18 INFO audit: ugi=bidut	ip=unknown-ip-addr	cmd=get_database: my_db	
25/01/01 12:52:18 INFO HiveMetaStore: 0: get_table : db=my_db tbl=flight_data1
25/01/01 12:52:18 INFO audit: ugi=bidut	ip=unknown-ip-addr	cmd=get_table : db=my_db tbl=flight_data1	
25/01/01 12:52:18 INFO HiveMetaStore: 0: get_table : db=my_db tbl=flight_data1
25/01/01 12:52:18 INFO audit: ugi=bidut	ip=unknown-ip-addr	cmd=get_table : db=my_db tbl=flight_data1	
25/01/01 12:52:18 INFO InMemoryFileIndex: It took 2 ms to list leaf files for 1 paths.
25/01/01 12:52:18 INFO HiveMetaStore: 0: get_database: my_db
25/01/01 12:52:18 INFO audit: ugi=bidut	ip=unknown-ip-addr	cmd=get_database: my_db	
25/01/01 12:52:18 INFO HiveMetaStore: 0: get_table : db=my_db tbl=flight_data2
25/01/01 12:52:18 INFO audit: ugi=bidut	ip=unknown-ip-addr	cmd=get_table : db=my_db tbl=flight_data2	
25/01/01 12:52:18 INFO HiveMetaStore: 0: get_table : db=my_db tbl=flight_data2
25/01/01 12:52:18 INFO audit: ugi=bidut	ip=unknown-ip-addr	cmd=get_table : db=my_db tbl=flight_data2	
25/01/01 12:52:18 INFO InMemoryFileIndex: It took 2 ms to list leaf files for 1 paths.
25/01/01 12:52:19 INFO FileSourceStrategy: Pruned 0 out of 3 buckets.
25/01/01 12:52:19 INFO FileSourceStrategy: Pushed Filters: IsNotNull(id)
25/01/01 12:52:19 INFO FileSourceStrategy: Post-Scan Filters: isnotnull(id#57L)
25/01/01 12:52:19 INFO FileSourceStrategy: Pruned 0 out of 3 buckets.
25/01/01 12:52:19 INFO FileSourceStrategy: Pushed Filters: IsNotNull(id)
25/01/01 12:52:19 INFO FileSourceStrategy: Post-Scan Filters: isnotnull(id#74L)
25/01/01 12:52:19 INFO CodeGenerator: Code generated in 58.403935 ms
25/01/01 12:52:19 INFO CodeGenerator: Code generated in 36.992585 ms
25/01/01 12:52:19 INFO MemoryStore: Block broadcast_4 stored as values in memory (estimated size 201.7 KiB, free 434.0 MiB)
25/01/01 12:52:19 INFO MemoryStore: Block broadcast_4_piece0 stored as bytes in memory (estimated size 35.1 KiB, free 433.9 MiB)
25/01/01 12:52:19 INFO BlockManagerInfo: Added broadcast_4_piece0 in memory on 192.168.29.182:45099 (size: 35.1 KiB, free: 434.3 MiB)
25/01/01 12:52:19 INFO SparkContext: Created broadcast 4 from collect at /home/bidut/Desktop/dev/pyspark_learn/Course01Learn/21-BucketJoinDemo/BucketJoinDemo.py:49
25/01/01 12:52:19 INFO FileSourceScanExec: Planning with 3 buckets
25/01/01 12:52:19 INFO CodeGenerator: Code generated in 23.394919 ms
25/01/01 12:52:19 INFO MemoryStore: Block broadcast_5 stored as values in memory (estimated size 201.7 KiB, free 433.7 MiB)
25/01/01 12:52:19 INFO MemoryStore: Block broadcast_5_piece0 stored as bytes in memory (estimated size 35.1 KiB, free 433.7 MiB)
25/01/01 12:52:19 INFO BlockManagerInfo: Added broadcast_5_piece0 in memory on 192.168.29.182:45099 (size: 35.1 KiB, free: 434.3 MiB)
25/01/01 12:52:19 INFO SparkContext: Created broadcast 5 from collect at /home/bidut/Desktop/dev/pyspark_learn/Course01Learn/21-BucketJoinDemo/BucketJoinDemo.py:49
25/01/01 12:52:19 INFO FileSourceScanExec: Planning with 3 buckets
25/01/01 12:52:19 INFO SparkContext: Starting job: collect at /home/bidut/Desktop/dev/pyspark_learn/Course01Learn/21-BucketJoinDemo/BucketJoinDemo.py:49
25/01/01 12:52:19 INFO DAGScheduler: Got job 2 (collect at /home/bidut/Desktop/dev/pyspark_learn/Course01Learn/21-BucketJoinDemo/BucketJoinDemo.py:49) with 3 output partitions
25/01/01 12:52:19 INFO DAGScheduler: Final stage: ResultStage 2 (collect at /home/bidut/Desktop/dev/pyspark_learn/Course01Learn/21-BucketJoinDemo/BucketJoinDemo.py:49)
25/01/01 12:52:19 INFO DAGScheduler: Parents of final stage: List()
25/01/01 12:52:19 INFO DAGScheduler: Missing parents: List()
25/01/01 12:52:19 INFO DAGScheduler: Submitting ResultStage 2 (MapPartitionsRDD[16] at collect at /home/bidut/Desktop/dev/pyspark_learn/Course01Learn/21-BucketJoinDemo/BucketJoinDemo.py:49), which has no missing parents
25/01/01 12:52:19 INFO MemoryStore: Block broadcast_6 stored as values in memory (estimated size 54.8 KiB, free 433.7 MiB)
25/01/01 12:52:19 INFO MemoryStore: Block broadcast_6_piece0 stored as bytes in memory (estimated size 20.8 KiB, free 433.6 MiB)
25/01/01 12:52:19 INFO BlockManagerInfo: Added broadcast_6_piece0 in memory on 192.168.29.182:45099 (size: 20.8 KiB, free: 434.3 MiB)
25/01/01 12:52:19 INFO SparkContext: Created broadcast 6 from broadcast at DAGScheduler.scala:1585
25/01/01 12:52:19 INFO DAGScheduler: Submitting 3 missing tasks from ResultStage 2 (MapPartitionsRDD[16] at collect at /home/bidut/Desktop/dev/pyspark_learn/Course01Learn/21-BucketJoinDemo/BucketJoinDemo.py:49) (first 15 tasks are for partitions Vector(0, 1, 2))
25/01/01 12:52:19 INFO TaskSchedulerImpl: Adding task set 2.0 with 3 tasks resource profile 0
25/01/01 12:52:19 INFO TaskSetManager: Starting task 0.0 in stage 2.0 (TID 6) (192.168.29.182, executor driver, partition 0, PROCESS_LOCAL, 10273 bytes) 
25/01/01 12:52:19 INFO TaskSetManager: Starting task 1.0 in stage 2.0 (TID 7) (192.168.29.182, executor driver, partition 1, PROCESS_LOCAL, 10273 bytes) 
25/01/01 12:52:19 INFO TaskSetManager: Starting task 2.0 in stage 2.0 (TID 8) (192.168.29.182, executor driver, partition 2, PROCESS_LOCAL, 10273 bytes) 
25/01/01 12:52:19 INFO Executor: Running task 0.0 in stage 2.0 (TID 6)
25/01/01 12:52:19 INFO Executor: Running task 2.0 in stage 2.0 (TID 8)
25/01/01 12:52:19 INFO Executor: Running task 1.0 in stage 2.0 (TID 7)
25/01/01 12:52:19 INFO CodeGenerator: Code generated in 18.736276 ms
25/01/01 12:52:19 INFO CodeGenerator: Code generated in 9.843251 ms
25/01/01 12:52:19 INFO CodeGenerator: Code generated in 7.32391 ms
25/01/01 12:52:19 INFO CodeGenerator: Code generated in 22.018017 ms
25/01/01 12:52:19 INFO CodeGenerator: Code generated in 5.680645 ms
25/01/01 12:52:19 INFO CodeGenerator: Code generated in 5.131187 ms
25/01/01 12:52:19 INFO CodeGenerator: Code generated in 17.093702 ms
25/01/01 12:52:19 INFO FileScanRDD: Reading File path: file:///home/bidut/Desktop/dev/pyspark_learn/Course01Learn/21-BucketJoinDemo/spark-warehouse/my_db.db/flight_data1/part-00000-95a3773e-b997-4718-8aa7-5769f6c3fcb0_00001.c000.snappy.parquet, range: 0-1214269, partition values: [empty row]
25/01/01 12:52:19 INFO FileScanRDD: Reading File path: file:///home/bidut/Desktop/dev/pyspark_learn/Course01Learn/21-BucketJoinDemo/spark-warehouse/my_db.db/flight_data1/part-00000-95a3773e-b997-4718-8aa7-5769f6c3fcb0_00002.c000.snappy.parquet, range: 0-1218617, partition values: [empty row]
25/01/01 12:52:19 INFO FileScanRDD: Reading File path: file:///home/bidut/Desktop/dev/pyspark_learn/Course01Learn/21-BucketJoinDemo/spark-warehouse/my_db.db/flight_data1/part-00000-95a3773e-b997-4718-8aa7-5769f6c3fcb0_00000.c000.snappy.parquet, range: 0-1214767, partition values: [empty row]
25/01/01 12:52:19 INFO FilterCompat: Filtering using predicate: noteq(id, null)
25/01/01 12:52:19 INFO FilterCompat: Filtering using predicate: noteq(id, null)
25/01/01 12:52:19 INFO FilterCompat: Filtering using predicate: noteq(id, null)
25/01/01 12:52:20 INFO CodecPool: Got brand-new decompressor [.snappy]
25/01/01 12:52:20 INFO CodecPool: Got brand-new decompressor [.snappy]
25/01/01 12:52:20 INFO CodecPool: Got brand-new decompressor [.snappy]
25/01/01 12:52:20 INFO BlockManagerInfo: Removed broadcast_0_piece0 on 192.168.29.182:45099 in memory (size: 34.2 KiB, free: 434.3 MiB)
25/01/01 12:52:20 INFO FileScanRDD: Reading File path: file:///home/bidut/Desktop/dev/pyspark_learn/Course01Learn/21-BucketJoinDemo/spark-warehouse/my_db.db/flight_data2/part-00000-41d2f5ce-3b95-47a9-b1f5-809380a3e1b9_00001.c000.snappy.parquet, range: 0-2073715, partition values: [empty row]
25/01/01 12:52:20 INFO FileScanRDD: Reading File path: file:///home/bidut/Desktop/dev/pyspark_learn/Course01Learn/21-BucketJoinDemo/spark-warehouse/my_db.db/flight_data2/part-00000-41d2f5ce-3b95-47a9-b1f5-809380a3e1b9_00002.c000.snappy.parquet, range: 0-2079654, partition values: [empty row]
25/01/01 12:52:20 INFO FileScanRDD: Reading File path: file:///home/bidut/Desktop/dev/pyspark_learn/Course01Learn/21-BucketJoinDemo/spark-warehouse/my_db.db/flight_data2/part-00000-41d2f5ce-3b95-47a9-b1f5-809380a3e1b9_00000.c000.snappy.parquet, range: 0-2070843, partition values: [empty row]
25/01/01 12:52:20 INFO FilterCompat: Filtering using predicate: noteq(id, null)
25/01/01 12:52:20 INFO FilterCompat: Filtering using predicate: noteq(id, null)
25/01/01 12:52:20 INFO FilterCompat: Filtering using predicate: noteq(id, null)
25/01/01 12:52:21 INFO MemoryStore: Block taskresult_6 stored as bytes in memory (estimated size 9.1 MiB, free 312.7 MiB)
25/01/01 12:52:21 INFO BlockManagerInfo: Added taskresult_6 in memory on 192.168.29.182:45099 (size: 9.1 MiB, free: 425.2 MiB)
25/01/01 12:52:21 INFO Executor: Finished task 0.0 in stage 2.0 (TID 6). 9567958 bytes result sent via BlockManager)
25/01/01 12:52:21 INFO TransportClientFactory: Successfully created connection to /192.168.29.182:45099 after 81 ms (0 ms spent in bootstraps)
25/01/01 12:52:21 INFO MemoryStore: Block taskresult_7 stored as bytes in memory (estimated size 9.1 MiB, free 415.6 MiB)
25/01/01 12:52:21 INFO BlockManagerInfo: Added taskresult_7 in memory on 192.168.29.182:45099 (size: 9.1 MiB, free: 416.1 MiB)
25/01/01 12:52:21 INFO MemoryStore: Block taskresult_8 stored as bytes in memory (estimated size 9.1 MiB, free 406.5 MiB)
25/01/01 12:52:21 INFO Executor: Finished task 1.0 in stage 2.0 (TID 7). 9556006 bytes result sent via BlockManager)
25/01/01 12:52:21 INFO BlockManagerInfo: Added taskresult_8 in memory on 192.168.29.182:45099 (size: 9.1 MiB, free: 406.9 MiB)
25/01/01 12:52:21 INFO Executor: Finished task 2.0 in stage 2.0 (TID 8). 9592253 bytes result sent via BlockManager)
25/01/01 12:52:21 INFO TaskSetManager: Finished task 2.0 in stage 2.0 (TID 8) in 2443 ms on 192.168.29.182 (executor driver) (1/3)
25/01/01 12:52:21 INFO BlockManagerInfo: Removed taskresult_8 on 192.168.29.182:45099 in memory (size: 9.1 MiB, free: 416.1 MiB)
25/01/01 12:52:22 INFO TaskSetManager: Finished task 0.0 in stage 2.0 (TID 6) in 2511 ms on 192.168.29.182 (executor driver) (2/3)
25/01/01 12:52:22 INFO BlockManagerInfo: Removed taskresult_6 on 192.168.29.182:45099 in memory (size: 9.1 MiB, free: 425.2 MiB)
25/01/01 12:52:22 INFO TaskSetManager: Finished task 1.0 in stage 2.0 (TID 7) in 2533 ms on 192.168.29.182 (executor driver) (3/3)
25/01/01 12:52:22 INFO TaskSchedulerImpl: Removed TaskSet 2.0, whose tasks have all completed, from pool 
25/01/01 12:52:22 INFO BlockManagerInfo: Removed taskresult_7 on 192.168.29.182:45099 in memory (size: 9.1 MiB, free: 434.3 MiB)
25/01/01 12:52:22 INFO DAGScheduler: ResultStage 2 (collect at /home/bidut/Desktop/dev/pyspark_learn/Course01Learn/21-BucketJoinDemo/BucketJoinDemo.py:49) finished in 2.548 s
25/01/01 12:52:22 INFO DAGScheduler: Job 2 is finished. Cancelling potential speculative or zombie tasks for this job
25/01/01 12:52:22 INFO TaskSchedulerImpl: Killing all running tasks in stage 2: Stage finished
25/01/01 12:52:22 INFO DAGScheduler: Job 2 finished: collect at /home/bidut/Desktop/dev/pyspark_learn/Course01Learn/21-BucketJoinDemo/BucketJoinDemo.py:49, took 2.555758 s
25/01/01 12:52:22 INFO BlockManagerInfo: Removed broadcast_6_piece0 on 192.168.29.182:45099 in memory (size: 20.8 KiB, free: 434.3 MiB)
