24/12/31 11:29:06 WARN Utils: Your hostname, bidut-HP-Laptop-14s-fq1xxx resolves to a loopback address: 127.0.1.1; using 192.168.29.182 instead (on interface wlo1)
24/12/31 11:29:06 WARN Utils: Set SPARK_LOCAL_IP if you need to bind to another address
24/12/31 11:29:06 INFO SparkContext: Running Spark version 3.5.4
24/12/31 11:29:06 INFO SparkContext: OS info Linux, 5.15.0-126-generic, amd64
24/12/31 11:29:06 INFO SparkContext: Java version 11.0.25
24/12/31 11:29:07 WARN NativeCodeLoader: Unable to load native-hadoop library for your platform... using builtin-java classes where applicable
24/12/31 11:29:07 INFO ResourceUtils: ==============================================================
24/12/31 11:29:07 INFO ResourceUtils: No custom resources configured for spark.driver.
24/12/31 11:29:07 INFO ResourceUtils: ==============================================================
24/12/31 11:29:07 INFO SparkContext: Submitted application: HelloRDD
24/12/31 11:29:07 INFO ResourceProfile: Default ResourceProfile created, executor resources: Map(cores -> name: cores, amount: 1, script: , vendor: , memory -> name: memory, amount: 1024, script: , vendor: , offHeap -> name: offHeap, amount: 0, script: , vendor: ), task resources: Map(cpus -> name: cpus, amount: 1.0)
24/12/31 11:29:07 INFO ResourceProfile: Limiting resource is cpu
24/12/31 11:29:07 INFO ResourceProfileManager: Added ResourceProfile id: 0
24/12/31 11:29:07 INFO SecurityManager: Changing view acls to: bidut
24/12/31 11:29:07 INFO SecurityManager: Changing modify acls to: bidut
24/12/31 11:29:07 INFO SecurityManager: Changing view acls groups to: 
24/12/31 11:29:07 INFO SecurityManager: Changing modify acls groups to: 
24/12/31 11:29:07 INFO SecurityManager: SecurityManager: authentication disabled; ui acls disabled; users with view permissions: bidut; groups with view permissions: EMPTY; users with modify permissions: bidut; groups with modify permissions: EMPTY
24/12/31 11:29:07 INFO Utils: Successfully started service 'sparkDriver' on port 33027.
24/12/31 11:29:07 INFO SparkEnv: Registering MapOutputTracker
24/12/31 11:29:07 INFO SparkEnv: Registering BlockManagerMaster
24/12/31 11:29:07 INFO BlockManagerMasterEndpoint: Using org.apache.spark.storage.DefaultTopologyMapper for getting topology information
24/12/31 11:29:07 INFO BlockManagerMasterEndpoint: BlockManagerMasterEndpoint up
24/12/31 11:29:07 INFO SparkEnv: Registering BlockManagerMasterHeartbeat
24/12/31 11:29:07 INFO DiskBlockManager: Created local directory at /tmp/blockmgr-b4b4a7e3-9a89-4216-b81f-c532d0de4c49
24/12/31 11:29:07 INFO MemoryStore: MemoryStore started with capacity 434.4 MiB
24/12/31 11:29:07 INFO SparkEnv: Registering OutputCommitCoordinator
24/12/31 11:29:07 INFO log: Logging initialized @2606ms to org.sparkproject.jetty.util.log.Slf4jLog
24/12/31 11:29:08 INFO JettyUtils: Start Jetty 0.0.0.0:4040 for SparkUI
24/12/31 11:29:08 INFO Server: jetty-9.4.56.v20240826; built: 2024-08-26T17:15:05.868Z; git: ec6782ff5ead824dabdcf47fa98f90a4aedff401; jvm 11.0.25+9-post-Ubuntu-1ubuntu120.04
24/12/31 11:29:08 INFO Server: Started @2757ms
24/12/31 11:29:08 WARN Utils: Service 'SparkUI' could not bind on port 4040. Attempting port 4041.
24/12/31 11:29:08 INFO AbstractConnector: Started ServerConnector@727a381b{HTTP/1.1, (http/1.1)}{0.0.0.0:4041}
24/12/31 11:29:08 INFO Utils: Successfully started service 'SparkUI' on port 4041.
24/12/31 11:29:08 INFO ContextHandler: Started o.s.j.s.ServletContextHandler@57d143ee{/,null,AVAILABLE,@Spark}
24/12/31 11:29:08 INFO Executor: Starting executor ID driver on host 192.168.29.182
24/12/31 11:29:08 INFO Executor: OS info Linux, 5.15.0-126-generic, amd64
24/12/31 11:29:08 INFO Executor: Java version 11.0.25
24/12/31 11:29:08 INFO Executor: Starting executor with user classpath (userClassPathFirst = false): ''
24/12/31 11:29:08 INFO Executor: Created or updated repl class loader org.apache.spark.util.MutableURLClassLoader@2dd4c6f0 for default.
24/12/31 11:29:08 INFO Utils: Successfully started service 'org.apache.spark.network.netty.NettyBlockTransferService' on port 42633.
24/12/31 11:29:08 INFO NettyBlockTransferService: Server created on 192.168.29.182:42633
24/12/31 11:29:08 INFO BlockManager: Using org.apache.spark.storage.RandomBlockReplicationPolicy for block replication policy
24/12/31 11:29:08 INFO BlockManagerMaster: Registering BlockManager BlockManagerId(driver, 192.168.29.182, 42633, None)
24/12/31 11:29:08 INFO BlockManagerMasterEndpoint: Registering block manager 192.168.29.182:42633 with 434.4 MiB RAM, BlockManagerId(driver, 192.168.29.182, 42633, None)
24/12/31 11:29:08 INFO BlockManagerMaster: Registered BlockManager BlockManagerId(driver, 192.168.29.182, 42633, None)
24/12/31 11:29:08 INFO BlockManager: Initialized BlockManager: BlockManagerId(driver, 192.168.29.182, 42633, None)
24/12/31 11:29:08 INFO ContextHandler: Stopped o.s.j.s.ServletContextHandler@57d143ee{/,null,STOPPED,@Spark}
24/12/31 11:29:08 INFO ContextHandler: Started o.s.j.s.ServletContextHandler@1b9a8b9{/jobs,null,AVAILABLE,@Spark}
24/12/31 11:29:08 INFO ContextHandler: Started o.s.j.s.ServletContextHandler@92be2f2{/jobs/json,null,AVAILABLE,@Spark}
24/12/31 11:29:08 INFO ContextHandler: Started o.s.j.s.ServletContextHandler@6fc75c98{/jobs/job,null,AVAILABLE,@Spark}
24/12/31 11:29:08 INFO ContextHandler: Started o.s.j.s.ServletContextHandler@27644231{/jobs/job/json,null,AVAILABLE,@Spark}
24/12/31 11:29:08 INFO ContextHandler: Started o.s.j.s.ServletContextHandler@23c70edf{/stages,null,AVAILABLE,@Spark}
24/12/31 11:29:08 INFO ContextHandler: Started o.s.j.s.ServletContextHandler@1967fb1e{/stages/json,null,AVAILABLE,@Spark}
24/12/31 11:29:08 INFO ContextHandler: Started o.s.j.s.ServletContextHandler@30d4f552{/stages/stage,null,AVAILABLE,@Spark}
24/12/31 11:29:08 INFO ContextHandler: Started o.s.j.s.ServletContextHandler@5bd96adf{/stages/stage/json,null,AVAILABLE,@Spark}
24/12/31 11:29:08 INFO ContextHandler: Started o.s.j.s.ServletContextHandler@40d23bf5{/stages/pool,null,AVAILABLE,@Spark}
24/12/31 11:29:08 INFO ContextHandler: Started o.s.j.s.ServletContextHandler@50e23f6e{/stages/pool/json,null,AVAILABLE,@Spark}
24/12/31 11:29:08 INFO ContextHandler: Started o.s.j.s.ServletContextHandler@fda5863{/storage,null,AVAILABLE,@Spark}
24/12/31 11:29:08 INFO ContextHandler: Started o.s.j.s.ServletContextHandler@6787fd84{/storage/json,null,AVAILABLE,@Spark}
24/12/31 11:29:08 INFO ContextHandler: Started o.s.j.s.ServletContextHandler@52c32407{/storage/rdd,null,AVAILABLE,@Spark}
24/12/31 11:29:08 INFO ContextHandler: Started o.s.j.s.ServletContextHandler@518f7210{/storage/rdd/json,null,AVAILABLE,@Spark}
24/12/31 11:29:08 INFO ContextHandler: Started o.s.j.s.ServletContextHandler@2e723609{/environment,null,AVAILABLE,@Spark}
24/12/31 11:29:08 INFO ContextHandler: Started o.s.j.s.ServletContextHandler@6b3f644f{/environment/json,null,AVAILABLE,@Spark}
24/12/31 11:29:08 INFO ContextHandler: Started o.s.j.s.ServletContextHandler@6706b4f4{/executors,null,AVAILABLE,@Spark}
24/12/31 11:29:08 INFO ContextHandler: Started o.s.j.s.ServletContextHandler@62985068{/executors/json,null,AVAILABLE,@Spark}
24/12/31 11:29:08 INFO ContextHandler: Started o.s.j.s.ServletContextHandler@308c71eb{/executors/threadDump,null,AVAILABLE,@Spark}
24/12/31 11:29:08 INFO ContextHandler: Started o.s.j.s.ServletContextHandler@4801986b{/executors/threadDump/json,null,AVAILABLE,@Spark}
24/12/31 11:29:08 INFO ContextHandler: Started o.s.j.s.ServletContextHandler@7f07411{/executors/heapHistogram,null,AVAILABLE,@Spark}
24/12/31 11:29:08 INFO ContextHandler: Started o.s.j.s.ServletContextHandler@7f80158e{/executors/heapHistogram/json,null,AVAILABLE,@Spark}
24/12/31 11:29:08 INFO ContextHandler: Started o.s.j.s.ServletContextHandler@2d805d12{/static,null,AVAILABLE,@Spark}
24/12/31 11:29:08 INFO ContextHandler: Started o.s.j.s.ServletContextHandler@58e75b0d{/,null,AVAILABLE,@Spark}
24/12/31 11:29:08 INFO ContextHandler: Started o.s.j.s.ServletContextHandler@24d4a949{/api,null,AVAILABLE,@Spark}
24/12/31 11:29:08 INFO ContextHandler: Started o.s.j.s.ServletContextHandler@5b683109{/jobs/job/kill,null,AVAILABLE,@Spark}
24/12/31 11:29:08 INFO ContextHandler: Started o.s.j.s.ServletContextHandler@32324b14{/stages/stage/kill,null,AVAILABLE,@Spark}
24/12/31 11:29:08 INFO ContextHandler: Started o.s.j.s.ServletContextHandler@61fa59a6{/metrics/json,null,AVAILABLE,@Spark}
24/12/31 11:29:09 INFO MemoryStore: Block broadcast_0 stored as values in memory (estimated size 221.5 KiB, free 434.2 MiB)
24/12/31 11:29:09 INFO MemoryStore: Block broadcast_0_piece0 stored as bytes in memory (estimated size 32.6 KiB, free 434.2 MiB)
24/12/31 11:29:09 INFO BlockManagerInfo: Added broadcast_0_piece0 in memory on 192.168.29.182:42633 (size: 32.6 KiB, free: 434.4 MiB)
24/12/31 11:29:09 INFO SparkContext: Created broadcast 0 from textFile at NativeMethodAccessorImpl.java:0
24/12/31 11:29:09 INFO FileInputFormat: Total input files to process : 1
24/12/31 11:29:09 INFO SparkContext: Starting job: collect at /home/bidut/Desktop/dev/pyspark_learn/Course01Learn/02-HelloRDD/HelloRDD.py:42
24/12/31 11:29:09 INFO DAGScheduler: Registering RDD 3 (coalesce at NativeMethodAccessorImpl.java:0) as input to shuffle 0
24/12/31 11:29:09 INFO DAGScheduler: Registering RDD 8 (reduceByKey at /home/bidut/Desktop/dev/pyspark_learn/Course01Learn/02-HelloRDD/HelloRDD.py:40) as input to shuffle 1
24/12/31 11:29:09 INFO DAGScheduler: Got job 0 (collect at /home/bidut/Desktop/dev/pyspark_learn/Course01Learn/02-HelloRDD/HelloRDD.py:42) with 2 output partitions
24/12/31 11:29:09 INFO DAGScheduler: Final stage: ResultStage 2 (collect at /home/bidut/Desktop/dev/pyspark_learn/Course01Learn/02-HelloRDD/HelloRDD.py:42)
24/12/31 11:29:09 INFO DAGScheduler: Parents of final stage: List(ShuffleMapStage 1)
24/12/31 11:29:09 INFO DAGScheduler: Missing parents: List(ShuffleMapStage 1)
24/12/31 11:29:09 INFO DAGScheduler: Submitting ShuffleMapStage 0 (MapPartitionsRDD[3] at coalesce at NativeMethodAccessorImpl.java:0), which has no missing parents
24/12/31 11:29:09 INFO MemoryStore: Block broadcast_1 stored as values in memory (estimated size 9.2 KiB, free 434.1 MiB)
24/12/31 11:29:09 INFO MemoryStore: Block broadcast_1_piece0 stored as bytes in memory (estimated size 5.5 KiB, free 434.1 MiB)
24/12/31 11:29:09 INFO BlockManagerInfo: Added broadcast_1_piece0 in memory on 192.168.29.182:42633 (size: 5.5 KiB, free: 434.4 MiB)
24/12/31 11:29:09 INFO SparkContext: Created broadcast 1 from broadcast at DAGScheduler.scala:1585
24/12/31 11:29:09 INFO DAGScheduler: Submitting 2 missing tasks from ShuffleMapStage 0 (MapPartitionsRDD[3] at coalesce at NativeMethodAccessorImpl.java:0) (first 15 tasks are for partitions Vector(0, 1))
24/12/31 11:29:09 INFO TaskSchedulerImpl: Adding task set 0.0 with 2 tasks resource profile 0
24/12/31 11:29:09 INFO TaskSetManager: Starting task 0.0 in stage 0.0 (TID 0) (192.168.29.182, executor driver, partition 0, PROCESS_LOCAL, 9088 bytes) 
24/12/31 11:29:09 INFO TaskSetManager: Starting task 1.0 in stage 0.0 (TID 1) (192.168.29.182, executor driver, partition 1, PROCESS_LOCAL, 9088 bytes) 
24/12/31 11:29:09 INFO Executor: Running task 1.0 in stage 0.0 (TID 1)
24/12/31 11:29:09 INFO Executor: Running task 0.0 in stage 0.0 (TID 0)
24/12/31 11:29:09 INFO HadoopRDD: Input split: file:/home/bidut/Desktop/dev/pyspark_learn/Course01Learn/02-HelloRDD/data/sample.csv:0+903
24/12/31 11:29:09 INFO HadoopRDD: Input split: file:/home/bidut/Desktop/dev/pyspark_learn/Course01Learn/02-HelloRDD/data/sample.csv:903+904
24/12/31 11:29:10 INFO PythonRunner: Times: total = 543, boot = 484, init = 59, finish = 0
24/12/31 11:29:10 INFO PythonRunner: Times: total = 543, boot = 489, init = 54, finish = 0
24/12/31 11:29:10 INFO Executor: Finished task 0.0 in stage 0.0 (TID 0). 1626 bytes result sent to driver
24/12/31 11:29:10 INFO Executor: Finished task 1.0 in stage 0.0 (TID 1). 1626 bytes result sent to driver
24/12/31 11:29:10 INFO TaskSetManager: Finished task 0.0 in stage 0.0 (TID 0) in 957 ms on 192.168.29.182 (executor driver) (1/2)
24/12/31 11:29:10 INFO TaskSetManager: Finished task 1.0 in stage 0.0 (TID 1) in 945 ms on 192.168.29.182 (executor driver) (2/2)
24/12/31 11:29:10 INFO TaskSchedulerImpl: Removed TaskSet 0.0, whose tasks have all completed, from pool 
24/12/31 11:29:10 INFO PythonAccumulatorV2: Connected to AccumulatorServer at host: 127.0.0.1 port: 38741
24/12/31 11:29:10 INFO DAGScheduler: ShuffleMapStage 0 (coalesce at NativeMethodAccessorImpl.java:0) finished in 1.051 s
24/12/31 11:29:10 INFO DAGScheduler: looking for newly runnable stages
24/12/31 11:29:10 INFO DAGScheduler: running: Set()
24/12/31 11:29:10 INFO DAGScheduler: waiting: Set(ShuffleMapStage 1, ResultStage 2)
24/12/31 11:29:10 INFO DAGScheduler: failed: Set()
24/12/31 11:29:10 INFO DAGScheduler: Submitting ShuffleMapStage 1 (PairwiseRDD[8] at reduceByKey at /home/bidut/Desktop/dev/pyspark_learn/Course01Learn/02-HelloRDD/HelloRDD.py:40), which has no missing parents
24/12/31 11:29:10 INFO MemoryStore: Block broadcast_2 stored as values in memory (estimated size 15.9 KiB, free 434.1 MiB)
24/12/31 11:29:10 INFO MemoryStore: Block broadcast_2_piece0 stored as bytes in memory (estimated size 9.2 KiB, free 434.1 MiB)
24/12/31 11:29:10 INFO BlockManagerInfo: Added broadcast_2_piece0 in memory on 192.168.29.182:42633 (size: 9.2 KiB, free: 434.4 MiB)
24/12/31 11:29:10 INFO SparkContext: Created broadcast 2 from broadcast at DAGScheduler.scala:1585
24/12/31 11:29:10 INFO DAGScheduler: Submitting 2 missing tasks from ShuffleMapStage 1 (PairwiseRDD[8] at reduceByKey at /home/bidut/Desktop/dev/pyspark_learn/Course01Learn/02-HelloRDD/HelloRDD.py:40) (first 15 tasks are for partitions Vector(0, 1))
24/12/31 11:29:10 INFO TaskSchedulerImpl: Adding task set 1.0 with 2 tasks resource profile 0
24/12/31 11:29:10 INFO TaskSetManager: Starting task 1.0 in stage 1.0 (TID 2) (192.168.29.182, executor driver, partition 1, NODE_LOCAL, 9082 bytes) 
24/12/31 11:29:10 INFO TaskSetManager: Starting task 0.0 in stage 1.0 (TID 3) (192.168.29.182, executor driver, partition 0, PROCESS_LOCAL, 9082 bytes) 
24/12/31 11:29:10 INFO Executor: Running task 0.0 in stage 1.0 (TID 3)
24/12/31 11:29:10 INFO Executor: Running task 1.0 in stage 1.0 (TID 2)
24/12/31 11:29:10 INFO ShuffleBlockFetcherIterator: Getting 2 (1083.0 B) non-empty blocks including 2 (1083.0 B) local and 0 (0.0 B) host-local and 0 (0.0 B) push-merged-local and 0 (0.0 B) remote blocks
24/12/31 11:29:10 INFO ShuffleBlockFetcherIterator: Getting 0 (0.0 B) non-empty blocks including 0 (0.0 B) local and 0 (0.0 B) host-local and 0 (0.0 B) push-merged-local and 0 (0.0 B) remote blocks
24/12/31 11:29:10 INFO ShuffleBlockFetcherIterator: Started 0 remote fetches in 8 ms
24/12/31 11:29:10 INFO ShuffleBlockFetcherIterator: Started 0 remote fetches in 8 ms
24/12/31 11:29:10 INFO PythonRunner: Times: total = 49, boot = -315, init = 363, finish = 1
24/12/31 11:29:10 INFO Executor: Finished task 0.0 in stage 1.0 (TID 3). 2142 bytes result sent to driver
24/12/31 11:29:10 INFO TaskSetManager: Finished task 0.0 in stage 1.0 (TID 3) in 79 ms on 192.168.29.182 (executor driver) (1/2)
24/12/31 11:29:10 INFO PythonRunner: Times: total = 54, boot = -315, init = 368, finish = 1
24/12/31 11:29:10 INFO Executor: Finished task 1.0 in stage 1.0 (TID 2). 2228 bytes result sent to driver
24/12/31 11:29:10 INFO TaskSetManager: Finished task 1.0 in stage 1.0 (TID 2) in 103 ms on 192.168.29.182 (executor driver) (2/2)
24/12/31 11:29:10 INFO TaskSchedulerImpl: Removed TaskSet 1.0, whose tasks have all completed, from pool 
24/12/31 11:29:10 INFO DAGScheduler: ShuffleMapStage 1 (reduceByKey at /home/bidut/Desktop/dev/pyspark_learn/Course01Learn/02-HelloRDD/HelloRDD.py:40) finished in 0.123 s
24/12/31 11:29:10 INFO DAGScheduler: looking for newly runnable stages
24/12/31 11:29:10 INFO DAGScheduler: running: Set()
24/12/31 11:29:10 INFO DAGScheduler: waiting: Set(ResultStage 2)
24/12/31 11:29:10 INFO DAGScheduler: failed: Set()
24/12/31 11:29:10 INFO DAGScheduler: Submitting ResultStage 2 (PythonRDD[11] at collect at /home/bidut/Desktop/dev/pyspark_learn/Course01Learn/02-HelloRDD/HelloRDD.py:42), which has no missing parents
24/12/31 11:29:10 INFO MemoryStore: Block broadcast_3 stored as values in memory (estimated size 9.9 KiB, free 434.1 MiB)
24/12/31 11:29:10 INFO MemoryStore: Block broadcast_3_piece0 stored as bytes in memory (estimated size 5.9 KiB, free 434.1 MiB)
24/12/31 11:29:10 INFO BlockManagerInfo: Added broadcast_3_piece0 in memory on 192.168.29.182:42633 (size: 5.9 KiB, free: 434.3 MiB)
24/12/31 11:29:10 INFO SparkContext: Created broadcast 3 from broadcast at DAGScheduler.scala:1585
24/12/31 11:29:10 INFO DAGScheduler: Submitting 2 missing tasks from ResultStage 2 (PythonRDD[11] at collect at /home/bidut/Desktop/dev/pyspark_learn/Course01Learn/02-HelloRDD/HelloRDD.py:42) (first 15 tasks are for partitions Vector(0, 1))
24/12/31 11:29:10 INFO TaskSchedulerImpl: Adding task set 2.0 with 2 tasks resource profile 0
24/12/31 11:29:10 INFO TaskSetManager: Starting task 0.0 in stage 2.0 (TID 4) (192.168.29.182, executor driver, partition 0, NODE_LOCAL, 8817 bytes) 
24/12/31 11:29:10 INFO TaskSetManager: Starting task 1.0 in stage 2.0 (TID 5) (192.168.29.182, executor driver, partition 1, NODE_LOCAL, 8817 bytes) 
24/12/31 11:29:10 INFO Executor: Running task 1.0 in stage 2.0 (TID 5)
24/12/31 11:29:10 INFO Executor: Running task 0.0 in stage 2.0 (TID 4)
24/12/31 11:29:10 INFO ShuffleBlockFetcherIterator: Getting 1 (88.0 B) non-empty blocks including 1 (88.0 B) local and 0 (0.0 B) host-local and 0 (0.0 B) push-merged-local and 0 (0.0 B) remote blocks
24/12/31 11:29:10 INFO ShuffleBlockFetcherIterator: Started 0 remote fetches in 1 ms
24/12/31 11:29:10 INFO ShuffleBlockFetcherIterator: Getting 1 (106.0 B) non-empty blocks including 1 (106.0 B) local and 0 (0.0 B) host-local and 0 (0.0 B) push-merged-local and 0 (0.0 B) remote blocks
24/12/31 11:29:10 INFO ShuffleBlockFetcherIterator: Started 0 remote fetches in 1 ms
24/12/31 11:29:10 INFO PythonRunner: Times: total = 46, boot = -65, init = 110, finish = 1
24/12/31 11:29:10 INFO PythonRunner: Times: total = 45, boot = -63, init = 107, finish = 1
24/12/31 11:29:10 INFO Executor: Finished task 0.0 in stage 2.0 (TID 4). 2115 bytes result sent to driver
24/12/31 11:29:10 INFO Executor: Finished task 1.0 in stage 2.0 (TID 5). 2154 bytes result sent to driver
24/12/31 11:29:10 INFO TaskSetManager: Finished task 1.0 in stage 2.0 (TID 5) in 87 ms on 192.168.29.182 (executor driver) (1/2)
24/12/31 11:29:10 INFO TaskSetManager: Finished task 0.0 in stage 2.0 (TID 4) in 90 ms on 192.168.29.182 (executor driver) (2/2)
24/12/31 11:29:10 INFO TaskSchedulerImpl: Removed TaskSet 2.0, whose tasks have all completed, from pool 
24/12/31 11:29:10 INFO DAGScheduler: ResultStage 2 (collect at /home/bidut/Desktop/dev/pyspark_learn/Course01Learn/02-HelloRDD/HelloRDD.py:42) finished in 0.108 s
24/12/31 11:29:10 INFO DAGScheduler: Job 0 is finished. Cancelling potential speculative or zombie tasks for this job
24/12/31 11:29:10 INFO TaskSchedulerImpl: Killing all running tasks in stage 2: Stage finished
24/12/31 11:29:10 INFO DAGScheduler: Job 0 finished: collect at /home/bidut/Desktop/dev/pyspark_learn/Course01Learn/02-HelloRDD/HelloRDD.py:42, took 1.359919 s
24/12/31 11:29:10 INFO SparkContext: Invoking stop() from shutdown hook
24/12/31 11:29:10 INFO SparkContext: SparkContext is stopping with exitCode 0.
24/12/31 11:29:10 INFO AbstractConnector: Stopped Spark@727a381b{HTTP/1.1, (http/1.1)}{0.0.0.0:4041}
24/12/31 11:29:10 INFO SparkUI: Stopped Spark web UI at http://192.168.29.182:4041
24/12/31 11:29:10 INFO MapOutputTrackerMasterEndpoint: MapOutputTrackerMasterEndpoint stopped!
24/12/31 11:29:11 INFO MemoryStore: MemoryStore cleared
24/12/31 11:29:11 INFO BlockManager: BlockManager stopped
24/12/31 11:29:11 INFO BlockManagerMaster: BlockManagerMaster stopped
24/12/31 11:29:11 INFO OutputCommitCoordinator$OutputCommitCoordinatorEndpoint: OutputCommitCoordinator stopped!
24/12/31 11:29:11 INFO SparkContext: Successfully stopped SparkContext
24/12/31 11:29:11 INFO ShutdownHookManager: Shutdown hook called
24/12/31 11:29:11 INFO ShutdownHookManager: Deleting directory /tmp/spark-1f403cdc-f506-410f-af85-a5e0d0371364/pyspark-f19f5ab1-94ce-4608-b5d0-e477ca791312
24/12/31 11:29:11 INFO ShutdownHookManager: Deleting directory /tmp/spark-71678452-284b-4c41-bd30-ecea4d963548
24/12/31 11:29:11 INFO ShutdownHookManager: Deleting directory /tmp/spark-1f403cdc-f506-410f-af85-a5e0d0371364
24/12/31 11:32:00 WARN Utils: Your hostname, bidut-HP-Laptop-14s-fq1xxx resolves to a loopback address: 127.0.1.1; using 192.168.29.182 instead (on interface wlo1)
24/12/31 11:32:00 WARN Utils: Set SPARK_LOCAL_IP if you need to bind to another address
24/12/31 11:32:01 INFO SparkContext: Running Spark version 3.5.4
24/12/31 11:32:01 INFO SparkContext: OS info Linux, 5.15.0-126-generic, amd64
24/12/31 11:32:01 INFO SparkContext: Java version 11.0.25
24/12/31 11:32:01 WARN NativeCodeLoader: Unable to load native-hadoop library for your platform... using builtin-java classes where applicable
24/12/31 11:32:01 INFO ResourceUtils: ==============================================================
24/12/31 11:32:01 INFO ResourceUtils: No custom resources configured for spark.driver.
24/12/31 11:32:01 INFO ResourceUtils: ==============================================================
24/12/31 11:32:01 INFO SparkContext: Submitted application: HelloRDD
24/12/31 11:32:01 INFO ResourceProfile: Default ResourceProfile created, executor resources: Map(cores -> name: cores, amount: 1, script: , vendor: , memory -> name: memory, amount: 1024, script: , vendor: , offHeap -> name: offHeap, amount: 0, script: , vendor: ), task resources: Map(cpus -> name: cpus, amount: 1.0)
24/12/31 11:32:01 INFO ResourceProfile: Limiting resource is cpu
24/12/31 11:32:01 INFO ResourceProfileManager: Added ResourceProfile id: 0
24/12/31 11:32:01 INFO SecurityManager: Changing view acls to: bidut
24/12/31 11:32:01 INFO SecurityManager: Changing modify acls to: bidut
24/12/31 11:32:01 INFO SecurityManager: Changing view acls groups to: 
24/12/31 11:32:01 INFO SecurityManager: Changing modify acls groups to: 
24/12/31 11:32:01 INFO SecurityManager: SecurityManager: authentication disabled; ui acls disabled; users with view permissions: bidut; groups with view permissions: EMPTY; users with modify permissions: bidut; groups with modify permissions: EMPTY
24/12/31 11:32:01 INFO Utils: Successfully started service 'sparkDriver' on port 34797.
24/12/31 11:32:01 INFO SparkEnv: Registering MapOutputTracker
24/12/31 11:32:02 INFO SparkEnv: Registering BlockManagerMaster
24/12/31 11:32:02 INFO BlockManagerMasterEndpoint: Using org.apache.spark.storage.DefaultTopologyMapper for getting topology information
24/12/31 11:32:02 INFO BlockManagerMasterEndpoint: BlockManagerMasterEndpoint up
24/12/31 11:32:02 INFO SparkEnv: Registering BlockManagerMasterHeartbeat
24/12/31 11:32:02 INFO DiskBlockManager: Created local directory at /tmp/blockmgr-2e48d682-fce2-4bac-9799-93c9890f2e96
24/12/31 11:32:02 INFO MemoryStore: MemoryStore started with capacity 434.4 MiB
24/12/31 11:32:02 INFO SparkEnv: Registering OutputCommitCoordinator
24/12/31 11:32:02 INFO log: Logging initialized @2528ms to org.sparkproject.jetty.util.log.Slf4jLog
24/12/31 11:32:02 INFO JettyUtils: Start Jetty 0.0.0.0:4040 for SparkUI
24/12/31 11:32:02 INFO Server: jetty-9.4.56.v20240826; built: 2024-08-26T17:15:05.868Z; git: ec6782ff5ead824dabdcf47fa98f90a4aedff401; jvm 11.0.25+9-post-Ubuntu-1ubuntu120.04
24/12/31 11:32:02 INFO Server: Started @2695ms
24/12/31 11:32:02 WARN Utils: Service 'SparkUI' could not bind on port 4040. Attempting port 4041.
24/12/31 11:32:02 INFO AbstractConnector: Started ServerConnector@4cb2c911{HTTP/1.1, (http/1.1)}{0.0.0.0:4041}
24/12/31 11:32:02 INFO Utils: Successfully started service 'SparkUI' on port 4041.
24/12/31 11:32:02 INFO ContextHandler: Started o.s.j.s.ServletContextHandler@74445523{/,null,AVAILABLE,@Spark}
24/12/31 11:32:02 INFO Executor: Starting executor ID driver on host 192.168.29.182
24/12/31 11:32:02 INFO Executor: OS info Linux, 5.15.0-126-generic, amd64
24/12/31 11:32:02 INFO Executor: Java version 11.0.25
24/12/31 11:32:02 INFO Executor: Starting executor with user classpath (userClassPathFirst = false): ''
24/12/31 11:32:02 INFO Executor: Created or updated repl class loader org.apache.spark.util.MutableURLClassLoader@26e841a8 for default.
24/12/31 11:32:02 INFO Utils: Successfully started service 'org.apache.spark.network.netty.NettyBlockTransferService' on port 44045.
24/12/31 11:32:02 INFO NettyBlockTransferService: Server created on 192.168.29.182:44045
24/12/31 11:32:02 INFO BlockManager: Using org.apache.spark.storage.RandomBlockReplicationPolicy for block replication policy
24/12/31 11:32:02 INFO BlockManagerMaster: Registering BlockManager BlockManagerId(driver, 192.168.29.182, 44045, None)
24/12/31 11:32:02 INFO BlockManagerMasterEndpoint: Registering block manager 192.168.29.182:44045 with 434.4 MiB RAM, BlockManagerId(driver, 192.168.29.182, 44045, None)
24/12/31 11:32:02 INFO BlockManagerMaster: Registered BlockManager BlockManagerId(driver, 192.168.29.182, 44045, None)
24/12/31 11:32:02 INFO BlockManager: Initialized BlockManager: BlockManagerId(driver, 192.168.29.182, 44045, None)
24/12/31 11:32:02 INFO ContextHandler: Stopped o.s.j.s.ServletContextHandler@74445523{/,null,STOPPED,@Spark}
24/12/31 11:32:02 INFO ContextHandler: Started o.s.j.s.ServletContextHandler@3e30678f{/jobs,null,AVAILABLE,@Spark}
24/12/31 11:32:02 INFO ContextHandler: Started o.s.j.s.ServletContextHandler@7c83137b{/jobs/json,null,AVAILABLE,@Spark}
24/12/31 11:32:02 INFO ContextHandler: Started o.s.j.s.ServletContextHandler@58ebcfc6{/jobs/job,null,AVAILABLE,@Spark}
24/12/31 11:32:02 INFO ContextHandler: Started o.s.j.s.ServletContextHandler@6dfefef6{/jobs/job/json,null,AVAILABLE,@Spark}
24/12/31 11:32:02 INFO ContextHandler: Started o.s.j.s.ServletContextHandler@6fa1f709{/stages,null,AVAILABLE,@Spark}
24/12/31 11:32:02 INFO ContextHandler: Started o.s.j.s.ServletContextHandler@626b10b5{/stages/json,null,AVAILABLE,@Spark}
24/12/31 11:32:02 INFO ContextHandler: Started o.s.j.s.ServletContextHandler@52f56b91{/stages/stage,null,AVAILABLE,@Spark}
24/12/31 11:32:02 INFO ContextHandler: Started o.s.j.s.ServletContextHandler@4acc33a1{/stages/stage/json,null,AVAILABLE,@Spark}
24/12/31 11:32:02 INFO ContextHandler: Started o.s.j.s.ServletContextHandler@4661125b{/stages/pool,null,AVAILABLE,@Spark}
24/12/31 11:32:02 INFO ContextHandler: Started o.s.j.s.ServletContextHandler@1fd2854{/stages/pool/json,null,AVAILABLE,@Spark}
24/12/31 11:32:02 INFO ContextHandler: Started o.s.j.s.ServletContextHandler@7abaef82{/storage,null,AVAILABLE,@Spark}
24/12/31 11:32:02 INFO ContextHandler: Started o.s.j.s.ServletContextHandler@246d662{/storage/json,null,AVAILABLE,@Spark}
24/12/31 11:32:02 INFO ContextHandler: Started o.s.j.s.ServletContextHandler@2524a505{/storage/rdd,null,AVAILABLE,@Spark}
24/12/31 11:32:02 INFO ContextHandler: Started o.s.j.s.ServletContextHandler@74f6f0e3{/storage/rdd/json,null,AVAILABLE,@Spark}
24/12/31 11:32:02 INFO ContextHandler: Started o.s.j.s.ServletContextHandler@aace95{/environment,null,AVAILABLE,@Spark}
24/12/31 11:32:02 INFO ContextHandler: Started o.s.j.s.ServletContextHandler@3d8be64e{/environment/json,null,AVAILABLE,@Spark}
24/12/31 11:32:02 INFO ContextHandler: Started o.s.j.s.ServletContextHandler@596f017e{/executors,null,AVAILABLE,@Spark}
24/12/31 11:32:02 INFO ContextHandler: Started o.s.j.s.ServletContextHandler@ebc6575{/executors/json,null,AVAILABLE,@Spark}
24/12/31 11:32:02 INFO ContextHandler: Started o.s.j.s.ServletContextHandler@1defe2f9{/executors/threadDump,null,AVAILABLE,@Spark}
24/12/31 11:32:02 INFO ContextHandler: Started o.s.j.s.ServletContextHandler@269da36e{/executors/threadDump/json,null,AVAILABLE,@Spark}
24/12/31 11:32:02 INFO ContextHandler: Started o.s.j.s.ServletContextHandler@2bc5b9ce{/executors/heapHistogram,null,AVAILABLE,@Spark}
24/12/31 11:32:02 INFO ContextHandler: Started o.s.j.s.ServletContextHandler@149ea06b{/executors/heapHistogram/json,null,AVAILABLE,@Spark}
24/12/31 11:32:02 INFO ContextHandler: Started o.s.j.s.ServletContextHandler@206fe857{/static,null,AVAILABLE,@Spark}
24/12/31 11:32:02 INFO ContextHandler: Started o.s.j.s.ServletContextHandler@1a7e1478{/,null,AVAILABLE,@Spark}
24/12/31 11:32:02 INFO ContextHandler: Started o.s.j.s.ServletContextHandler@24e9ea40{/api,null,AVAILABLE,@Spark}
24/12/31 11:32:02 INFO ContextHandler: Started o.s.j.s.ServletContextHandler@7b8c19fb{/jobs/job/kill,null,AVAILABLE,@Spark}
24/12/31 11:32:02 INFO ContextHandler: Started o.s.j.s.ServletContextHandler@120995ad{/stages/stage/kill,null,AVAILABLE,@Spark}
24/12/31 11:32:02 INFO ContextHandler: Started o.s.j.s.ServletContextHandler@3f6db6c{/metrics/json,null,AVAILABLE,@Spark}
24/12/31 11:32:03 INFO MemoryStore: Block broadcast_0 stored as values in memory (estimated size 221.5 KiB, free 434.2 MiB)
24/12/31 11:32:03 INFO MemoryStore: Block broadcast_0_piece0 stored as bytes in memory (estimated size 32.6 KiB, free 434.2 MiB)
24/12/31 11:32:03 INFO BlockManagerInfo: Added broadcast_0_piece0 in memory on 192.168.29.182:44045 (size: 32.6 KiB, free: 434.4 MiB)
24/12/31 11:32:03 INFO SparkContext: Created broadcast 0 from textFile at NativeMethodAccessorImpl.java:0
24/12/31 11:32:03 INFO FileInputFormat: Total input files to process : 1
24/12/31 11:32:03 INFO SparkContext: Starting job: runJob at PythonRDD.scala:181
24/12/31 11:32:03 INFO DAGScheduler: Registering RDD 3 (coalesce at NativeMethodAccessorImpl.java:0) as input to shuffle 0
24/12/31 11:32:03 INFO DAGScheduler: Got job 0 (runJob at PythonRDD.scala:181) with 1 output partitions
24/12/31 11:32:03 INFO DAGScheduler: Final stage: ResultStage 1 (runJob at PythonRDD.scala:181)
24/12/31 11:32:03 INFO DAGScheduler: Parents of final stage: List(ShuffleMapStage 0)
24/12/31 11:32:03 INFO DAGScheduler: Missing parents: List(ShuffleMapStage 0)
24/12/31 11:32:03 INFO DAGScheduler: Submitting ShuffleMapStage 0 (MapPartitionsRDD[3] at coalesce at NativeMethodAccessorImpl.java:0), which has no missing parents
24/12/31 11:32:03 INFO MemoryStore: Block broadcast_1 stored as values in memory (estimated size 9.2 KiB, free 434.1 MiB)
24/12/31 11:32:03 INFO MemoryStore: Block broadcast_1_piece0 stored as bytes in memory (estimated size 5.5 KiB, free 434.1 MiB)
24/12/31 11:32:03 INFO BlockManagerInfo: Added broadcast_1_piece0 in memory on 192.168.29.182:44045 (size: 5.5 KiB, free: 434.4 MiB)
24/12/31 11:32:03 INFO SparkContext: Created broadcast 1 from broadcast at DAGScheduler.scala:1585
24/12/31 11:32:03 INFO DAGScheduler: Submitting 2 missing tasks from ShuffleMapStage 0 (MapPartitionsRDD[3] at coalesce at NativeMethodAccessorImpl.java:0) (first 15 tasks are for partitions Vector(0, 1))
24/12/31 11:32:03 INFO TaskSchedulerImpl: Adding task set 0.0 with 2 tasks resource profile 0
24/12/31 11:32:03 INFO TaskSetManager: Starting task 0.0 in stage 0.0 (TID 0) (192.168.29.182, executor driver, partition 0, PROCESS_LOCAL, 9088 bytes) 
24/12/31 11:32:03 INFO TaskSetManager: Starting task 1.0 in stage 0.0 (TID 1) (192.168.29.182, executor driver, partition 1, PROCESS_LOCAL, 9088 bytes) 
24/12/31 11:32:04 INFO Executor: Running task 1.0 in stage 0.0 (TID 1)
24/12/31 11:32:04 INFO Executor: Running task 0.0 in stage 0.0 (TID 0)
24/12/31 11:32:04 INFO HadoopRDD: Input split: file:/home/bidut/Desktop/dev/pyspark_learn/Course01Learn/02-HelloRDD/data/sample.csv:903+904
24/12/31 11:32:04 INFO HadoopRDD: Input split: file:/home/bidut/Desktop/dev/pyspark_learn/Course01Learn/02-HelloRDD/data/sample.csv:0+903
24/12/31 11:32:04 INFO PythonRunner: Times: total = 604, boot = 555, init = 48, finish = 1
24/12/31 11:32:04 INFO PythonRunner: Times: total = 604, boot = 546, init = 57, finish = 1
24/12/31 11:32:05 INFO Executor: Finished task 1.0 in stage 0.0 (TID 1). 1626 bytes result sent to driver
24/12/31 11:32:05 INFO Executor: Finished task 0.0 in stage 0.0 (TID 0). 1626 bytes result sent to driver
24/12/31 11:32:05 INFO TaskSetManager: Finished task 0.0 in stage 0.0 (TID 0) in 1082 ms on 192.168.29.182 (executor driver) (1/2)
24/12/31 11:32:05 INFO TaskSetManager: Finished task 1.0 in stage 0.0 (TID 1) in 1066 ms on 192.168.29.182 (executor driver) (2/2)
24/12/31 11:32:05 INFO TaskSchedulerImpl: Removed TaskSet 0.0, whose tasks have all completed, from pool 
24/12/31 11:32:05 INFO PythonAccumulatorV2: Connected to AccumulatorServer at host: 127.0.0.1 port: 49367
24/12/31 11:32:05 INFO DAGScheduler: ShuffleMapStage 0 (coalesce at NativeMethodAccessorImpl.java:0) finished in 1.238 s
24/12/31 11:32:05 INFO DAGScheduler: looking for newly runnable stages
24/12/31 11:32:05 INFO DAGScheduler: running: Set()
24/12/31 11:32:05 INFO DAGScheduler: waiting: Set(ResultStage 1)
24/12/31 11:32:05 INFO DAGScheduler: failed: Set()
24/12/31 11:32:05 INFO DAGScheduler: Submitting ResultStage 1 (PythonRDD[7] at RDD at PythonRDD.scala:53), which has no missing parents
24/12/31 11:32:05 INFO MemoryStore: Block broadcast_2 stored as values in memory (estimated size 9.6 KiB, free 434.1 MiB)
24/12/31 11:32:05 INFO MemoryStore: Block broadcast_2_piece0 stored as bytes in memory (estimated size 5.7 KiB, free 434.1 MiB)
24/12/31 11:32:05 INFO BlockManagerInfo: Added broadcast_2_piece0 in memory on 192.168.29.182:44045 (size: 5.7 KiB, free: 434.4 MiB)
24/12/31 11:32:05 INFO SparkContext: Created broadcast 2 from broadcast at DAGScheduler.scala:1585
24/12/31 11:32:05 INFO DAGScheduler: Submitting 1 missing tasks from ResultStage 1 (PythonRDD[7] at RDD at PythonRDD.scala:53) (first 15 tasks are for partitions Vector(0))
24/12/31 11:32:05 INFO TaskSchedulerImpl: Adding task set 1.0 with 1 tasks resource profile 0
24/12/31 11:32:05 INFO TaskSetManager: Starting task 0.0 in stage 1.0 (TID 2) (192.168.29.182, executor driver, partition 0, PROCESS_LOCAL, 9093 bytes) 
24/12/31 11:32:05 INFO Executor: Running task 0.0 in stage 1.0 (TID 2)
24/12/31 11:32:05 INFO ShuffleBlockFetcherIterator: Getting 0 (0.0 B) non-empty blocks including 0 (0.0 B) local and 0 (0.0 B) host-local and 0 (0.0 B) push-merged-local and 0 (0.0 B) remote blocks
24/12/31 11:32:05 INFO ShuffleBlockFetcherIterator: Started 0 remote fetches in 7 ms
24/12/31 11:32:05 INFO PythonRunner: Times: total = 49, boot = -344, init = 393, finish = 0
24/12/31 11:32:05 INFO Executor: Finished task 0.0 in stage 1.0 (TID 2). 2057 bytes result sent to driver
24/12/31 11:32:05 INFO TaskSetManager: Finished task 0.0 in stage 1.0 (TID 2) in 92 ms on 192.168.29.182 (executor driver) (1/1)
24/12/31 11:32:05 INFO TaskSchedulerImpl: Removed TaskSet 1.0, whose tasks have all completed, from pool 
24/12/31 11:32:05 INFO DAGScheduler: ResultStage 1 (runJob at PythonRDD.scala:181) finished in 0.109 s
24/12/31 11:32:05 INFO DAGScheduler: Job 0 is finished. Cancelling potential speculative or zombie tasks for this job
24/12/31 11:32:05 INFO TaskSchedulerImpl: Killing all running tasks in stage 1: Stage finished
24/12/31 11:32:05 INFO DAGScheduler: Job 0 finished: runJob at PythonRDD.scala:181, took 1.415766 s
24/12/31 11:32:05 INFO SparkContext: Starting job: runJob at PythonRDD.scala:181
24/12/31 11:32:05 INFO DAGScheduler: Got job 1 (runJob at PythonRDD.scala:181) with 1 output partitions
24/12/31 11:32:05 INFO DAGScheduler: Final stage: ResultStage 3 (runJob at PythonRDD.scala:181)
24/12/31 11:32:05 INFO DAGScheduler: Parents of final stage: List(ShuffleMapStage 2)
24/12/31 11:32:05 INFO DAGScheduler: Missing parents: List()
24/12/31 11:32:05 INFO DAGScheduler: Submitting ResultStage 3 (PythonRDD[8] at RDD at PythonRDD.scala:53), which has no missing parents
24/12/31 11:32:05 INFO MemoryStore: Block broadcast_3 stored as values in memory (estimated size 9.6 KiB, free 434.1 MiB)
24/12/31 11:32:05 INFO MemoryStore: Block broadcast_3_piece0 stored as bytes in memory (estimated size 5.7 KiB, free 434.1 MiB)
24/12/31 11:32:05 INFO BlockManagerInfo: Added broadcast_3_piece0 in memory on 192.168.29.182:44045 (size: 5.7 KiB, free: 434.4 MiB)
24/12/31 11:32:05 INFO SparkContext: Created broadcast 3 from broadcast at DAGScheduler.scala:1585
24/12/31 11:32:05 INFO DAGScheduler: Submitting 1 missing tasks from ResultStage 3 (PythonRDD[8] at RDD at PythonRDD.scala:53) (first 15 tasks are for partitions Vector(1))
24/12/31 11:32:05 INFO TaskSchedulerImpl: Adding task set 3.0 with 1 tasks resource profile 0
24/12/31 11:32:05 INFO TaskSetManager: Starting task 0.0 in stage 3.0 (TID 3) (192.168.29.182, executor driver, partition 1, NODE_LOCAL, 9093 bytes) 
24/12/31 11:32:05 INFO Executor: Running task 0.0 in stage 3.0 (TID 3)
24/12/31 11:32:05 INFO ShuffleBlockFetcherIterator: Getting 2 (1083.0 B) non-empty blocks including 2 (1083.0 B) local and 0 (0.0 B) host-local and 0 (0.0 B) push-merged-local and 0 (0.0 B) remote blocks
24/12/31 11:32:05 INFO ShuffleBlockFetcherIterator: Started 0 remote fetches in 4 ms
24/12/31 11:32:05 INFO PythonRunner: Times: total = 49, boot = -488, init = 536, finish = 1
24/12/31 11:32:05 INFO Executor: Finished task 0.0 in stage 3.0 (TID 3). 3244 bytes result sent to driver
24/12/31 11:32:05 INFO TaskSetManager: Finished task 0.0 in stage 3.0 (TID 3) in 72 ms on 192.168.29.182 (executor driver) (1/1)
24/12/31 11:32:05 INFO TaskSchedulerImpl: Removed TaskSet 3.0, whose tasks have all completed, from pool 
24/12/31 11:32:05 INFO DAGScheduler: ResultStage 3 (runJob at PythonRDD.scala:181) finished in 0.089 s
24/12/31 11:32:05 INFO DAGScheduler: Job 1 is finished. Cancelling potential speculative or zombie tasks for this job
24/12/31 11:32:05 INFO TaskSchedulerImpl: Killing all running tasks in stage 3: Stage finished
24/12/31 11:32:05 INFO DAGScheduler: Job 1 finished: runJob at PythonRDD.scala:181, took 0.104155 s
24/12/31 11:32:05 INFO SparkContext: Starting job: runJob at PythonRDD.scala:181
24/12/31 11:32:05 INFO DAGScheduler: Got job 2 (runJob at PythonRDD.scala:181) with 1 output partitions
24/12/31 11:32:05 INFO DAGScheduler: Final stage: ResultStage 5 (runJob at PythonRDD.scala:181)
24/12/31 11:32:05 INFO DAGScheduler: Parents of final stage: List(ShuffleMapStage 4)
24/12/31 11:32:05 INFO DAGScheduler: Missing parents: List()
24/12/31 11:32:05 INFO DAGScheduler: Submitting ResultStage 5 (PythonRDD[9] at RDD at PythonRDD.scala:53), which has no missing parents
24/12/31 11:32:05 INFO MemoryStore: Block broadcast_4 stored as values in memory (estimated size 12.6 KiB, free 434.1 MiB)
24/12/31 11:32:05 INFO MemoryStore: Block broadcast_4_piece0 stored as bytes in memory (estimated size 7.5 KiB, free 434.1 MiB)
24/12/31 11:32:05 INFO BlockManagerInfo: Added broadcast_4_piece0 in memory on 192.168.29.182:44045 (size: 7.5 KiB, free: 434.3 MiB)
24/12/31 11:32:05 INFO SparkContext: Created broadcast 4 from broadcast at DAGScheduler.scala:1585
24/12/31 11:32:05 INFO DAGScheduler: Submitting 1 missing tasks from ResultStage 5 (PythonRDD[9] at RDD at PythonRDD.scala:53) (first 15 tasks are for partitions Vector(0))
24/12/31 11:32:05 INFO TaskSchedulerImpl: Adding task set 5.0 with 1 tasks resource profile 0
24/12/31 11:32:05 INFO TaskSetManager: Starting task 0.0 in stage 5.0 (TID 4) (192.168.29.182, executor driver, partition 0, PROCESS_LOCAL, 9093 bytes) 
24/12/31 11:32:05 INFO Executor: Running task 0.0 in stage 5.0 (TID 4)
24/12/31 11:32:05 INFO ShuffleBlockFetcherIterator: Getting 0 (0.0 B) non-empty blocks including 0 (0.0 B) local and 0 (0.0 B) host-local and 0 (0.0 B) push-merged-local and 0 (0.0 B) remote blocks
24/12/31 11:32:05 INFO ShuffleBlockFetcherIterator: Started 0 remote fetches in 2 ms
24/12/31 11:32:05 INFO PythonRunner: Times: total = 43, boot = -200, init = 243, finish = 0
24/12/31 11:32:05 INFO Executor: Finished task 0.0 in stage 5.0 (TID 4). 2057 bytes result sent to driver
24/12/31 11:32:05 INFO TaskSetManager: Finished task 0.0 in stage 5.0 (TID 4) in 62 ms on 192.168.29.182 (executor driver) (1/1)
24/12/31 11:32:05 INFO TaskSchedulerImpl: Removed TaskSet 5.0, whose tasks have all completed, from pool 
24/12/31 11:32:05 INFO DAGScheduler: ResultStage 5 (runJob at PythonRDD.scala:181) finished in 0.078 s
24/12/31 11:32:05 INFO DAGScheduler: Job 2 is finished. Cancelling potential speculative or zombie tasks for this job
24/12/31 11:32:05 INFO TaskSchedulerImpl: Killing all running tasks in stage 5: Stage finished
24/12/31 11:32:05 INFO DAGScheduler: Job 2 finished: runJob at PythonRDD.scala:181, took 0.087917 s
24/12/31 11:32:05 INFO SparkContext: Starting job: runJob at PythonRDD.scala:181
24/12/31 11:32:05 INFO DAGScheduler: Got job 3 (runJob at PythonRDD.scala:181) with 1 output partitions
24/12/31 11:32:05 INFO DAGScheduler: Final stage: ResultStage 7 (runJob at PythonRDD.scala:181)
24/12/31 11:32:05 INFO DAGScheduler: Parents of final stage: List(ShuffleMapStage 6)
24/12/31 11:32:05 INFO DAGScheduler: Missing parents: List()
24/12/31 11:32:05 INFO DAGScheduler: Submitting ResultStage 7 (PythonRDD[10] at RDD at PythonRDD.scala:53), which has no missing parents
24/12/31 11:32:05 INFO MemoryStore: Block broadcast_5 stored as values in memory (estimated size 12.6 KiB, free 434.1 MiB)
24/12/31 11:32:05 INFO MemoryStore: Block broadcast_5_piece0 stored as bytes in memory (estimated size 7.5 KiB, free 434.1 MiB)
24/12/31 11:32:05 INFO BlockManagerInfo: Added broadcast_5_piece0 in memory on 192.168.29.182:44045 (size: 7.5 KiB, free: 434.3 MiB)
24/12/31 11:32:05 INFO SparkContext: Created broadcast 5 from broadcast at DAGScheduler.scala:1585
24/12/31 11:32:05 INFO DAGScheduler: Submitting 1 missing tasks from ResultStage 7 (PythonRDD[10] at RDD at PythonRDD.scala:53) (first 15 tasks are for partitions Vector(1))
24/12/31 11:32:05 INFO TaskSchedulerImpl: Adding task set 7.0 with 1 tasks resource profile 0
24/12/31 11:32:05 INFO TaskSetManager: Starting task 0.0 in stage 7.0 (TID 5) (192.168.29.182, executor driver, partition 1, NODE_LOCAL, 9093 bytes) 
24/12/31 11:32:05 INFO Executor: Running task 0.0 in stage 7.0 (TID 5)
24/12/31 11:32:05 INFO ShuffleBlockFetcherIterator: Getting 2 (1083.0 B) non-empty blocks including 2 (1083.0 B) local and 0 (0.0 B) host-local and 0 (0.0 B) push-merged-local and 0 (0.0 B) remote blocks
24/12/31 11:32:05 INFO ShuffleBlockFetcherIterator: Started 0 remote fetches in 1 ms
24/12/31 11:32:05 INFO PythonRunner: Times: total = 44, boot = -53, init = 95, finish = 2
24/12/31 11:32:05 INFO Executor: Finished task 0.0 in stage 7.0 (TID 5). 11745 bytes result sent to driver
24/12/31 11:32:05 INFO TaskSetManager: Finished task 0.0 in stage 7.0 (TID 5) in 61 ms on 192.168.29.182 (executor driver) (1/1)
24/12/31 11:32:05 INFO TaskSchedulerImpl: Removed TaskSet 7.0, whose tasks have all completed, from pool 
24/12/31 11:32:05 INFO DAGScheduler: ResultStage 7 (runJob at PythonRDD.scala:181) finished in 0.073 s
24/12/31 11:32:05 INFO DAGScheduler: Job 3 is finished. Cancelling potential speculative or zombie tasks for this job
24/12/31 11:32:05 INFO TaskSchedulerImpl: Killing all running tasks in stage 7: Stage finished
24/12/31 11:32:05 INFO DAGScheduler: Job 3 finished: runJob at PythonRDD.scala:181, took 0.084722 s
24/12/31 11:32:05 INFO SparkContext: Starting job: runJob at PythonRDD.scala:181
24/12/31 11:32:05 INFO DAGScheduler: Got job 4 (runJob at PythonRDD.scala:181) with 1 output partitions
24/12/31 11:32:05 INFO DAGScheduler: Final stage: ResultStage 9 (runJob at PythonRDD.scala:181)
24/12/31 11:32:05 INFO DAGScheduler: Parents of final stage: List(ShuffleMapStage 8)
24/12/31 11:32:05 INFO DAGScheduler: Missing parents: List()
24/12/31 11:32:05 INFO DAGScheduler: Submitting ResultStage 9 (PythonRDD[11] at RDD at PythonRDD.scala:53), which has no missing parents
24/12/31 11:32:05 INFO MemoryStore: Block broadcast_6 stored as values in memory (estimated size 13.3 KiB, free 434.1 MiB)
24/12/31 11:32:05 INFO MemoryStore: Block broadcast_6_piece0 stored as bytes in memory (estimated size 7.7 KiB, free 434.0 MiB)
24/12/31 11:32:05 INFO BlockManagerInfo: Added broadcast_6_piece0 in memory on 192.168.29.182:44045 (size: 7.7 KiB, free: 434.3 MiB)
24/12/31 11:32:05 INFO SparkContext: Created broadcast 6 from broadcast at DAGScheduler.scala:1585
24/12/31 11:32:05 INFO DAGScheduler: Submitting 1 missing tasks from ResultStage 9 (PythonRDD[11] at RDD at PythonRDD.scala:53) (first 15 tasks are for partitions Vector(0))
24/12/31 11:32:05 INFO TaskSchedulerImpl: Adding task set 9.0 with 1 tasks resource profile 0
24/12/31 11:32:05 INFO TaskSetManager: Starting task 0.0 in stage 9.0 (TID 6) (192.168.29.182, executor driver, partition 0, PROCESS_LOCAL, 9093 bytes) 
24/12/31 11:32:05 INFO Executor: Running task 0.0 in stage 9.0 (TID 6)
24/12/31 11:32:05 INFO ShuffleBlockFetcherIterator: Getting 0 (0.0 B) non-empty blocks including 0 (0.0 B) local and 0 (0.0 B) host-local and 0 (0.0 B) push-merged-local and 0 (0.0 B) remote blocks
24/12/31 11:32:05 INFO ShuffleBlockFetcherIterator: Started 0 remote fetches in 1 ms
24/12/31 11:32:05 INFO PythonRunner: Times: total = 54, boot = 6, init = 48, finish = 0
24/12/31 11:32:05 INFO Executor: Finished task 0.0 in stage 9.0 (TID 6). 2057 bytes result sent to driver
24/12/31 11:32:05 INFO TaskSetManager: Finished task 0.0 in stage 9.0 (TID 6) in 69 ms on 192.168.29.182 (executor driver) (1/1)
24/12/31 11:32:05 INFO TaskSchedulerImpl: Removed TaskSet 9.0, whose tasks have all completed, from pool 
24/12/31 11:32:05 INFO DAGScheduler: ResultStage 9 (runJob at PythonRDD.scala:181) finished in 0.084 s
24/12/31 11:32:05 INFO DAGScheduler: Job 4 is finished. Cancelling potential speculative or zombie tasks for this job
24/12/31 11:32:05 INFO TaskSchedulerImpl: Killing all running tasks in stage 9: Stage finished
24/12/31 11:32:05 INFO DAGScheduler: Job 4 finished: runJob at PythonRDD.scala:181, took 0.094430 s
24/12/31 11:32:05 INFO SparkContext: Starting job: runJob at PythonRDD.scala:181
24/12/31 11:32:05 INFO DAGScheduler: Got job 5 (runJob at PythonRDD.scala:181) with 1 output partitions
24/12/31 11:32:05 INFO DAGScheduler: Final stage: ResultStage 11 (runJob at PythonRDD.scala:181)
24/12/31 11:32:05 INFO DAGScheduler: Parents of final stage: List(ShuffleMapStage 10)
24/12/31 11:32:05 INFO DAGScheduler: Missing parents: List()
24/12/31 11:32:05 INFO DAGScheduler: Submitting ResultStage 11 (PythonRDD[12] at RDD at PythonRDD.scala:53), which has no missing parents
24/12/31 11:32:05 INFO MemoryStore: Block broadcast_7 stored as values in memory (estimated size 13.3 KiB, free 434.0 MiB)
24/12/31 11:32:05 INFO MemoryStore: Block broadcast_7_piece0 stored as bytes in memory (estimated size 7.7 KiB, free 434.0 MiB)
24/12/31 11:32:05 INFO BlockManagerInfo: Added broadcast_7_piece0 in memory on 192.168.29.182:44045 (size: 7.7 KiB, free: 434.3 MiB)
24/12/31 11:32:05 INFO SparkContext: Created broadcast 7 from broadcast at DAGScheduler.scala:1585
24/12/31 11:32:05 INFO DAGScheduler: Submitting 1 missing tasks from ResultStage 11 (PythonRDD[12] at RDD at PythonRDD.scala:53) (first 15 tasks are for partitions Vector(1))
24/12/31 11:32:05 INFO TaskSchedulerImpl: Adding task set 11.0 with 1 tasks resource profile 0
24/12/31 11:32:05 INFO TaskSetManager: Starting task 0.0 in stage 11.0 (TID 7) (192.168.29.182, executor driver, partition 1, NODE_LOCAL, 9093 bytes) 
24/12/31 11:32:05 INFO Executor: Running task 0.0 in stage 11.0 (TID 7)
24/12/31 11:32:05 INFO ShuffleBlockFetcherIterator: Getting 2 (1083.0 B) non-empty blocks including 2 (1083.0 B) local and 0 (0.0 B) host-local and 0 (0.0 B) push-merged-local and 0 (0.0 B) remote blocks
24/12/31 11:32:05 INFO ShuffleBlockFetcherIterator: Started 0 remote fetches in 2 ms
24/12/31 11:32:05 INFO PythonRunner: Times: total = 45, boot = -36, init = 78, finish = 3
24/12/31 11:32:05 INFO Executor: Finished task 0.0 in stage 11.0 (TID 7). 11705 bytes result sent to driver
24/12/31 11:32:05 INFO TaskSetManager: Finished task 0.0 in stage 11.0 (TID 7) in 58 ms on 192.168.29.182 (executor driver) (1/1)
24/12/31 11:32:05 INFO TaskSchedulerImpl: Removed TaskSet 11.0, whose tasks have all completed, from pool 
24/12/31 11:32:05 INFO DAGScheduler: ResultStage 11 (runJob at PythonRDD.scala:181) finished in 0.072 s
24/12/31 11:32:05 INFO DAGScheduler: Job 5 is finished. Cancelling potential speculative or zombie tasks for this job
24/12/31 11:32:05 INFO TaskSchedulerImpl: Killing all running tasks in stage 11: Stage finished
24/12/31 11:32:05 INFO DAGScheduler: Job 5 finished: runJob at PythonRDD.scala:181, took 0.081088 s
24/12/31 11:32:05 INFO SparkContext: Starting job: runJob at PythonRDD.scala:181
24/12/31 11:32:05 INFO DAGScheduler: Got job 6 (runJob at PythonRDD.scala:181) with 1 output partitions
24/12/31 11:32:05 INFO DAGScheduler: Final stage: ResultStage 13 (runJob at PythonRDD.scala:181)
24/12/31 11:32:05 INFO DAGScheduler: Parents of final stage: List(ShuffleMapStage 12)
24/12/31 11:32:05 INFO DAGScheduler: Missing parents: List()
24/12/31 11:32:05 INFO DAGScheduler: Submitting ResultStage 13 (PythonRDD[13] at RDD at PythonRDD.scala:53), which has no missing parents
24/12/31 11:32:05 INFO MemoryStore: Block broadcast_8 stored as values in memory (estimated size 13.6 KiB, free 434.0 MiB)
24/12/31 11:32:05 INFO MemoryStore: Block broadcast_8_piece0 stored as bytes in memory (estimated size 7.7 KiB, free 434.0 MiB)
24/12/31 11:32:05 INFO BlockManagerInfo: Added broadcast_8_piece0 in memory on 192.168.29.182:44045 (size: 7.7 KiB, free: 434.3 MiB)
24/12/31 11:32:05 INFO SparkContext: Created broadcast 8 from broadcast at DAGScheduler.scala:1585
24/12/31 11:32:05 INFO DAGScheduler: Submitting 1 missing tasks from ResultStage 13 (PythonRDD[13] at RDD at PythonRDD.scala:53) (first 15 tasks are for partitions Vector(0))
24/12/31 11:32:05 INFO TaskSchedulerImpl: Adding task set 13.0 with 1 tasks resource profile 0
24/12/31 11:32:05 INFO TaskSetManager: Starting task 0.0 in stage 13.0 (TID 8) (192.168.29.182, executor driver, partition 0, PROCESS_LOCAL, 9093 bytes) 
24/12/31 11:32:05 INFO Executor: Running task 0.0 in stage 13.0 (TID 8)
24/12/31 11:32:05 INFO ShuffleBlockFetcherIterator: Getting 0 (0.0 B) non-empty blocks including 0 (0.0 B) local and 0 (0.0 B) host-local and 0 (0.0 B) push-merged-local and 0 (0.0 B) remote blocks
24/12/31 11:32:05 INFO ShuffleBlockFetcherIterator: Started 0 remote fetches in 1 ms
24/12/31 11:32:05 INFO PythonRunner: Times: total = 52, boot = 4, init = 48, finish = 0
24/12/31 11:32:05 INFO Executor: Finished task 0.0 in stage 13.0 (TID 8). 2014 bytes result sent to driver
24/12/31 11:32:05 INFO TaskSetManager: Finished task 0.0 in stage 13.0 (TID 8) in 64 ms on 192.168.29.182 (executor driver) (1/1)
24/12/31 11:32:05 INFO TaskSchedulerImpl: Removed TaskSet 13.0, whose tasks have all completed, from pool 
24/12/31 11:32:05 INFO DAGScheduler: ResultStage 13 (runJob at PythonRDD.scala:181) finished in 0.078 s
24/12/31 11:32:05 INFO DAGScheduler: Job 6 is finished. Cancelling potential speculative or zombie tasks for this job
24/12/31 11:32:05 INFO TaskSchedulerImpl: Killing all running tasks in stage 13: Stage finished
24/12/31 11:32:05 INFO DAGScheduler: Job 6 finished: runJob at PythonRDD.scala:181, took 0.086928 s
24/12/31 11:32:05 INFO SparkContext: Starting job: runJob at PythonRDD.scala:181
24/12/31 11:32:05 INFO DAGScheduler: Got job 7 (runJob at PythonRDD.scala:181) with 1 output partitions
24/12/31 11:32:05 INFO DAGScheduler: Final stage: ResultStage 15 (runJob at PythonRDD.scala:181)
24/12/31 11:32:05 INFO DAGScheduler: Parents of final stage: List(ShuffleMapStage 14)
24/12/31 11:32:05 INFO DAGScheduler: Missing parents: List()
24/12/31 11:32:05 INFO DAGScheduler: Submitting ResultStage 15 (PythonRDD[14] at RDD at PythonRDD.scala:53), which has no missing parents
24/12/31 11:32:05 INFO MemoryStore: Block broadcast_9 stored as values in memory (estimated size 13.6 KiB, free 434.0 MiB)
24/12/31 11:32:05 INFO MemoryStore: Block broadcast_9_piece0 stored as bytes in memory (estimated size 7.7 KiB, free 434.0 MiB)
24/12/31 11:32:05 INFO BlockManagerInfo: Added broadcast_9_piece0 in memory on 192.168.29.182:44045 (size: 7.7 KiB, free: 434.3 MiB)
24/12/31 11:32:05 INFO SparkContext: Created broadcast 9 from broadcast at DAGScheduler.scala:1585
24/12/31 11:32:05 INFO DAGScheduler: Submitting 1 missing tasks from ResultStage 15 (PythonRDD[14] at RDD at PythonRDD.scala:53) (first 15 tasks are for partitions Vector(1))
24/12/31 11:32:05 INFO TaskSchedulerImpl: Adding task set 15.0 with 1 tasks resource profile 0
24/12/31 11:32:05 INFO TaskSetManager: Starting task 0.0 in stage 15.0 (TID 9) (192.168.29.182, executor driver, partition 1, NODE_LOCAL, 9093 bytes) 
24/12/31 11:32:05 INFO Executor: Running task 0.0 in stage 15.0 (TID 9)
24/12/31 11:32:05 INFO ShuffleBlockFetcherIterator: Getting 2 (1083.0 B) non-empty blocks including 2 (1083.0 B) local and 0 (0.0 B) host-local and 0 (0.0 B) push-merged-local and 0 (0.0 B) remote blocks
24/12/31 11:32:05 INFO ShuffleBlockFetcherIterator: Started 0 remote fetches in 1 ms
24/12/31 11:32:05 INFO PythonRunner: Times: total = 47, boot = -29, init = 76, finish = 0
24/12/31 11:32:05 INFO Executor: Finished task 0.0 in stage 15.0 (TID 9). 2284 bytes result sent to driver
24/12/31 11:32:05 INFO TaskSetManager: Finished task 0.0 in stage 15.0 (TID 9) in 77 ms on 192.168.29.182 (executor driver) (1/1)
24/12/31 11:32:05 INFO TaskSchedulerImpl: Removed TaskSet 15.0, whose tasks have all completed, from pool 
24/12/31 11:32:06 INFO DAGScheduler: ResultStage 15 (runJob at PythonRDD.scala:181) finished in 0.088 s
24/12/31 11:32:06 INFO DAGScheduler: Job 7 is finished. Cancelling potential speculative or zombie tasks for this job
24/12/31 11:32:06 INFO TaskSchedulerImpl: Killing all running tasks in stage 15: Stage finished
24/12/31 11:32:06 INFO DAGScheduler: Job 7 finished: runJob at PythonRDD.scala:181, took 0.103705 s
24/12/31 11:32:06 INFO BlockManagerInfo: Removed broadcast_4_piece0 on 192.168.29.182:44045 in memory (size: 7.5 KiB, free: 434.3 MiB)
24/12/31 11:32:06 INFO BlockManagerInfo: Removed broadcast_3_piece0 on 192.168.29.182:44045 in memory (size: 5.7 KiB, free: 434.3 MiB)
24/12/31 11:32:06 INFO BlockManagerInfo: Removed broadcast_7_piece0 on 192.168.29.182:44045 in memory (size: 7.7 KiB, free: 434.3 MiB)
24/12/31 11:32:06 INFO BlockManagerInfo: Removed broadcast_2_piece0 on 192.168.29.182:44045 in memory (size: 5.7 KiB, free: 434.3 MiB)
24/12/31 11:32:06 INFO BlockManagerInfo: Removed broadcast_6_piece0 on 192.168.29.182:44045 in memory (size: 7.7 KiB, free: 434.3 MiB)
24/12/31 11:32:06 INFO BlockManagerInfo: Removed broadcast_1_piece0 on 192.168.29.182:44045 in memory (size: 5.5 KiB, free: 434.3 MiB)
24/12/31 11:32:06 INFO BlockManagerInfo: Removed broadcast_8_piece0 on 192.168.29.182:44045 in memory (size: 7.7 KiB, free: 434.4 MiB)
24/12/31 11:32:06 INFO BlockManagerInfo: Removed broadcast_5_piece0 on 192.168.29.182:44045 in memory (size: 7.5 KiB, free: 434.4 MiB)
24/12/31 11:32:06 INFO SparkContext: Starting job: collect at /home/bidut/Desktop/dev/pyspark_learn/Course01Learn/02-HelloRDD/HelloRDD.py:50
24/12/31 11:32:06 INFO DAGScheduler: Registering RDD 16 (reduceByKey at /home/bidut/Desktop/dev/pyspark_learn/Course01Learn/02-HelloRDD/HelloRDD.py:49) as input to shuffle 1
24/12/31 11:32:06 INFO DAGScheduler: Got job 8 (collect at /home/bidut/Desktop/dev/pyspark_learn/Course01Learn/02-HelloRDD/HelloRDD.py:50) with 2 output partitions
24/12/31 11:32:06 INFO DAGScheduler: Final stage: ResultStage 18 (collect at /home/bidut/Desktop/dev/pyspark_learn/Course01Learn/02-HelloRDD/HelloRDD.py:50)
24/12/31 11:32:06 INFO DAGScheduler: Parents of final stage: List(ShuffleMapStage 17)
24/12/31 11:32:06 INFO DAGScheduler: Missing parents: List(ShuffleMapStage 17)
24/12/31 11:32:06 INFO DAGScheduler: Submitting ShuffleMapStage 17 (PairwiseRDD[16] at reduceByKey at /home/bidut/Desktop/dev/pyspark_learn/Course01Learn/02-HelloRDD/HelloRDD.py:49), which has no missing parents
24/12/31 11:32:06 INFO MemoryStore: Block broadcast_10 stored as values in memory (estimated size 16.0 KiB, free 434.1 MiB)
24/12/31 11:32:06 INFO MemoryStore: Block broadcast_10_piece0 stored as bytes in memory (estimated size 9.2 KiB, free 434.1 MiB)
24/12/31 11:32:06 INFO BlockManagerInfo: Added broadcast_10_piece0 in memory on 192.168.29.182:44045 (size: 9.2 KiB, free: 434.4 MiB)
24/12/31 11:32:06 INFO SparkContext: Created broadcast 10 from broadcast at DAGScheduler.scala:1585
24/12/31 11:32:06 INFO DAGScheduler: Submitting 2 missing tasks from ShuffleMapStage 17 (PairwiseRDD[16] at reduceByKey at /home/bidut/Desktop/dev/pyspark_learn/Course01Learn/02-HelloRDD/HelloRDD.py:49) (first 15 tasks are for partitions Vector(0, 1))
24/12/31 11:32:06 INFO TaskSchedulerImpl: Adding task set 17.0 with 2 tasks resource profile 0
24/12/31 11:32:06 INFO TaskSetManager: Starting task 1.0 in stage 17.0 (TID 10) (192.168.29.182, executor driver, partition 1, NODE_LOCAL, 9082 bytes) 
24/12/31 11:32:06 INFO TaskSetManager: Starting task 0.0 in stage 17.0 (TID 11) (192.168.29.182, executor driver, partition 0, PROCESS_LOCAL, 9082 bytes) 
24/12/31 11:32:06 INFO Executor: Running task 0.0 in stage 17.0 (TID 11)
24/12/31 11:32:06 INFO Executor: Running task 1.0 in stage 17.0 (TID 10)
24/12/31 11:32:06 INFO ShuffleBlockFetcherIterator: Getting 0 (0.0 B) non-empty blocks including 0 (0.0 B) local and 0 (0.0 B) host-local and 0 (0.0 B) push-merged-local and 0 (0.0 B) remote blocks
24/12/31 11:32:06 INFO ShuffleBlockFetcherIterator: Started 0 remote fetches in 1 ms
24/12/31 11:32:06 INFO ShuffleBlockFetcherIterator: Getting 2 (1083.0 B) non-empty blocks including 2 (1083.0 B) local and 0 (0.0 B) host-local and 0 (0.0 B) push-merged-local and 0 (0.0 B) remote blocks
24/12/31 11:32:06 INFO ShuffleBlockFetcherIterator: Started 0 remote fetches in 1 ms
24/12/31 11:32:06 INFO PythonRunner: Times: total = 54, boot = 7, init = 46, finish = 1
24/12/31 11:32:06 INFO Executor: Finished task 0.0 in stage 17.0 (TID 11). 2099 bytes result sent to driver
24/12/31 11:32:06 INFO TaskSetManager: Finished task 0.0 in stage 17.0 (TID 11) in 69 ms on 192.168.29.182 (executor driver) (1/2)
24/12/31 11:32:06 INFO PythonRunner: Times: total = 66, boot = 11, init = 49, finish = 6
24/12/31 11:32:06 INFO Executor: Finished task 1.0 in stage 17.0 (TID 10). 2228 bytes result sent to driver
24/12/31 11:32:06 INFO TaskSetManager: Finished task 1.0 in stage 17.0 (TID 10) in 93 ms on 192.168.29.182 (executor driver) (2/2)
24/12/31 11:32:06 INFO TaskSchedulerImpl: Removed TaskSet 17.0, whose tasks have all completed, from pool 
24/12/31 11:32:06 INFO DAGScheduler: ShuffleMapStage 17 (reduceByKey at /home/bidut/Desktop/dev/pyspark_learn/Course01Learn/02-HelloRDD/HelloRDD.py:49) finished in 0.105 s
24/12/31 11:32:06 INFO DAGScheduler: looking for newly runnable stages
24/12/31 11:32:06 INFO DAGScheduler: running: Set()
24/12/31 11:32:06 INFO DAGScheduler: waiting: Set(ResultStage 18)
24/12/31 11:32:06 INFO DAGScheduler: failed: Set()
24/12/31 11:32:06 INFO DAGScheduler: Submitting ResultStage 18 (PythonRDD[19] at collect at /home/bidut/Desktop/dev/pyspark_learn/Course01Learn/02-HelloRDD/HelloRDD.py:50), which has no missing parents
24/12/31 11:32:06 INFO MemoryStore: Block broadcast_11 stored as values in memory (estimated size 9.9 KiB, free 434.1 MiB)
24/12/31 11:32:06 INFO MemoryStore: Block broadcast_11_piece0 stored as bytes in memory (estimated size 5.9 KiB, free 434.1 MiB)
24/12/31 11:32:06 INFO BlockManagerInfo: Added broadcast_11_piece0 in memory on 192.168.29.182:44045 (size: 5.9 KiB, free: 434.3 MiB)
24/12/31 11:32:06 INFO SparkContext: Created broadcast 11 from broadcast at DAGScheduler.scala:1585
24/12/31 11:32:06 INFO DAGScheduler: Submitting 2 missing tasks from ResultStage 18 (PythonRDD[19] at collect at /home/bidut/Desktop/dev/pyspark_learn/Course01Learn/02-HelloRDD/HelloRDD.py:50) (first 15 tasks are for partitions Vector(0, 1))
24/12/31 11:32:06 INFO TaskSchedulerImpl: Adding task set 18.0 with 2 tasks resource profile 0
24/12/31 11:32:06 INFO TaskSetManager: Starting task 0.0 in stage 18.0 (TID 12) (192.168.29.182, executor driver, partition 0, NODE_LOCAL, 8817 bytes) 
24/12/31 11:32:06 INFO TaskSetManager: Starting task 1.0 in stage 18.0 (TID 13) (192.168.29.182, executor driver, partition 1, NODE_LOCAL, 8817 bytes) 
24/12/31 11:32:06 INFO Executor: Running task 1.0 in stage 18.0 (TID 13)
24/12/31 11:32:06 INFO Executor: Running task 0.0 in stage 18.0 (TID 12)
24/12/31 11:32:06 INFO ShuffleBlockFetcherIterator: Getting 1 (88.0 B) non-empty blocks including 1 (88.0 B) local and 0 (0.0 B) host-local and 0 (0.0 B) push-merged-local and 0 (0.0 B) remote blocks
24/12/31 11:32:06 INFO ShuffleBlockFetcherIterator: Started 0 remote fetches in 1 ms
24/12/31 11:32:06 INFO ShuffleBlockFetcherIterator: Getting 1 (106.0 B) non-empty blocks including 1 (106.0 B) local and 0 (0.0 B) host-local and 0 (0.0 B) push-merged-local and 0 (0.0 B) remote blocks
24/12/31 11:32:06 INFO ShuffleBlockFetcherIterator: Started 0 remote fetches in 1 ms
24/12/31 11:32:06 INFO PythonRunner: Times: total = 43, boot = -30, init = 72, finish = 1
24/12/31 11:32:06 INFO PythonRunner: Times: total = 44, boot = -20, init = 64, finish = 0
24/12/31 11:32:06 INFO Executor: Finished task 0.0 in stage 18.0 (TID 12). 2072 bytes result sent to driver
24/12/31 11:32:06 INFO TaskSetManager: Finished task 0.0 in stage 18.0 (TID 12) in 67 ms on 192.168.29.182 (executor driver) (1/2)
24/12/31 11:32:06 INFO Executor: Finished task 1.0 in stage 18.0 (TID 13). 2111 bytes result sent to driver
24/12/31 11:32:06 INFO TaskSetManager: Finished task 1.0 in stage 18.0 (TID 13) in 69 ms on 192.168.29.182 (executor driver) (2/2)
24/12/31 11:32:06 INFO TaskSchedulerImpl: Removed TaskSet 18.0, whose tasks have all completed, from pool 
24/12/31 11:32:06 INFO DAGScheduler: ResultStage 18 (collect at /home/bidut/Desktop/dev/pyspark_learn/Course01Learn/02-HelloRDD/HelloRDD.py:50) finished in 0.080 s
24/12/31 11:32:06 INFO DAGScheduler: Job 8 is finished. Cancelling potential speculative or zombie tasks for this job
24/12/31 11:32:06 INFO TaskSchedulerImpl: Killing all running tasks in stage 18: Stage finished
24/12/31 11:32:06 INFO DAGScheduler: Job 8 finished: collect at /home/bidut/Desktop/dev/pyspark_learn/Course01Learn/02-HelloRDD/HelloRDD.py:50, took 0.198396 s
24/12/31 11:32:06 INFO SparkContext: Starting job: collect at /home/bidut/Desktop/dev/pyspark_learn/Course01Learn/02-HelloRDD/HelloRDD.py:52
24/12/31 11:32:06 INFO DAGScheduler: Got job 9 (collect at /home/bidut/Desktop/dev/pyspark_learn/Course01Learn/02-HelloRDD/HelloRDD.py:52) with 2 output partitions
24/12/31 11:32:06 INFO DAGScheduler: Final stage: ResultStage 21 (collect at /home/bidut/Desktop/dev/pyspark_learn/Course01Learn/02-HelloRDD/HelloRDD.py:52)
24/12/31 11:32:06 INFO DAGScheduler: Parents of final stage: List(ShuffleMapStage 20)
24/12/31 11:32:06 INFO DAGScheduler: Missing parents: List()
24/12/31 11:32:06 INFO DAGScheduler: Submitting ResultStage 21 (PythonRDD[19] at collect at /home/bidut/Desktop/dev/pyspark_learn/Course01Learn/02-HelloRDD/HelloRDD.py:50), which has no missing parents
24/12/31 11:32:06 INFO MemoryStore: Block broadcast_12 stored as values in memory (estimated size 9.9 KiB, free 434.1 MiB)
24/12/31 11:32:06 INFO MemoryStore: Block broadcast_12_piece0 stored as bytes in memory (estimated size 5.9 KiB, free 434.1 MiB)
24/12/31 11:32:06 INFO BlockManagerInfo: Added broadcast_12_piece0 in memory on 192.168.29.182:44045 (size: 5.9 KiB, free: 434.3 MiB)
24/12/31 11:32:06 INFO SparkContext: Created broadcast 12 from broadcast at DAGScheduler.scala:1585
24/12/31 11:32:06 INFO DAGScheduler: Submitting 2 missing tasks from ResultStage 21 (PythonRDD[19] at collect at /home/bidut/Desktop/dev/pyspark_learn/Course01Learn/02-HelloRDD/HelloRDD.py:50) (first 15 tasks are for partitions Vector(0, 1))
24/12/31 11:32:06 INFO TaskSchedulerImpl: Adding task set 21.0 with 2 tasks resource profile 0
24/12/31 11:32:06 INFO TaskSetManager: Starting task 0.0 in stage 21.0 (TID 14) (192.168.29.182, executor driver, partition 0, NODE_LOCAL, 8817 bytes) 
24/12/31 11:32:06 INFO TaskSetManager: Starting task 1.0 in stage 21.0 (TID 15) (192.168.29.182, executor driver, partition 1, NODE_LOCAL, 8817 bytes) 
24/12/31 11:32:06 INFO Executor: Running task 0.0 in stage 21.0 (TID 14)
24/12/31 11:32:06 INFO Executor: Running task 1.0 in stage 21.0 (TID 15)
24/12/31 11:32:06 INFO ShuffleBlockFetcherIterator: Getting 1 (88.0 B) non-empty blocks including 1 (88.0 B) local and 0 (0.0 B) host-local and 0 (0.0 B) push-merged-local and 0 (0.0 B) remote blocks
24/12/31 11:32:06 INFO ShuffleBlockFetcherIterator: Started 0 remote fetches in 1 ms
24/12/31 11:32:06 INFO ShuffleBlockFetcherIterator: Getting 1 (106.0 B) non-empty blocks including 1 (106.0 B) local and 0 (0.0 B) host-local and 0 (0.0 B) push-merged-local and 0 (0.0 B) remote blocks
24/12/31 11:32:06 INFO ShuffleBlockFetcherIterator: Started 0 remote fetches in 0 ms
24/12/31 11:32:06 INFO PythonRunner: Times: total = 43, boot = -44, init = 86, finish = 1
24/12/31 11:32:06 INFO Executor: Finished task 0.0 in stage 21.0 (TID 14). 2072 bytes result sent to driver
24/12/31 11:32:06 INFO PythonRunner: Times: total = 46, boot = -42, init = 87, finish = 1
24/12/31 11:32:06 INFO TaskSetManager: Finished task 0.0 in stage 21.0 (TID 14) in 63 ms on 192.168.29.182 (executor driver) (1/2)
24/12/31 11:32:06 INFO Executor: Finished task 1.0 in stage 21.0 (TID 15). 2111 bytes result sent to driver
24/12/31 11:32:06 INFO TaskSetManager: Finished task 1.0 in stage 21.0 (TID 15) in 66 ms on 192.168.29.182 (executor driver) (2/2)
24/12/31 11:32:06 INFO TaskSchedulerImpl: Removed TaskSet 21.0, whose tasks have all completed, from pool 
24/12/31 11:32:06 INFO DAGScheduler: ResultStage 21 (collect at /home/bidut/Desktop/dev/pyspark_learn/Course01Learn/02-HelloRDD/HelloRDD.py:52) finished in 0.081 s
24/12/31 11:32:06 INFO DAGScheduler: Job 9 is finished. Cancelling potential speculative or zombie tasks for this job
24/12/31 11:32:06 INFO TaskSchedulerImpl: Killing all running tasks in stage 21: Stage finished
24/12/31 11:32:06 INFO DAGScheduler: Job 9 finished: collect at /home/bidut/Desktop/dev/pyspark_learn/Course01Learn/02-HelloRDD/HelloRDD.py:52, took 0.088730 s
24/12/31 11:32:06 INFO SparkContext: Invoking stop() from shutdown hook
24/12/31 11:32:06 INFO SparkContext: SparkContext is stopping with exitCode 0.
24/12/31 11:32:06 INFO AbstractConnector: Stopped Spark@4cb2c911{HTTP/1.1, (http/1.1)}{0.0.0.0:4041}
24/12/31 11:32:06 INFO SparkUI: Stopped Spark web UI at http://192.168.29.182:4041
24/12/31 11:32:06 INFO MapOutputTrackerMasterEndpoint: MapOutputTrackerMasterEndpoint stopped!
24/12/31 11:32:06 INFO MemoryStore: MemoryStore cleared
24/12/31 11:32:06 INFO BlockManager: BlockManager stopped
24/12/31 11:32:06 INFO BlockManagerMaster: BlockManagerMaster stopped
24/12/31 11:32:06 INFO OutputCommitCoordinator$OutputCommitCoordinatorEndpoint: OutputCommitCoordinator stopped!
24/12/31 11:32:06 INFO SparkContext: Successfully stopped SparkContext
24/12/31 11:32:06 INFO ShutdownHookManager: Shutdown hook called
24/12/31 11:32:06 INFO ShutdownHookManager: Deleting directory /tmp/spark-f6ada2c4-8360-417f-8655-f3b6058861ab
24/12/31 11:32:06 INFO ShutdownHookManager: Deleting directory /tmp/spark-f6ada2c4-8360-417f-8655-f3b6058861ab/pyspark-dcb29c5b-5b2e-497c-8db3-37ed36baec1b
24/12/31 11:32:06 INFO ShutdownHookManager: Deleting directory /tmp/spark-6f510c9f-705a-42e6-bc90-b64257ba65be
24/12/31 11:33:15 WARN Utils: Your hostname, bidut-HP-Laptop-14s-fq1xxx resolves to a loopback address: 127.0.1.1; using 192.168.29.182 instead (on interface wlo1)
24/12/31 11:33:15 WARN Utils: Set SPARK_LOCAL_IP if you need to bind to another address
24/12/31 11:33:16 INFO SparkContext: Running Spark version 3.5.4
24/12/31 11:33:16 INFO SparkContext: OS info Linux, 5.15.0-126-generic, amd64
24/12/31 11:33:16 INFO SparkContext: Java version 11.0.25
24/12/31 11:33:16 WARN NativeCodeLoader: Unable to load native-hadoop library for your platform... using builtin-java classes where applicable
24/12/31 11:33:16 INFO ResourceUtils: ==============================================================
24/12/31 11:33:16 INFO ResourceUtils: No custom resources configured for spark.driver.
24/12/31 11:33:16 INFO ResourceUtils: ==============================================================
24/12/31 11:33:16 INFO SparkContext: Submitted application: HelloRDD
24/12/31 11:33:16 INFO ResourceProfile: Default ResourceProfile created, executor resources: Map(cores -> name: cores, amount: 1, script: , vendor: , memory -> name: memory, amount: 1024, script: , vendor: , offHeap -> name: offHeap, amount: 0, script: , vendor: ), task resources: Map(cpus -> name: cpus, amount: 1.0)
24/12/31 11:33:16 INFO ResourceProfile: Limiting resource is cpu
24/12/31 11:33:16 INFO ResourceProfileManager: Added ResourceProfile id: 0
24/12/31 11:33:16 INFO SecurityManager: Changing view acls to: bidut
24/12/31 11:33:16 INFO SecurityManager: Changing modify acls to: bidut
24/12/31 11:33:16 INFO SecurityManager: Changing view acls groups to: 
24/12/31 11:33:16 INFO SecurityManager: Changing modify acls groups to: 
24/12/31 11:33:16 INFO SecurityManager: SecurityManager: authentication disabled; ui acls disabled; users with view permissions: bidut; groups with view permissions: EMPTY; users with modify permissions: bidut; groups with modify permissions: EMPTY
24/12/31 11:33:16 INFO Utils: Successfully started service 'sparkDriver' on port 39537.
24/12/31 11:33:16 INFO SparkEnv: Registering MapOutputTracker
24/12/31 11:33:16 INFO SparkEnv: Registering BlockManagerMaster
24/12/31 11:33:16 INFO BlockManagerMasterEndpoint: Using org.apache.spark.storage.DefaultTopologyMapper for getting topology information
24/12/31 11:33:16 INFO BlockManagerMasterEndpoint: BlockManagerMasterEndpoint up
24/12/31 11:33:16 INFO SparkEnv: Registering BlockManagerMasterHeartbeat
24/12/31 11:33:16 INFO DiskBlockManager: Created local directory at /tmp/blockmgr-9015cc93-4bca-4934-a485-fd55b980ae3c
24/12/31 11:33:16 INFO MemoryStore: MemoryStore started with capacity 434.4 MiB
24/12/31 11:33:16 INFO SparkEnv: Registering OutputCommitCoordinator
24/12/31 11:33:16 INFO log: Logging initialized @2426ms to org.sparkproject.jetty.util.log.Slf4jLog
24/12/31 11:33:17 INFO JettyUtils: Start Jetty 0.0.0.0:4040 for SparkUI
24/12/31 11:33:17 INFO Server: jetty-9.4.56.v20240826; built: 2024-08-26T17:15:05.868Z; git: ec6782ff5ead824dabdcf47fa98f90a4aedff401; jvm 11.0.25+9-post-Ubuntu-1ubuntu120.04
24/12/31 11:33:17 INFO Server: Started @2541ms
24/12/31 11:33:17 WARN Utils: Service 'SparkUI' could not bind on port 4040. Attempting port 4041.
24/12/31 11:33:17 INFO AbstractConnector: Started ServerConnector@51267d5{HTTP/1.1, (http/1.1)}{0.0.0.0:4041}
24/12/31 11:33:17 INFO Utils: Successfully started service 'SparkUI' on port 4041.
24/12/31 11:33:17 INFO ContextHandler: Started o.s.j.s.ServletContextHandler@18af1637{/,null,AVAILABLE,@Spark}
24/12/31 11:33:17 INFO Executor: Starting executor ID driver on host 192.168.29.182
24/12/31 11:33:17 INFO Executor: OS info Linux, 5.15.0-126-generic, amd64
24/12/31 11:33:17 INFO Executor: Java version 11.0.25
24/12/31 11:33:17 INFO Executor: Starting executor with user classpath (userClassPathFirst = false): ''
24/12/31 11:33:17 INFO Executor: Created or updated repl class loader org.apache.spark.util.MutableURLClassLoader@5411386 for default.
24/12/31 11:33:17 INFO Utils: Successfully started service 'org.apache.spark.network.netty.NettyBlockTransferService' on port 39425.
24/12/31 11:33:17 INFO NettyBlockTransferService: Server created on 192.168.29.182:39425
24/12/31 11:33:17 INFO BlockManager: Using org.apache.spark.storage.RandomBlockReplicationPolicy for block replication policy
24/12/31 11:33:17 INFO BlockManagerMaster: Registering BlockManager BlockManagerId(driver, 192.168.29.182, 39425, None)
24/12/31 11:33:17 INFO BlockManagerMasterEndpoint: Registering block manager 192.168.29.182:39425 with 434.4 MiB RAM, BlockManagerId(driver, 192.168.29.182, 39425, None)
24/12/31 11:33:17 INFO BlockManagerMaster: Registered BlockManager BlockManagerId(driver, 192.168.29.182, 39425, None)
24/12/31 11:33:17 INFO BlockManager: Initialized BlockManager: BlockManagerId(driver, 192.168.29.182, 39425, None)
24/12/31 11:33:17 INFO ContextHandler: Stopped o.s.j.s.ServletContextHandler@18af1637{/,null,STOPPED,@Spark}
24/12/31 11:33:17 INFO ContextHandler: Started o.s.j.s.ServletContextHandler@7182e52d{/jobs,null,AVAILABLE,@Spark}
24/12/31 11:33:17 INFO ContextHandler: Started o.s.j.s.ServletContextHandler@46ae04af{/jobs/json,null,AVAILABLE,@Spark}
24/12/31 11:33:17 INFO ContextHandler: Started o.s.j.s.ServletContextHandler@393f91d3{/jobs/job,null,AVAILABLE,@Spark}
24/12/31 11:33:17 INFO ContextHandler: Started o.s.j.s.ServletContextHandler@36680b82{/jobs/job/json,null,AVAILABLE,@Spark}
24/12/31 11:33:17 INFO ContextHandler: Started o.s.j.s.ServletContextHandler@6fbdeadb{/stages,null,AVAILABLE,@Spark}
24/12/31 11:33:17 INFO ContextHandler: Started o.s.j.s.ServletContextHandler@2be181da{/stages/json,null,AVAILABLE,@Spark}
24/12/31 11:33:17 INFO ContextHandler: Started o.s.j.s.ServletContextHandler@72ac8b6c{/stages/stage,null,AVAILABLE,@Spark}
24/12/31 11:33:17 INFO ContextHandler: Started o.s.j.s.ServletContextHandler@10791ffc{/stages/stage/json,null,AVAILABLE,@Spark}
24/12/31 11:33:17 INFO ContextHandler: Started o.s.j.s.ServletContextHandler@70808897{/stages/pool,null,AVAILABLE,@Spark}
24/12/31 11:33:17 INFO ContextHandler: Started o.s.j.s.ServletContextHandler@1848a6af{/stages/pool/json,null,AVAILABLE,@Spark}
24/12/31 11:33:17 INFO ContextHandler: Started o.s.j.s.ServletContextHandler@63580f5{/storage,null,AVAILABLE,@Spark}
24/12/31 11:33:17 INFO ContextHandler: Started o.s.j.s.ServletContextHandler@2d48b156{/storage/json,null,AVAILABLE,@Spark}
24/12/31 11:33:17 INFO ContextHandler: Started o.s.j.s.ServletContextHandler@5edc9fc2{/storage/rdd,null,AVAILABLE,@Spark}
24/12/31 11:33:17 INFO ContextHandler: Started o.s.j.s.ServletContextHandler@6cf9fe4{/storage/rdd/json,null,AVAILABLE,@Spark}
24/12/31 11:33:17 INFO ContextHandler: Started o.s.j.s.ServletContextHandler@6c9f1304{/environment,null,AVAILABLE,@Spark}
24/12/31 11:33:17 INFO ContextHandler: Started o.s.j.s.ServletContextHandler@52ff530c{/environment/json,null,AVAILABLE,@Spark}
24/12/31 11:33:17 INFO ContextHandler: Started o.s.j.s.ServletContextHandler@2da4b5a7{/executors,null,AVAILABLE,@Spark}
24/12/31 11:33:17 INFO ContextHandler: Started o.s.j.s.ServletContextHandler@3925f57{/executors/json,null,AVAILABLE,@Spark}
24/12/31 11:33:17 INFO ContextHandler: Started o.s.j.s.ServletContextHandler@e94ffcd{/executors/threadDump,null,AVAILABLE,@Spark}
24/12/31 11:33:17 INFO ContextHandler: Started o.s.j.s.ServletContextHandler@5c83d385{/executors/threadDump/json,null,AVAILABLE,@Spark}
24/12/31 11:33:17 INFO ContextHandler: Started o.s.j.s.ServletContextHandler@58a1a485{/executors/heapHistogram,null,AVAILABLE,@Spark}
24/12/31 11:33:17 INFO ContextHandler: Started o.s.j.s.ServletContextHandler@535008d{/executors/heapHistogram/json,null,AVAILABLE,@Spark}
24/12/31 11:33:17 INFO ContextHandler: Started o.s.j.s.ServletContextHandler@335b97df{/static,null,AVAILABLE,@Spark}
24/12/31 11:33:17 INFO ContextHandler: Started o.s.j.s.ServletContextHandler@75ceaa7{/,null,AVAILABLE,@Spark}
24/12/31 11:33:17 INFO ContextHandler: Started o.s.j.s.ServletContextHandler@5b8262a3{/api,null,AVAILABLE,@Spark}
24/12/31 11:33:17 INFO ContextHandler: Started o.s.j.s.ServletContextHandler@7a4a7ed4{/jobs/job/kill,null,AVAILABLE,@Spark}
24/12/31 11:33:17 INFO ContextHandler: Started o.s.j.s.ServletContextHandler@2b6bbe41{/stages/stage/kill,null,AVAILABLE,@Spark}
24/12/31 11:33:17 INFO ContextHandler: Started o.s.j.s.ServletContextHandler@6e96024a{/metrics/json,null,AVAILABLE,@Spark}
24/12/31 11:33:17 INFO MemoryStore: Block broadcast_0 stored as values in memory (estimated size 221.5 KiB, free 434.2 MiB)
24/12/31 11:33:17 INFO MemoryStore: Block broadcast_0_piece0 stored as bytes in memory (estimated size 32.6 KiB, free 434.2 MiB)
24/12/31 11:33:17 INFO BlockManagerInfo: Added broadcast_0_piece0 in memory on 192.168.29.182:39425 (size: 32.6 KiB, free: 434.4 MiB)
24/12/31 11:33:17 INFO SparkContext: Created broadcast 0 from textFile at NativeMethodAccessorImpl.java:0
24/12/31 11:33:18 INFO FileInputFormat: Total input files to process : 1
24/12/31 11:33:18 INFO SparkContext: Starting job: runJob at PythonRDD.scala:181
24/12/31 11:33:18 INFO DAGScheduler: Registering RDD 3 (coalesce at NativeMethodAccessorImpl.java:0) as input to shuffle 0
24/12/31 11:33:18 INFO DAGScheduler: Got job 0 (runJob at PythonRDD.scala:181) with 1 output partitions
24/12/31 11:33:18 INFO DAGScheduler: Final stage: ResultStage 1 (runJob at PythonRDD.scala:181)
24/12/31 11:33:18 INFO DAGScheduler: Parents of final stage: List(ShuffleMapStage 0)
24/12/31 11:33:18 INFO DAGScheduler: Missing parents: List(ShuffleMapStage 0)
24/12/31 11:33:18 INFO DAGScheduler: Submitting ShuffleMapStage 0 (MapPartitionsRDD[3] at coalesce at NativeMethodAccessorImpl.java:0), which has no missing parents
24/12/31 11:33:18 INFO MemoryStore: Block broadcast_1 stored as values in memory (estimated size 9.2 KiB, free 434.1 MiB)
24/12/31 11:33:18 INFO MemoryStore: Block broadcast_1_piece0 stored as bytes in memory (estimated size 5.5 KiB, free 434.1 MiB)
24/12/31 11:33:18 INFO BlockManagerInfo: Added broadcast_1_piece0 in memory on 192.168.29.182:39425 (size: 5.5 KiB, free: 434.4 MiB)
24/12/31 11:33:18 INFO SparkContext: Created broadcast 1 from broadcast at DAGScheduler.scala:1585
24/12/31 11:33:18 INFO DAGScheduler: Submitting 2 missing tasks from ShuffleMapStage 0 (MapPartitionsRDD[3] at coalesce at NativeMethodAccessorImpl.java:0) (first 15 tasks are for partitions Vector(0, 1))
24/12/31 11:33:18 INFO TaskSchedulerImpl: Adding task set 0.0 with 2 tasks resource profile 0
24/12/31 11:33:18 INFO TaskSetManager: Starting task 0.0 in stage 0.0 (TID 0) (192.168.29.182, executor driver, partition 0, PROCESS_LOCAL, 9088 bytes) 
24/12/31 11:33:18 INFO TaskSetManager: Starting task 1.0 in stage 0.0 (TID 1) (192.168.29.182, executor driver, partition 1, PROCESS_LOCAL, 9088 bytes) 
24/12/31 11:33:18 INFO Executor: Running task 0.0 in stage 0.0 (TID 0)
24/12/31 11:33:18 INFO Executor: Running task 1.0 in stage 0.0 (TID 1)
24/12/31 11:33:18 INFO HadoopRDD: Input split: file:/home/bidut/Desktop/dev/pyspark_learn/Course01Learn/02-HelloRDD/data/sample.csv:903+904
24/12/31 11:33:18 INFO HadoopRDD: Input split: file:/home/bidut/Desktop/dev/pyspark_learn/Course01Learn/02-HelloRDD/data/sample.csv:0+903
24/12/31 11:33:19 INFO PythonRunner: Times: total = 573, boot = 511, init = 62, finish = 0
24/12/31 11:33:19 INFO PythonRunner: Times: total = 569, boot = 517, init = 52, finish = 0
24/12/31 11:33:19 INFO Executor: Finished task 1.0 in stage 0.0 (TID 1). 1626 bytes result sent to driver
24/12/31 11:33:19 INFO Executor: Finished task 0.0 in stage 0.0 (TID 0). 1626 bytes result sent to driver
24/12/31 11:33:19 INFO TaskSetManager: Finished task 0.0 in stage 0.0 (TID 0) in 989 ms on 192.168.29.182 (executor driver) (1/2)
24/12/31 11:33:19 INFO TaskSetManager: Finished task 1.0 in stage 0.0 (TID 1) in 978 ms on 192.168.29.182 (executor driver) (2/2)
24/12/31 11:33:19 INFO TaskSchedulerImpl: Removed TaskSet 0.0, whose tasks have all completed, from pool 
24/12/31 11:33:19 INFO PythonAccumulatorV2: Connected to AccumulatorServer at host: 127.0.0.1 port: 58315
24/12/31 11:33:19 INFO DAGScheduler: ShuffleMapStage 0 (coalesce at NativeMethodAccessorImpl.java:0) finished in 1.122 s
24/12/31 11:33:19 INFO DAGScheduler: looking for newly runnable stages
24/12/31 11:33:19 INFO DAGScheduler: running: Set()
24/12/31 11:33:19 INFO DAGScheduler: waiting: Set(ResultStage 1)
24/12/31 11:33:19 INFO DAGScheduler: failed: Set()
24/12/31 11:33:19 INFO DAGScheduler: Submitting ResultStage 1 (PythonRDD[7] at RDD at PythonRDD.scala:53), which has no missing parents
24/12/31 11:33:19 INFO MemoryStore: Block broadcast_2 stored as values in memory (estimated size 9.6 KiB, free 434.1 MiB)
24/12/31 11:33:19 INFO MemoryStore: Block broadcast_2_piece0 stored as bytes in memory (estimated size 5.7 KiB, free 434.1 MiB)
24/12/31 11:33:19 INFO BlockManagerInfo: Added broadcast_2_piece0 in memory on 192.168.29.182:39425 (size: 5.7 KiB, free: 434.4 MiB)
24/12/31 11:33:19 INFO SparkContext: Created broadcast 2 from broadcast at DAGScheduler.scala:1585
24/12/31 11:33:19 INFO DAGScheduler: Submitting 1 missing tasks from ResultStage 1 (PythonRDD[7] at RDD at PythonRDD.scala:53) (first 15 tasks are for partitions Vector(0))
24/12/31 11:33:19 INFO TaskSchedulerImpl: Adding task set 1.0 with 1 tasks resource profile 0
24/12/31 11:33:19 INFO TaskSetManager: Starting task 0.0 in stage 1.0 (TID 2) (192.168.29.182, executor driver, partition 0, PROCESS_LOCAL, 9093 bytes) 
24/12/31 11:33:19 INFO Executor: Running task 0.0 in stage 1.0 (TID 2)
24/12/31 11:33:19 INFO ShuffleBlockFetcherIterator: Getting 0 (0.0 B) non-empty blocks including 0 (0.0 B) local and 0 (0.0 B) host-local and 0 (0.0 B) push-merged-local and 0 (0.0 B) remote blocks
24/12/31 11:33:19 INFO ShuffleBlockFetcherIterator: Started 0 remote fetches in 7 ms
24/12/31 11:33:19 INFO PythonRunner: Times: total = 49, boot = -320, init = 368, finish = 1
24/12/31 11:33:19 INFO Executor: Finished task 0.0 in stage 1.0 (TID 2). 2057 bytes result sent to driver
24/12/31 11:33:19 INFO TaskSetManager: Finished task 0.0 in stage 1.0 (TID 2) in 95 ms on 192.168.29.182 (executor driver) (1/1)
24/12/31 11:33:19 INFO TaskSchedulerImpl: Removed TaskSet 1.0, whose tasks have all completed, from pool 
24/12/31 11:33:19 INFO DAGScheduler: ResultStage 1 (runJob at PythonRDD.scala:181) finished in 0.111 s
24/12/31 11:33:19 INFO DAGScheduler: Job 0 is finished. Cancelling potential speculative or zombie tasks for this job
24/12/31 11:33:19 INFO TaskSchedulerImpl: Killing all running tasks in stage 1: Stage finished
24/12/31 11:33:19 INFO DAGScheduler: Job 0 finished: runJob at PythonRDD.scala:181, took 1.306475 s
24/12/31 11:33:19 INFO SparkContext: Starting job: runJob at PythonRDD.scala:181
24/12/31 11:33:19 INFO DAGScheduler: Got job 1 (runJob at PythonRDD.scala:181) with 1 output partitions
24/12/31 11:33:19 INFO DAGScheduler: Final stage: ResultStage 3 (runJob at PythonRDD.scala:181)
24/12/31 11:33:19 INFO DAGScheduler: Parents of final stage: List(ShuffleMapStage 2)
24/12/31 11:33:19 INFO DAGScheduler: Missing parents: List()
24/12/31 11:33:19 INFO DAGScheduler: Submitting ResultStage 3 (PythonRDD[8] at RDD at PythonRDD.scala:53), which has no missing parents
24/12/31 11:33:19 INFO MemoryStore: Block broadcast_3 stored as values in memory (estimated size 9.6 KiB, free 434.1 MiB)
24/12/31 11:33:19 INFO MemoryStore: Block broadcast_3_piece0 stored as bytes in memory (estimated size 5.7 KiB, free 434.1 MiB)
24/12/31 11:33:19 INFO BlockManagerInfo: Added broadcast_3_piece0 in memory on 192.168.29.182:39425 (size: 5.7 KiB, free: 434.4 MiB)
24/12/31 11:33:19 INFO SparkContext: Created broadcast 3 from broadcast at DAGScheduler.scala:1585
24/12/31 11:33:19 INFO DAGScheduler: Submitting 1 missing tasks from ResultStage 3 (PythonRDD[8] at RDD at PythonRDD.scala:53) (first 15 tasks are for partitions Vector(1))
24/12/31 11:33:19 INFO TaskSchedulerImpl: Adding task set 3.0 with 1 tasks resource profile 0
24/12/31 11:33:19 INFO TaskSetManager: Starting task 0.0 in stage 3.0 (TID 3) (192.168.29.182, executor driver, partition 1, NODE_LOCAL, 9093 bytes) 
24/12/31 11:33:19 INFO Executor: Running task 0.0 in stage 3.0 (TID 3)
24/12/31 11:33:19 INFO ShuffleBlockFetcherIterator: Getting 2 (1083.0 B) non-empty blocks including 2 (1083.0 B) local and 0 (0.0 B) host-local and 0 (0.0 B) push-merged-local and 0 (0.0 B) remote blocks
24/12/31 11:33:19 INFO ShuffleBlockFetcherIterator: Started 0 remote fetches in 12 ms
24/12/31 11:33:19 INFO PythonRunner: Times: total = 43, boot = -460, init = 502, finish = 1
24/12/31 11:33:19 INFO BlockManagerInfo: Removed broadcast_1_piece0 on 192.168.29.182:39425 in memory (size: 5.5 KiB, free: 434.4 MiB)
24/12/31 11:33:19 INFO Executor: Finished task 0.0 in stage 3.0 (TID 3). 3244 bytes result sent to driver
24/12/31 11:33:19 INFO TaskSetManager: Finished task 0.0 in stage 3.0 (TID 3) in 58 ms on 192.168.29.182 (executor driver) (1/1)
24/12/31 11:33:19 INFO TaskSchedulerImpl: Removed TaskSet 3.0, whose tasks have all completed, from pool 
24/12/31 11:33:19 INFO BlockManagerInfo: Removed broadcast_2_piece0 on 192.168.29.182:39425 in memory (size: 5.7 KiB, free: 434.4 MiB)
24/12/31 11:33:19 INFO DAGScheduler: ResultStage 3 (runJob at PythonRDD.scala:181) finished in 0.078 s
24/12/31 11:33:19 INFO DAGScheduler: Job 1 is finished. Cancelling potential speculative or zombie tasks for this job
24/12/31 11:33:19 INFO TaskSchedulerImpl: Killing all running tasks in stage 3: Stage finished
24/12/31 11:33:19 INFO DAGScheduler: Job 1 finished: runJob at PythonRDD.scala:181, took 0.091210 s
24/12/31 11:33:19 INFO SparkContext: Starting job: runJob at PythonRDD.scala:181
24/12/31 11:33:19 INFO DAGScheduler: Got job 2 (runJob at PythonRDD.scala:181) with 1 output partitions
24/12/31 11:33:19 INFO DAGScheduler: Final stage: ResultStage 5 (runJob at PythonRDD.scala:181)
24/12/31 11:33:19 INFO DAGScheduler: Parents of final stage: List(ShuffleMapStage 4)
24/12/31 11:33:19 INFO DAGScheduler: Missing parents: List()
24/12/31 11:33:19 INFO DAGScheduler: Submitting ResultStage 5 (PythonRDD[9] at RDD at PythonRDD.scala:53), which has no missing parents
24/12/31 11:33:19 INFO MemoryStore: Block broadcast_4 stored as values in memory (estimated size 12.6 KiB, free 434.1 MiB)
24/12/31 11:33:19 INFO MemoryStore: Block broadcast_4_piece0 stored as bytes in memory (estimated size 7.5 KiB, free 434.1 MiB)
24/12/31 11:33:19 INFO BlockManagerInfo: Added broadcast_4_piece0 in memory on 192.168.29.182:39425 (size: 7.5 KiB, free: 434.4 MiB)
24/12/31 11:33:19 INFO SparkContext: Created broadcast 4 from broadcast at DAGScheduler.scala:1585
24/12/31 11:33:19 INFO DAGScheduler: Submitting 1 missing tasks from ResultStage 5 (PythonRDD[9] at RDD at PythonRDD.scala:53) (first 15 tasks are for partitions Vector(0))
24/12/31 11:33:19 INFO TaskSchedulerImpl: Adding task set 5.0 with 1 tasks resource profile 0
24/12/31 11:33:19 INFO TaskSetManager: Starting task 0.0 in stage 5.0 (TID 4) (192.168.29.182, executor driver, partition 0, PROCESS_LOCAL, 9093 bytes) 
24/12/31 11:33:19 INFO Executor: Running task 0.0 in stage 5.0 (TID 4)
24/12/31 11:33:19 INFO ShuffleBlockFetcherIterator: Getting 0 (0.0 B) non-empty blocks including 0 (0.0 B) local and 0 (0.0 B) host-local and 0 (0.0 B) push-merged-local and 0 (0.0 B) remote blocks
24/12/31 11:33:19 INFO ShuffleBlockFetcherIterator: Started 0 remote fetches in 1 ms
24/12/31 11:33:19 INFO PythonRunner: Times: total = 45, boot = -178, init = 223, finish = 0
24/12/31 11:33:19 INFO Executor: Finished task 0.0 in stage 5.0 (TID 4). 2014 bytes result sent to driver
24/12/31 11:33:19 INFO TaskSetManager: Finished task 0.0 in stage 5.0 (TID 4) in 60 ms on 192.168.29.182 (executor driver) (1/1)
24/12/31 11:33:19 INFO TaskSchedulerImpl: Removed TaskSet 5.0, whose tasks have all completed, from pool 
24/12/31 11:33:19 INFO DAGScheduler: ResultStage 5 (runJob at PythonRDD.scala:181) finished in 0.072 s
24/12/31 11:33:19 INFO DAGScheduler: Job 2 is finished. Cancelling potential speculative or zombie tasks for this job
24/12/31 11:33:19 INFO TaskSchedulerImpl: Killing all running tasks in stage 5: Stage finished
24/12/31 11:33:19 INFO DAGScheduler: Job 2 finished: runJob at PythonRDD.scala:181, took 0.081019 s
24/12/31 11:33:19 INFO SparkContext: Starting job: runJob at PythonRDD.scala:181
24/12/31 11:33:19 INFO DAGScheduler: Got job 3 (runJob at PythonRDD.scala:181) with 1 output partitions
24/12/31 11:33:19 INFO DAGScheduler: Final stage: ResultStage 7 (runJob at PythonRDD.scala:181)
24/12/31 11:33:19 INFO DAGScheduler: Parents of final stage: List(ShuffleMapStage 6)
24/12/31 11:33:19 INFO DAGScheduler: Missing parents: List()
24/12/31 11:33:19 INFO DAGScheduler: Submitting ResultStage 7 (PythonRDD[10] at RDD at PythonRDD.scala:53), which has no missing parents
24/12/31 11:33:19 INFO MemoryStore: Block broadcast_5 stored as values in memory (estimated size 12.6 KiB, free 434.1 MiB)
24/12/31 11:33:19 INFO MemoryStore: Block broadcast_5_piece0 stored as bytes in memory (estimated size 7.5 KiB, free 434.1 MiB)
24/12/31 11:33:19 INFO BlockManagerInfo: Added broadcast_5_piece0 in memory on 192.168.29.182:39425 (size: 7.5 KiB, free: 434.3 MiB)
24/12/31 11:33:19 INFO SparkContext: Created broadcast 5 from broadcast at DAGScheduler.scala:1585
24/12/31 11:33:19 INFO DAGScheduler: Submitting 1 missing tasks from ResultStage 7 (PythonRDD[10] at RDD at PythonRDD.scala:53) (first 15 tasks are for partitions Vector(1))
24/12/31 11:33:19 INFO TaskSchedulerImpl: Adding task set 7.0 with 1 tasks resource profile 0
24/12/31 11:33:19 INFO TaskSetManager: Starting task 0.0 in stage 7.0 (TID 5) (192.168.29.182, executor driver, partition 1, NODE_LOCAL, 9093 bytes) 
24/12/31 11:33:19 INFO Executor: Running task 0.0 in stage 7.0 (TID 5)
24/12/31 11:33:19 INFO ShuffleBlockFetcherIterator: Getting 2 (1083.0 B) non-empty blocks including 2 (1083.0 B) local and 0 (0.0 B) host-local and 0 (0.0 B) push-merged-local and 0 (0.0 B) remote blocks
24/12/31 11:33:19 INFO ShuffleBlockFetcherIterator: Started 0 remote fetches in 1 ms
24/12/31 11:33:19 INFO PythonRunner: Times: total = 48, boot = -45, init = 89, finish = 4
24/12/31 11:33:19 INFO Executor: Finished task 0.0 in stage 7.0 (TID 5). 11702 bytes result sent to driver
24/12/31 11:33:19 INFO TaskSetManager: Finished task 0.0 in stage 7.0 (TID 5) in 65 ms on 192.168.29.182 (executor driver) (1/1)
24/12/31 11:33:19 INFO TaskSchedulerImpl: Removed TaskSet 7.0, whose tasks have all completed, from pool 
24/12/31 11:33:19 INFO DAGScheduler: ResultStage 7 (runJob at PythonRDD.scala:181) finished in 0.080 s
24/12/31 11:33:19 INFO DAGScheduler: Job 3 is finished. Cancelling potential speculative or zombie tasks for this job
24/12/31 11:33:19 INFO TaskSchedulerImpl: Killing all running tasks in stage 7: Stage finished
24/12/31 11:33:19 INFO DAGScheduler: Job 3 finished: runJob at PythonRDD.scala:181, took 0.089113 s
24/12/31 11:33:19 INFO SparkContext: Starting job: runJob at PythonRDD.scala:181
24/12/31 11:33:19 INFO DAGScheduler: Got job 4 (runJob at PythonRDD.scala:181) with 1 output partitions
24/12/31 11:33:19 INFO DAGScheduler: Final stage: ResultStage 9 (runJob at PythonRDD.scala:181)
24/12/31 11:33:19 INFO DAGScheduler: Parents of final stage: List(ShuffleMapStage 8)
24/12/31 11:33:19 INFO DAGScheduler: Missing parents: List()
24/12/31 11:33:19 INFO DAGScheduler: Submitting ResultStage 9 (PythonRDD[11] at RDD at PythonRDD.scala:53), which has no missing parents
24/12/31 11:33:19 INFO MemoryStore: Block broadcast_6 stored as values in memory (estimated size 13.3 KiB, free 434.1 MiB)
24/12/31 11:33:19 INFO MemoryStore: Block broadcast_6_piece0 stored as bytes in memory (estimated size 7.7 KiB, free 434.1 MiB)
24/12/31 11:33:19 INFO BlockManagerInfo: Added broadcast_6_piece0 in memory on 192.168.29.182:39425 (size: 7.7 KiB, free: 434.3 MiB)
24/12/31 11:33:19 INFO SparkContext: Created broadcast 6 from broadcast at DAGScheduler.scala:1585
24/12/31 11:33:19 INFO DAGScheduler: Submitting 1 missing tasks from ResultStage 9 (PythonRDD[11] at RDD at PythonRDD.scala:53) (first 15 tasks are for partitions Vector(0))
24/12/31 11:33:19 INFO TaskSchedulerImpl: Adding task set 9.0 with 1 tasks resource profile 0
24/12/31 11:33:19 INFO TaskSetManager: Starting task 0.0 in stage 9.0 (TID 6) (192.168.29.182, executor driver, partition 0, PROCESS_LOCAL, 9093 bytes) 
24/12/31 11:33:19 INFO Executor: Running task 0.0 in stage 9.0 (TID 6)
24/12/31 11:33:19 INFO ShuffleBlockFetcherIterator: Getting 0 (0.0 B) non-empty blocks including 0 (0.0 B) local and 0 (0.0 B) host-local and 0 (0.0 B) push-merged-local and 0 (0.0 B) remote blocks
24/12/31 11:33:19 INFO ShuffleBlockFetcherIterator: Started 0 remote fetches in 2 ms
24/12/31 11:33:19 INFO PythonRunner: Times: total = 52, boot = 5, init = 47, finish = 0
24/12/31 11:33:19 INFO Executor: Finished task 0.0 in stage 9.0 (TID 6). 2057 bytes result sent to driver
24/12/31 11:33:19 INFO TaskSetManager: Finished task 0.0 in stage 9.0 (TID 6) in 68 ms on 192.168.29.182 (executor driver) (1/1)
24/12/31 11:33:19 INFO TaskSchedulerImpl: Removed TaskSet 9.0, whose tasks have all completed, from pool 
24/12/31 11:33:19 INFO DAGScheduler: ResultStage 9 (runJob at PythonRDD.scala:181) finished in 0.087 s
24/12/31 11:33:19 INFO DAGScheduler: Job 4 is finished. Cancelling potential speculative or zombie tasks for this job
24/12/31 11:33:19 INFO TaskSchedulerImpl: Killing all running tasks in stage 9: Stage finished
24/12/31 11:33:19 INFO DAGScheduler: Job 4 finished: runJob at PythonRDD.scala:181, took 0.096270 s
24/12/31 11:33:19 INFO SparkContext: Starting job: runJob at PythonRDD.scala:181
24/12/31 11:33:19 INFO DAGScheduler: Got job 5 (runJob at PythonRDD.scala:181) with 1 output partitions
24/12/31 11:33:19 INFO DAGScheduler: Final stage: ResultStage 11 (runJob at PythonRDD.scala:181)
24/12/31 11:33:19 INFO DAGScheduler: Parents of final stage: List(ShuffleMapStage 10)
24/12/31 11:33:19 INFO DAGScheduler: Missing parents: List()
24/12/31 11:33:19 INFO DAGScheduler: Submitting ResultStage 11 (PythonRDD[12] at RDD at PythonRDD.scala:53), which has no missing parents
24/12/31 11:33:19 INFO MemoryStore: Block broadcast_7 stored as values in memory (estimated size 13.3 KiB, free 434.1 MiB)
24/12/31 11:33:19 INFO MemoryStore: Block broadcast_7_piece0 stored as bytes in memory (estimated size 7.7 KiB, free 434.1 MiB)
24/12/31 11:33:19 INFO BlockManagerInfo: Added broadcast_7_piece0 in memory on 192.168.29.182:39425 (size: 7.7 KiB, free: 434.3 MiB)
24/12/31 11:33:19 INFO SparkContext: Created broadcast 7 from broadcast at DAGScheduler.scala:1585
24/12/31 11:33:19 INFO DAGScheduler: Submitting 1 missing tasks from ResultStage 11 (PythonRDD[12] at RDD at PythonRDD.scala:53) (first 15 tasks are for partitions Vector(1))
24/12/31 11:33:19 INFO TaskSchedulerImpl: Adding task set 11.0 with 1 tasks resource profile 0
24/12/31 11:33:20 INFO TaskSetManager: Starting task 0.0 in stage 11.0 (TID 7) (192.168.29.182, executor driver, partition 1, NODE_LOCAL, 9093 bytes) 
24/12/31 11:33:20 INFO Executor: Running task 0.0 in stage 11.0 (TID 7)
24/12/31 11:33:20 INFO ShuffleBlockFetcherIterator: Getting 2 (1083.0 B) non-empty blocks including 2 (1083.0 B) local and 0 (0.0 B) host-local and 0 (0.0 B) push-merged-local and 0 (0.0 B) remote blocks
24/12/31 11:33:20 INFO ShuffleBlockFetcherIterator: Started 0 remote fetches in 2 ms
24/12/31 11:33:20 INFO PythonRunner: Times: total = 45, boot = -38, init = 81, finish = 2
24/12/31 11:33:20 INFO BlockManagerInfo: Removed broadcast_5_piece0 on 192.168.29.182:39425 in memory (size: 7.5 KiB, free: 434.3 MiB)
24/12/31 11:33:20 INFO Executor: Finished task 0.0 in stage 11.0 (TID 7). 11791 bytes result sent to driver
24/12/31 11:33:20 INFO TaskSetManager: Finished task 0.0 in stage 11.0 (TID 7) in 69 ms on 192.168.29.182 (executor driver) (1/1)
24/12/31 11:33:20 INFO TaskSchedulerImpl: Removed TaskSet 11.0, whose tasks have all completed, from pool 
24/12/31 11:33:20 INFO DAGScheduler: ResultStage 11 (runJob at PythonRDD.scala:181) finished in 0.083 s
24/12/31 11:33:20 INFO DAGScheduler: Job 5 is finished. Cancelling potential speculative or zombie tasks for this job
24/12/31 11:33:20 INFO TaskSchedulerImpl: Killing all running tasks in stage 11: Stage finished
24/12/31 11:33:20 INFO DAGScheduler: Job 5 finished: runJob at PythonRDD.scala:181, took 0.088558 s
24/12/31 11:33:20 INFO BlockManagerInfo: Removed broadcast_6_piece0 on 192.168.29.182:39425 in memory (size: 7.7 KiB, free: 434.3 MiB)
24/12/31 11:33:20 INFO BlockManagerInfo: Removed broadcast_4_piece0 on 192.168.29.182:39425 in memory (size: 7.5 KiB, free: 434.4 MiB)
24/12/31 11:33:20 INFO BlockManagerInfo: Removed broadcast_3_piece0 on 192.168.29.182:39425 in memory (size: 5.7 KiB, free: 434.4 MiB)
24/12/31 11:33:20 INFO SparkContext: Starting job: runJob at PythonRDD.scala:181
24/12/31 11:33:20 INFO DAGScheduler: Got job 6 (runJob at PythonRDD.scala:181) with 1 output partitions
24/12/31 11:33:20 INFO DAGScheduler: Final stage: ResultStage 13 (runJob at PythonRDD.scala:181)
24/12/31 11:33:20 INFO DAGScheduler: Parents of final stage: List(ShuffleMapStage 12)
24/12/31 11:33:20 INFO DAGScheduler: Missing parents: List()
24/12/31 11:33:20 INFO DAGScheduler: Submitting ResultStage 13 (PythonRDD[13] at RDD at PythonRDD.scala:53), which has no missing parents
24/12/31 11:33:20 INFO MemoryStore: Block broadcast_8 stored as values in memory (estimated size 13.6 KiB, free 434.1 MiB)
24/12/31 11:33:20 INFO MemoryStore: Block broadcast_8_piece0 stored as bytes in memory (estimated size 7.7 KiB, free 434.1 MiB)
24/12/31 11:33:20 INFO BlockManagerInfo: Added broadcast_8_piece0 in memory on 192.168.29.182:39425 (size: 7.7 KiB, free: 434.4 MiB)
24/12/31 11:33:20 INFO SparkContext: Created broadcast 8 from broadcast at DAGScheduler.scala:1585
24/12/31 11:33:20 INFO DAGScheduler: Submitting 1 missing tasks from ResultStage 13 (PythonRDD[13] at RDD at PythonRDD.scala:53) (first 15 tasks are for partitions Vector(0))
24/12/31 11:33:20 INFO TaskSchedulerImpl: Adding task set 13.0 with 1 tasks resource profile 0
24/12/31 11:33:20 INFO TaskSetManager: Starting task 0.0 in stage 13.0 (TID 8) (192.168.29.182, executor driver, partition 0, PROCESS_LOCAL, 9093 bytes) 
24/12/31 11:33:20 INFO Executor: Running task 0.0 in stage 13.0 (TID 8)
24/12/31 11:33:20 INFO ShuffleBlockFetcherIterator: Getting 0 (0.0 B) non-empty blocks including 0 (0.0 B) local and 0 (0.0 B) host-local and 0 (0.0 B) push-merged-local and 0 (0.0 B) remote blocks
24/12/31 11:33:20 INFO ShuffleBlockFetcherIterator: Started 0 remote fetches in 1 ms
24/12/31 11:33:20 INFO PythonRunner: Times: total = 59, boot = 7, init = 51, finish = 1
24/12/31 11:33:20 INFO Executor: Finished task 0.0 in stage 13.0 (TID 8). 2014 bytes result sent to driver
24/12/31 11:33:20 INFO TaskSetManager: Finished task 0.0 in stage 13.0 (TID 8) in 73 ms on 192.168.29.182 (executor driver) (1/1)
24/12/31 11:33:20 INFO TaskSchedulerImpl: Removed TaskSet 13.0, whose tasks have all completed, from pool 
24/12/31 11:33:20 INFO DAGScheduler: ResultStage 13 (runJob at PythonRDD.scala:181) finished in 0.087 s
24/12/31 11:33:20 INFO DAGScheduler: Job 6 is finished. Cancelling potential speculative or zombie tasks for this job
24/12/31 11:33:20 INFO TaskSchedulerImpl: Killing all running tasks in stage 13: Stage finished
24/12/31 11:33:20 INFO DAGScheduler: Job 6 finished: runJob at PythonRDD.scala:181, took 0.096432 s
24/12/31 11:33:20 INFO SparkContext: Starting job: runJob at PythonRDD.scala:181
24/12/31 11:33:20 INFO DAGScheduler: Got job 7 (runJob at PythonRDD.scala:181) with 1 output partitions
24/12/31 11:33:20 INFO DAGScheduler: Final stage: ResultStage 15 (runJob at PythonRDD.scala:181)
24/12/31 11:33:20 INFO DAGScheduler: Parents of final stage: List(ShuffleMapStage 14)
24/12/31 11:33:20 INFO DAGScheduler: Missing parents: List()
24/12/31 11:33:20 INFO DAGScheduler: Submitting ResultStage 15 (PythonRDD[14] at RDD at PythonRDD.scala:53), which has no missing parents
24/12/31 11:33:20 INFO MemoryStore: Block broadcast_9 stored as values in memory (estimated size 13.6 KiB, free 434.1 MiB)
24/12/31 11:33:20 INFO MemoryStore: Block broadcast_9_piece0 stored as bytes in memory (estimated size 7.7 KiB, free 434.1 MiB)
24/12/31 11:33:20 INFO BlockManagerInfo: Added broadcast_9_piece0 in memory on 192.168.29.182:39425 (size: 7.7 KiB, free: 434.3 MiB)
24/12/31 11:33:20 INFO SparkContext: Created broadcast 9 from broadcast at DAGScheduler.scala:1585
24/12/31 11:33:20 INFO DAGScheduler: Submitting 1 missing tasks from ResultStage 15 (PythonRDD[14] at RDD at PythonRDD.scala:53) (first 15 tasks are for partitions Vector(1))
24/12/31 11:33:20 INFO TaskSchedulerImpl: Adding task set 15.0 with 1 tasks resource profile 0
24/12/31 11:33:20 INFO TaskSetManager: Starting task 0.0 in stage 15.0 (TID 9) (192.168.29.182, executor driver, partition 1, NODE_LOCAL, 9093 bytes) 
24/12/31 11:33:20 INFO Executor: Running task 0.0 in stage 15.0 (TID 9)
24/12/31 11:33:20 INFO ShuffleBlockFetcherIterator: Getting 2 (1083.0 B) non-empty blocks including 2 (1083.0 B) local and 0 (0.0 B) host-local and 0 (0.0 B) push-merged-local and 0 (0.0 B) remote blocks
24/12/31 11:33:20 INFO ShuffleBlockFetcherIterator: Started 0 remote fetches in 1 ms
24/12/31 11:33:20 INFO PythonRunner: Times: total = 43, boot = -27, init = 70, finish = 0
24/12/31 11:33:20 INFO Executor: Finished task 0.0 in stage 15.0 (TID 9). 2198 bytes result sent to driver
24/12/31 11:33:20 INFO TaskSetManager: Finished task 0.0 in stage 15.0 (TID 9) in 55 ms on 192.168.29.182 (executor driver) (1/1)
24/12/31 11:33:20 INFO TaskSchedulerImpl: Removed TaskSet 15.0, whose tasks have all completed, from pool 
24/12/31 11:33:20 INFO DAGScheduler: ResultStage 15 (runJob at PythonRDD.scala:181) finished in 0.065 s
24/12/31 11:33:20 INFO DAGScheduler: Job 7 is finished. Cancelling potential speculative or zombie tasks for this job
24/12/31 11:33:20 INFO TaskSchedulerImpl: Killing all running tasks in stage 15: Stage finished
24/12/31 11:33:20 INFO DAGScheduler: Job 7 finished: runJob at PythonRDD.scala:181, took 0.072108 s
24/12/31 11:33:20 INFO SparkContext: Starting job: collect at /home/bidut/Desktop/dev/pyspark_learn/Course01Learn/02-HelloRDD/HelloRDD.py:50
24/12/31 11:33:20 INFO DAGScheduler: Registering RDD 16 (reduceByKey at /home/bidut/Desktop/dev/pyspark_learn/Course01Learn/02-HelloRDD/HelloRDD.py:49) as input to shuffle 1
24/12/31 11:33:20 INFO DAGScheduler: Got job 8 (collect at /home/bidut/Desktop/dev/pyspark_learn/Course01Learn/02-HelloRDD/HelloRDD.py:50) with 2 output partitions
24/12/31 11:33:20 INFO DAGScheduler: Final stage: ResultStage 18 (collect at /home/bidut/Desktop/dev/pyspark_learn/Course01Learn/02-HelloRDD/HelloRDD.py:50)
24/12/31 11:33:20 INFO DAGScheduler: Parents of final stage: List(ShuffleMapStage 17)
24/12/31 11:33:20 INFO DAGScheduler: Missing parents: List(ShuffleMapStage 17)
24/12/31 11:33:20 INFO DAGScheduler: Submitting ShuffleMapStage 17 (PairwiseRDD[16] at reduceByKey at /home/bidut/Desktop/dev/pyspark_learn/Course01Learn/02-HelloRDD/HelloRDD.py:49), which has no missing parents
24/12/31 11:33:20 INFO MemoryStore: Block broadcast_10 stored as values in memory (estimated size 16.0 KiB, free 434.1 MiB)
24/12/31 11:33:20 INFO MemoryStore: Block broadcast_10_piece0 stored as bytes in memory (estimated size 9.2 KiB, free 434.1 MiB)
24/12/31 11:33:20 INFO BlockManagerInfo: Added broadcast_10_piece0 in memory on 192.168.29.182:39425 (size: 9.2 KiB, free: 434.3 MiB)
24/12/31 11:33:20 INFO SparkContext: Created broadcast 10 from broadcast at DAGScheduler.scala:1585
24/12/31 11:33:20 INFO DAGScheduler: Submitting 2 missing tasks from ShuffleMapStage 17 (PairwiseRDD[16] at reduceByKey at /home/bidut/Desktop/dev/pyspark_learn/Course01Learn/02-HelloRDD/HelloRDD.py:49) (first 15 tasks are for partitions Vector(0, 1))
24/12/31 11:33:20 INFO TaskSchedulerImpl: Adding task set 17.0 with 2 tasks resource profile 0
24/12/31 11:33:20 INFO TaskSetManager: Starting task 1.0 in stage 17.0 (TID 10) (192.168.29.182, executor driver, partition 1, NODE_LOCAL, 9082 bytes) 
24/12/31 11:33:20 INFO TaskSetManager: Starting task 0.0 in stage 17.0 (TID 11) (192.168.29.182, executor driver, partition 0, PROCESS_LOCAL, 9082 bytes) 
24/12/31 11:33:20 INFO Executor: Running task 1.0 in stage 17.0 (TID 10)
24/12/31 11:33:20 INFO Executor: Running task 0.0 in stage 17.0 (TID 11)
24/12/31 11:33:20 INFO ShuffleBlockFetcherIterator: Getting 2 (1083.0 B) non-empty blocks including 2 (1083.0 B) local and 0 (0.0 B) host-local and 0 (0.0 B) push-merged-local and 0 (0.0 B) remote blocks
24/12/31 11:33:20 INFO ShuffleBlockFetcherIterator: Started 0 remote fetches in 2 ms
24/12/31 11:33:20 INFO ShuffleBlockFetcherIterator: Getting 0 (0.0 B) non-empty blocks including 0 (0.0 B) local and 0 (0.0 B) host-local and 0 (0.0 B) push-merged-local and 0 (0.0 B) remote blocks
24/12/31 11:33:20 INFO ShuffleBlockFetcherIterator: Started 0 remote fetches in 1 ms
24/12/31 11:33:20 INFO PythonRunner: Times: total = 62, boot = 11, init = 49, finish = 2
24/12/31 11:33:20 INFO PythonRunner: Times: total = 58, boot = 6, init = 51, finish = 1
24/12/31 11:33:20 INFO Executor: Finished task 0.0 in stage 17.0 (TID 11). 2099 bytes result sent to driver
24/12/31 11:33:20 INFO TaskSetManager: Finished task 0.0 in stage 17.0 (TID 11) in 80 ms on 192.168.29.182 (executor driver) (1/2)
24/12/31 11:33:20 INFO Executor: Finished task 1.0 in stage 17.0 (TID 10). 2271 bytes result sent to driver
24/12/31 11:33:20 INFO TaskSetManager: Finished task 1.0 in stage 17.0 (TID 10) in 85 ms on 192.168.29.182 (executor driver) (2/2)
24/12/31 11:33:20 INFO TaskSchedulerImpl: Removed TaskSet 17.0, whose tasks have all completed, from pool 
24/12/31 11:33:20 INFO DAGScheduler: ShuffleMapStage 17 (reduceByKey at /home/bidut/Desktop/dev/pyspark_learn/Course01Learn/02-HelloRDD/HelloRDD.py:49) finished in 0.096 s
24/12/31 11:33:20 INFO DAGScheduler: looking for newly runnable stages
24/12/31 11:33:20 INFO DAGScheduler: running: Set()
24/12/31 11:33:20 INFO DAGScheduler: waiting: Set(ResultStage 18)
24/12/31 11:33:20 INFO DAGScheduler: failed: Set()
24/12/31 11:33:20 INFO DAGScheduler: Submitting ResultStage 18 (PythonRDD[19] at collect at /home/bidut/Desktop/dev/pyspark_learn/Course01Learn/02-HelloRDD/HelloRDD.py:50), which has no missing parents
24/12/31 11:33:20 INFO MemoryStore: Block broadcast_11 stored as values in memory (estimated size 9.9 KiB, free 434.1 MiB)
24/12/31 11:33:20 INFO MemoryStore: Block broadcast_11_piece0 stored as bytes in memory (estimated size 5.9 KiB, free 434.0 MiB)
24/12/31 11:33:20 INFO BlockManagerInfo: Added broadcast_11_piece0 in memory on 192.168.29.182:39425 (size: 5.9 KiB, free: 434.3 MiB)
24/12/31 11:33:20 INFO SparkContext: Created broadcast 11 from broadcast at DAGScheduler.scala:1585
24/12/31 11:33:20 INFO BlockManagerInfo: Removed broadcast_9_piece0 on 192.168.29.182:39425 in memory (size: 7.7 KiB, free: 434.3 MiB)
24/12/31 11:33:20 INFO DAGScheduler: Submitting 2 missing tasks from ResultStage 18 (PythonRDD[19] at collect at /home/bidut/Desktop/dev/pyspark_learn/Course01Learn/02-HelloRDD/HelloRDD.py:50) (first 15 tasks are for partitions Vector(0, 1))
24/12/31 11:33:20 INFO TaskSchedulerImpl: Adding task set 18.0 with 2 tasks resource profile 0
24/12/31 11:33:20 INFO TaskSetManager: Starting task 0.0 in stage 18.0 (TID 12) (192.168.29.182, executor driver, partition 0, NODE_LOCAL, 8817 bytes) 
24/12/31 11:33:20 INFO TaskSetManager: Starting task 1.0 in stage 18.0 (TID 13) (192.168.29.182, executor driver, partition 1, NODE_LOCAL, 8817 bytes) 
24/12/31 11:33:20 INFO Executor: Running task 1.0 in stage 18.0 (TID 13)
24/12/31 11:33:20 INFO Executor: Running task 0.0 in stage 18.0 (TID 12)
24/12/31 11:33:20 INFO BlockManagerInfo: Removed broadcast_8_piece0 on 192.168.29.182:39425 in memory (size: 7.7 KiB, free: 434.3 MiB)
24/12/31 11:33:20 INFO BlockManagerInfo: Removed broadcast_7_piece0 on 192.168.29.182:39425 in memory (size: 7.7 KiB, free: 434.4 MiB)
24/12/31 11:33:20 INFO ShuffleBlockFetcherIterator: Getting 1 (88.0 B) non-empty blocks including 1 (88.0 B) local and 0 (0.0 B) host-local and 0 (0.0 B) push-merged-local and 0 (0.0 B) remote blocks
24/12/31 11:33:20 INFO ShuffleBlockFetcherIterator: Getting 1 (106.0 B) non-empty blocks including 1 (106.0 B) local and 0 (0.0 B) host-local and 0 (0.0 B) push-merged-local and 0 (0.0 B) remote blocks
24/12/31 11:33:20 INFO ShuffleBlockFetcherIterator: Started 0 remote fetches in 0 ms
24/12/31 11:33:20 INFO ShuffleBlockFetcherIterator: Started 0 remote fetches in 0 ms
24/12/31 11:33:20 INFO PythonRunner: Times: total = 42, boot = -42, init = 84, finish = 0
24/12/31 11:33:20 INFO PythonRunner: Times: total = 44, boot = -31, init = 74, finish = 1
24/12/31 11:33:20 INFO Executor: Finished task 1.0 in stage 18.0 (TID 13). 2111 bytes result sent to driver
24/12/31 11:33:20 INFO Executor: Finished task 0.0 in stage 18.0 (TID 12). 2072 bytes result sent to driver
24/12/31 11:33:20 INFO TaskSetManager: Finished task 1.0 in stage 18.0 (TID 13) in 78 ms on 192.168.29.182 (executor driver) (1/2)
24/12/31 11:33:20 INFO TaskSetManager: Finished task 0.0 in stage 18.0 (TID 12) in 80 ms on 192.168.29.182 (executor driver) (2/2)
24/12/31 11:33:20 INFO TaskSchedulerImpl: Removed TaskSet 18.0, whose tasks have all completed, from pool 
24/12/31 11:33:20 INFO DAGScheduler: ResultStage 18 (collect at /home/bidut/Desktop/dev/pyspark_learn/Course01Learn/02-HelloRDD/HelloRDD.py:50) finished in 0.101 s
24/12/31 11:33:20 INFO DAGScheduler: Job 8 is finished. Cancelling potential speculative or zombie tasks for this job
24/12/31 11:33:20 INFO TaskSchedulerImpl: Killing all running tasks in stage 18: Stage finished
24/12/31 11:33:20 INFO DAGScheduler: Job 8 finished: collect at /home/bidut/Desktop/dev/pyspark_learn/Course01Learn/02-HelloRDD/HelloRDD.py:50, took 0.212188 s
24/12/31 11:33:20 INFO SparkContext: Starting job: collect at /home/bidut/Desktop/dev/pyspark_learn/Course01Learn/02-HelloRDD/HelloRDD.py:52
24/12/31 11:33:20 INFO DAGScheduler: Got job 9 (collect at /home/bidut/Desktop/dev/pyspark_learn/Course01Learn/02-HelloRDD/HelloRDD.py:52) with 2 output partitions
24/12/31 11:33:20 INFO DAGScheduler: Final stage: ResultStage 21 (collect at /home/bidut/Desktop/dev/pyspark_learn/Course01Learn/02-HelloRDD/HelloRDD.py:52)
24/12/31 11:33:20 INFO DAGScheduler: Parents of final stage: List(ShuffleMapStage 20)
24/12/31 11:33:20 INFO DAGScheduler: Missing parents: List()
24/12/31 11:33:20 INFO DAGScheduler: Submitting ResultStage 21 (PythonRDD[19] at collect at /home/bidut/Desktop/dev/pyspark_learn/Course01Learn/02-HelloRDD/HelloRDD.py:50), which has no missing parents
24/12/31 11:33:20 INFO MemoryStore: Block broadcast_12 stored as values in memory (estimated size 9.9 KiB, free 434.1 MiB)
24/12/31 11:33:20 INFO MemoryStore: Block broadcast_12_piece0 stored as bytes in memory (estimated size 5.9 KiB, free 434.1 MiB)
24/12/31 11:33:20 INFO BlockManagerInfo: Added broadcast_12_piece0 in memory on 192.168.29.182:39425 (size: 5.9 KiB, free: 434.3 MiB)
24/12/31 11:33:20 INFO SparkContext: Created broadcast 12 from broadcast at DAGScheduler.scala:1585
24/12/31 11:33:20 INFO DAGScheduler: Submitting 2 missing tasks from ResultStage 21 (PythonRDD[19] at collect at /home/bidut/Desktop/dev/pyspark_learn/Course01Learn/02-HelloRDD/HelloRDD.py:50) (first 15 tasks are for partitions Vector(0, 1))
24/12/31 11:33:20 INFO TaskSchedulerImpl: Adding task set 21.0 with 2 tasks resource profile 0
24/12/31 11:33:20 INFO TaskSetManager: Starting task 0.0 in stage 21.0 (TID 14) (192.168.29.182, executor driver, partition 0, NODE_LOCAL, 8817 bytes) 
24/12/31 11:33:20 INFO TaskSetManager: Starting task 1.0 in stage 21.0 (TID 15) (192.168.29.182, executor driver, partition 1, NODE_LOCAL, 8817 bytes) 
24/12/31 11:33:20 INFO Executor: Running task 0.0 in stage 21.0 (TID 14)
24/12/31 11:33:20 INFO Executor: Running task 1.0 in stage 21.0 (TID 15)
24/12/31 11:33:20 INFO ShuffleBlockFetcherIterator: Getting 1 (88.0 B) non-empty blocks including 1 (88.0 B) local and 0 (0.0 B) host-local and 0 (0.0 B) push-merged-local and 0 (0.0 B) remote blocks
24/12/31 11:33:20 INFO ShuffleBlockFetcherIterator: Started 0 remote fetches in 0 ms
24/12/31 11:33:20 INFO ShuffleBlockFetcherIterator: Getting 1 (106.0 B) non-empty blocks including 1 (106.0 B) local and 0 (0.0 B) host-local and 0 (0.0 B) push-merged-local and 0 (0.0 B) remote blocks
24/12/31 11:33:20 INFO ShuffleBlockFetcherIterator: Started 0 remote fetches in 1 ms
24/12/31 11:33:20 INFO PythonRunner: Times: total = 43, boot = -40, init = 83, finish = 0
24/12/31 11:33:20 INFO Executor: Finished task 0.0 in stage 21.0 (TID 14). 2072 bytes result sent to driver
24/12/31 11:33:20 INFO PythonRunner: Times: total = 45, boot = -42, init = 86, finish = 1
24/12/31 11:33:20 INFO TaskSetManager: Finished task 0.0 in stage 21.0 (TID 14) in 60 ms on 192.168.29.182 (executor driver) (1/2)
24/12/31 11:33:20 INFO Executor: Finished task 1.0 in stage 21.0 (TID 15). 2111 bytes result sent to driver
24/12/31 11:33:20 INFO TaskSetManager: Finished task 1.0 in stage 21.0 (TID 15) in 63 ms on 192.168.29.182 (executor driver) (2/2)
24/12/31 11:33:20 INFO TaskSchedulerImpl: Removed TaskSet 21.0, whose tasks have all completed, from pool 
24/12/31 11:33:20 INFO DAGScheduler: ResultStage 21 (collect at /home/bidut/Desktop/dev/pyspark_learn/Course01Learn/02-HelloRDD/HelloRDD.py:52) finished in 0.075 s
24/12/31 11:33:20 INFO DAGScheduler: Job 9 is finished. Cancelling potential speculative or zombie tasks for this job
24/12/31 11:33:20 INFO TaskSchedulerImpl: Killing all running tasks in stage 21: Stage finished
24/12/31 11:33:20 INFO DAGScheduler: Job 9 finished: collect at /home/bidut/Desktop/dev/pyspark_learn/Course01Learn/02-HelloRDD/HelloRDD.py:52, took 0.083701 s
24/12/31 11:33:20 INFO SparkContext: Invoking stop() from shutdown hook
24/12/31 11:33:20 INFO SparkContext: SparkContext is stopping with exitCode 0.
24/12/31 11:33:20 INFO AbstractConnector: Stopped Spark@51267d5{HTTP/1.1, (http/1.1)}{0.0.0.0:4041}
24/12/31 11:33:20 INFO SparkUI: Stopped Spark web UI at http://192.168.29.182:4041
24/12/31 11:33:20 INFO MapOutputTrackerMasterEndpoint: MapOutputTrackerMasterEndpoint stopped!
24/12/31 11:33:20 INFO MemoryStore: MemoryStore cleared
24/12/31 11:33:20 INFO BlockManager: BlockManager stopped
24/12/31 11:33:20 INFO BlockManagerMaster: BlockManagerMaster stopped
24/12/31 11:33:20 INFO OutputCommitCoordinator$OutputCommitCoordinatorEndpoint: OutputCommitCoordinator stopped!
24/12/31 11:33:20 INFO SparkContext: Successfully stopped SparkContext
24/12/31 11:33:20 INFO ShutdownHookManager: Shutdown hook called
24/12/31 11:33:20 INFO ShutdownHookManager: Deleting directory /tmp/spark-15764e16-3b66-49d5-bb84-230dc685b5de/pyspark-e87df963-8179-4935-a8c9-39317790488d
24/12/31 11:33:20 INFO ShutdownHookManager: Deleting directory /tmp/spark-4db66fc7-36e3-4b48-959f-725a4d6e46a3
24/12/31 11:33:20 INFO ShutdownHookManager: Deleting directory /tmp/spark-15764e16-3b66-49d5-bb84-230dc685b5de
